restaurantName|reviewerId|rating|reviewDate
Typisch Thai|ManuelaW590|5|2023-01-30
Typisch Thai|simonahaenzi|5|2022-12-09
Typisch Thai|Andreija21|5|2022-08-02
Typisch Thai|513gilbertes|4|2019-11-04
Typisch Thai|weiler_tom|1|2019-09-10
Typisch Thai|scorbisi|1|2019-06-18
Typisch Thai|Lorino75|1|2019-05-29
Typisch Thai|655elisabethh|3|2019-03-26
Typisch Thai|E2426VQ|4|2019-03-07
Typisch Thai|SchallUndRauch|2|2019-03-05
Typisch Thai|LucaP3891|3|2019-02-19
Typisch Thai|ucky1199|2|2019-01-04
Typisch Thai|ziskaemily|5|2018-02-03
Typisch Thai|Chrigel2014|4|2018-01-24
Typisch Thai|janices879|4|2017-11-18
Typisch Thai|Friederike58|4|2017-09-06
Typisch Thai|486jeannineb|5|2017-02-24
Typisch Thai|Mustardkitten|4|2017-02-20
Typisch Thai|jobinoy|3|2017-01-04
Typisch Thai|Singesan|4|2016-06-28
Typisch Thai|juniormejia1989|5|2016-05-05
Typisch Thai|marcwyler2|5|2016-04-17
Typisch Thai|augundohr1|4|2016-02-13
Typisch Thai|hilippS226|4|2015-12-17
Typisch Thai|Roebi71|4|2015-11-25
Typisch Thai|dlovingaddict|1|2015-10-22
Typisch Thai|kiwijazz|4|2015-07-14
Typisch Thai|g1na|2|2015-06-04
Typisch Thai|RetoG248|3|2015-03-25
Typisch Thai|Michelis_8360|5|2015-02-09
Typisch Thai|michaelsX6571GM|4|2015-01-18
Typisch Thai|Inappix|3|2014-08-26
Typisch Thai|mhaefeli|4|2014-07-01
Typisch Thai|GeriM489|3|2014-01-22
Typisch Thai|865DanielC|5|2013-12-22
Typisch Thai|arisjosef|1|2013-10-26
Typisch Thai|374andreash|2|2013-08-13
Typisch Thai|adia11|3|2013-06-23
Typisch Thai|aderico|2|2013-06-09
Typisch Thai|Meerrauschen|4|2012-11-07
Typisch Thai|Feinschmecker_Paar|3|2012-07-10
Typisch Thai|BeKuRo|3|2012-07-02
Typisch Thai|Radvila|3|2012-04-24
Typisch Thai|dg_tipps|5|2010-10-14
Typisch Thai|piiit|4|2010-10-11
Typisch Thai|pooniepie|4|2020-03-09
Typisch Thai|Apenzeller|4|2018-08-06
Typisch Thai|FrankGeisler|3|2017-01-05
Typisch Thai|marcovandaal|5|2015-08-04
Typisch Thai|Morrovalle|2|2013-07-01
Typisch Thai|kuedek|2|2012-05-26
Kafi Ziegelstei|tobiasvE6884NC|5|2024-05-14
Kafi Ziegelstei|ClaudeJaermann|5|2022-09-04
Kafi Ziegelstei|honestPi|5|2022-01-12
Kafi Ziegelstei|Tokenminer|5|2021-09-27
Domino’s Pizza|713ursa|1|2019-10-19
Brauhaus Winterthur|Guide62192233952|5|2024-07-14
Brauhaus Winterthur|SusanneK2346|2|2024-06-13
Brauhaus Winterthur|EWander9|2|2024-04-21
Brauhaus Winterthur|vxlvxc|4|2024-03-13
Brauhaus Winterthur|Seaside08525121628|1|2023-05-28
Brauhaus Winterthur|jolandas811|5|2023-03-25
Brauhaus Winterthur|amueller123|5|2022-11-03
Brauhaus Winterthur|KBerg-Senautka|4|2022-08-03
Brauhaus Winterthur|845natashau|5|2022-02-26
Brauhaus Winterthur|connys757|3|2021-10-15
Brauhaus Winterthur|MarkusH3053|5|2021-06-27
Brauhaus Winterthur|Suri-from-Winterthur|1|2021-06-15
Brauhaus Winterthur|Chris_Roitzschjora|5|2021-06-07
Brauhaus Winterthur|assenger54981992779|5|2020-08-14
Brauhaus Winterthur|MartinaS3971|1|2020-07-18
Brauhaus Winterthur|Satoriosaka|3|2020-02-24
Brauhaus Winterthur|CorneliaL632|3|2020-02-11
Brauhaus Winterthur|TravelNishi|1|2020-01-23
Brauhaus Winterthur|807rolfh|5|2019-09-04
Brauhaus Winterthur|waltik2013|5|2019-08-23
Brauhaus Winterthur|tonybellwald|4|2019-05-18
Brauhaus Winterthur|Jochanan658|5|2019-04-29
Brauhaus Winterthur|Kiddy12|4|2019-04-08
Brauhaus Winterthur|Buddha92|5|2019-03-08
Brauhaus Winterthur|Lopezoli|5|2019-03-07
Brauhaus Winterthur|Boreas95|5|2019-03-07
Brauhaus Winterthur|pascalscheiwiler|5|2019-03-07
Brauhaus Winterthur|ascalG2074|5|2019-03-07
Brauhaus Winterthur|FamuBusinessReisen|3|2019-02-28
Brauhaus Winterthur|Skarholt|4|2019-02-26
Brauhaus Winterthur|EditionTwo|4|2019-02-12
Brauhaus Winterthur|492fsb|2|2019-02-01
Brauhaus Winterthur|sabrinama93|2|2019-01-18
Brauhaus Winterthur|vladomilic|4|2018-12-11
Brauhaus Winterthur|542rogerr|4|2018-12-02
Brauhaus Winterthur|georgf387|2|2018-11-13
Brauhaus Winterthur|patricklZ4290BX|5|2018-11-10
Brauhaus Winterthur|adrian10_12|4|2018-11-05
Brauhaus Winterthur|OKKO1971|5|2018-08-21
Brauhaus Winterthur|867ursk|2|2018-08-18
Brauhaus Winterthur|pionier8|3|2018-08-09
Brauhaus Winterthur|542rogerr|5|2018-07-27
Brauhaus Winterthur|sashirai|5|2018-06-17
Brauhaus Winterthur|Expedition97515|5|2018-06-17
Brauhaus Winterthur|ANSGAR_SCHAEFER|5|2018-06-15
Brauhaus Winterthur|Wintigirl323|1|2018-06-10
Brauhaus Winterthur|XELA91|2|2018-05-27
Brauhaus Winterthur|Mezler|2|2018-05-06
Brauhaus Winterthur|muhurr|3|2018-04-17
Brauhaus Winterthur|michi_jakob|1|2018-04-14
Brauhaus Winterthur|JanH5435|2|2018-04-14
Brauhaus Winterthur|Vally1313|3|2018-03-03
Brauhaus Winterthur|713ursa|4|2018-03-02
Brauhaus Winterthur|BienZh|5|2018-02-12
Brauhaus Winterthur|973yvesc|5|2018-02-07
Brauhaus Winterthur|Dyevox|5|2018-01-27
Brauhaus Winterthur|chraebsrolae|4|2017-12-01
Brauhaus Winterthur|_roth_hofer|4|2017-11-27
Brauhaus Winterthur|janices879|3|2017-11-18
Brauhaus Winterthur|Summerwind_87|4|2017-11-09
Brauhaus Winterthur|helendL6997CN|2|2017-11-06
Brauhaus Winterthur|Romifers|2|2017-09-26
Brauhaus Winterthur|Fischlin|5|2017-09-15
Brauhaus Winterthur|795dennyss|5|2017-09-12
Brauhaus Winterthur|boder50|5|2017-09-11
Brauhaus Winterthur|Curious665312|4|2017-09-08
Brauhaus Winterthur|jasmins963|4|2017-08-22
Brauhaus Winterthur|colourmessi|2|2017-08-09
Brauhaus Winterthur|101andreasz|1|2017-07-21
Brauhaus Winterthur|katiCH17|4|2017-07-19
Brauhaus Winterthur|ceandriver72|4|2017-07-12
Brauhaus Winterthur|senblog|5|2017-06-10
Brauhaus Winterthur|Dreamer180856|1|2017-06-04
Brauhaus Winterthur|sakas74|4|2017-06-03
Brauhaus Winterthur|542rogerr|4|2017-05-27
Brauhaus Winterthur|675angelikag|5|2017-05-17
Brauhaus Winterthur|Flugelch|5|2017-05-15
Brauhaus Winterthur|alemeier2016|4|2017-05-10
Brauhaus Winterthur|Tikitom_Casper|5|2017-05-04
Brauhaus Winterthur|t0c|4|2017-04-28
Brauhaus Winterthur|Globalsuisse|5|2017-04-12
Brauhaus Winterthur|AnnaLeeW61|3|2017-04-05
Brauhaus Winterthur|DanielE924|4|2017-03-03
Brauhaus Winterthur|SusanneK2346|5|2017-02-13
Brauhaus Winterthur|ThomasF4951|2|2017-01-20
Brauhaus Winterthur|R093R|4|2016-10-19
Brauhaus Winterthur|jschinke1067|4|2016-09-13
Brauhaus Winterthur|483heinzb|4|2016-08-20
Brauhaus Winterthur|12WernerN|3|2016-08-15
Brauhaus Winterthur|JuiceJus|2|2016-07-21
Brauhaus Winterthur|RockyGirl83|4|2016-07-20
Brauhaus Winterthur|Wittyarwen|2|2016-07-16
Brauhaus Winterthur|winthorp35|3|2016-07-15
Brauhaus Winterthur|Hicking_Sock|3|2016-06-24
Brauhaus Winterthur|peterrD6014JM|5|2016-05-10
Brauhaus Winterthur|Thomas55588|4|2016-04-24
Brauhaus Winterthur|Biddah|5|2016-04-21
Brauhaus Winterthur|harders2015|3|2016-03-27
Brauhaus Winterthur|dodolauti|4|2016-02-09
Brauhaus Winterthur|MrThomasR|4|2016-02-02
Brauhaus Winterthur|dank770|2|2016-02-01
Brauhaus Winterthur|RockyGirl83|5|2016-01-28
Brauhaus Winterthur|peterrD6014JM|5|2016-01-25
Brauhaus Winterthur|swissy1983|1|2016-01-23
Brauhaus Winterthur|zuelle59|5|2016-01-12
Brauhaus Winterthur|ChristopherD3196|5|2016-01-10
Brauhaus Winterthur|Michelis_8360|3|2015-12-21
Brauhaus Winterthur|Vespertilio|4|2015-11-17
Brauhaus Winterthur|verm204|5|2015-11-06
Brauhaus Winterthur|stegi4rex|4|2015-10-19
Brauhaus Winterthur|nice_swiss|5|2015-10-18
Brauhaus Winterthur|affaisa|3|2015-10-14
Brauhaus Winterthur|Suri-from-Winterthur|4|2015-09-10
Brauhaus Winterthur|vinunio|2|2015-07-22
Brauhaus Winterthur|Steibock|4|2015-05-11
Brauhaus Winterthur|Widmausl|4|2015-04-10
Brauhaus Winterthur|WernerB600|4|2015-03-17
Brauhaus Winterthur|sensoryaddicts|3|2015-02-01
Brauhaus Winterthur|22SandroF|3|2014-12-26
Brauhaus Winterthur|timop481|4|2014-12-19
Brauhaus Winterthur|zabethz649|1|2017-05-30
Brauhaus Winterthur|99Display_Name99|4|2017-05-20
Brauhaus Winterthur|Dublogach|5|2016-11-04
Brauhaus Winterthur|Mattia103|2|2016-09-25
Brauhaus Winterthur|adrianjones5|4|2016-09-19
Brauhaus Winterthur|br63|4|2016-09-17
Brauhaus Winterthur|472marcinm|4|2016-07-13
Brauhaus Winterthur|Swiss1981|4|2016-06-17
Brauhaus Winterthur|FormerCaliBoy|3|2015-10-23
Brauhaus Winterthur|maitai2203|5|2015-07-18
Schafli|940guidos|3|2024-08-15
Schafli|sandrahF4310YL|3|2024-06-21
Schafli|EvaO1425|5|2024-06-17
Schafli|JuliusO119|5|2024-06-17
Schafli|Compass04119869639|2|2024-04-05
Schafli|TrAvEL_ZiChEl|4|2023-12-15
Schafli|ancescoR3028|1|2023-07-18
Schafli|ReneLeu|4|2022-12-14
Schafli|trueffelch|3|2022-10-11
Schafli|163Stefan|4|2022-09-08
Schafli|Wander20477325790|2|2022-07-13
Schafli|Latinalady87|5|2022-06-05
Schafli|dropitlikeitshottt|5|2022-03-09
Schafli|SwissTouristFeedback|5|2022-01-09
Schafli|Mmaal|1|2021-07-09
Schafli|EdiBa683|4|2021-04-17
Schafli|BUW8400|4|2020-09-26
Schafli|Koniso|4|2020-09-01
Schafli|Grungoo|2|2020-08-15
Schafli|Heinz_Prag|5|2020-08-04
Schafli|hgutmann|3|2020-08-02
Schafli|970gerik|5|2020-07-25
Schafli|JessyTheSassy|4|2020-02-08
Schafli|TravelNishi|5|2020-01-23
Schafli|Travelaround2016|4|2020-01-13
Schafli|T9194RTpatrickp|2|2019-12-30
Schafli|8611948|5|2019-12-27
Schafli|ppin55|4|2019-11-24
Schafli|sg2019dh|3|2019-10-22
Schafli|826milanh|2|2019-09-07
Schafli|S_2603|3|2019-08-28
Schafli|christophm259|1|2019-08-18
Schafli|nates825|3|2019-07-09
Schafli|sabinesQ7096KP|1|2019-06-29
Schafli|SonjaParisienne|3|2019-06-28
Schafli|pulmi04|4|2019-03-24
Schafli|FamuBusinessReisen|4|2019-01-15
Schafli|schtummi|4|2018-10-06
Schafli|auackerpflug|1|2018-06-30
Schafli|Largo78|2|2018-06-15
Schafli|yvonnej920|4|2018-05-02
Schafli|TheKringel|5|2018-04-10
Schafli|stapowinu|4|2018-03-12
Schafli|Jochanan658|5|2018-03-02
Schafli|sarabX5046VF|3|2018-01-23
Schafli|jasmins963|4|2017-11-24
Schafli|andn2010|4|2017-10-31
Schafli|jhopra|5|2017-10-21
Schafli|michl080|5|2017-10-15
Schafli|TravelNishi|5|2017-10-02
Schafli|Balthazar-Sihlcity|2|2017-09-18
Schafli|DominiqueP1942|5|2017-08-03
Schafli|Teddli6162|4|2017-07-26
Schafli|ChristinaC3642|4|2017-07-12
Schafli|akrisch|5|2017-06-26
Schafli|mullerm65|5|2017-06-12
Schafli|Carllll|4|2017-05-17
Schafli|BiancaS3731|5|2017-04-11
Schafli|henryswiss|4|2016-12-21
Schafli|phonphet|4|2016-12-10
Schafli|t0c|5|2016-11-30
Schafli|Mala82|4|2016-11-19
Schafli|UlfSchn|4|2016-11-01
Schafli|EvaR272|4|2016-10-10
Schafli|mariobV6056SG|4|2016-09-03
Schafli|Sternkind|4|2016-08-16
Schafli|MSGast|2|2016-07-13
Schafli|Andriiin|4|2016-06-28
Schafli|mrgoagoa|3|2016-05-17
Schafli|Liwiusz|4|2016-02-11
Schafli|peterhunziker|4|2015-10-30
Schafli|cheeky-kea|4|2015-10-28
Schafli|Erbse91|5|2015-10-08
Schafli|Suri-from-Winterthur|4|2015-09-10
Schafli|swiss-jf|3|2015-09-09
Schafli|Rubigencity|4|2015-09-08
Schafli|F4683PHmartinw|2|2015-08-23
Schafli|mikemX3407GZ|3|2015-08-13
Schafli|M1393SDsandram|3|2015-08-03
Schafli|Inefraesi|3|2015-06-10
Schafli|Salvatore2608|5|2015-03-28
Schafli|RudolfJ_13|5|2015-03-08
Schafli|kiwijazz|4|2015-03-03
Schafli|ukyonline|4|2014-11-10
Schafli|sch1189|2|2014-11-04
Schafli|713ursa|1|2014-10-08
Schafli|Blaabear|5|2019-08-03
Schafli|ADAMmaples|4|2017-01-29
Schafli|ncanus1|5|2017-01-10
Schafli|Dublogach|5|2016-11-06
Schafli|sgec1105|4|2016-04-16
Schafli|nab88|4|2016-03-03
Euro Asia Bazar by Kandhasamy|Dreamer756515|5|2021-03-24
Euro Asia Bazar by Kandhasamy|veitsomuch|5|2020-09-04
Euro Asia Bazar by Kandhasamy|dariusf2016|5|2020-08-26
Euro Asia Bazar by Kandhasamy|MartinWinti-1-|5|2020-07-19
Euro Asia Bazar by Kandhasamy|1763pKredos|4|2020-07-17
Euro Asia Bazar by Kandhasamy|Travelfamily200001|4|2020-07-15
China Bowl|Voyage48612934582|1|2024-05-18
China Bowl|ANSGAR_SCHAEFER|2|2023-10-17
China Bowl|Wanderer38337166551|5|2023-09-10
China Bowl|G_hachfi|1|2022-06-26
China Bowl|srshana|5|2022-03-08
China Bowl|Bahnhof333|5|2022-03-04
Restaurant Neumarkt|Discover02224118583|5|2021-08-01
Restaurant Neumarkt|andg222|1|2018-06-09
Restaurant Neumarkt|LouisaClark80|5|2017-05-15
Restaurant Neumarkt|sarae998|5|2017-03-25
Restaurant Neumarkt|GeoZurich|3|2016-06-23
Restaurant Neumarkt|h8400|5|2015-10-30
Restaurant Neumarkt|teimen|5|2015-09-12
Restaurant Neumarkt|comewithus2|4|2015-09-09
Restaurant Neumarkt|gnaciol745|5|2015-08-30
Restaurant Neumarkt|g1na|5|2015-07-29
Restaurant Neumarkt|SarahS13288|5|2015-06-22
Restaurant Neumarkt|MZ-CH|5|2014-12-09
Restaurant Neumarkt|KimDino|4|2016-11-25
Restaurant Schloss Wülflingen|Flyer61477217713|5|2024-06-01
Restaurant Schloss Wülflingen|4331YZmariaf|5|2023-12-20
Restaurant Schloss Wülflingen|84marcf|5|2023-12-17
Restaurant Schloss Wülflingen|Goaliemami|5|2023-11-18
Restaurant Schloss Wülflingen|saka73|5|2023-10-27
Restaurant Schloss Wülflingen|Iris96|3|2023-09-04
Restaurant Schloss Wülflingen|454rogerr|5|2023-09-02
Restaurant Schloss Wülflingen|ReDi8472|5|2023-08-19
Restaurant Schloss Wülflingen|aede59|5|2023-07-16
Restaurant Schloss Wülflingen|5marianne16|5|2023-06-26
Restaurant Schloss Wülflingen|4kurte|5|2023-06-02
Restaurant Schloss Wülflingen|Explore16048647930|5|2023-04-17
Restaurant Schloss Wülflingen|GoPlaces17828401227|1|2023-04-17
Restaurant Schloss Wülflingen|Ermittler|5|2023-04-14
Restaurant Schloss Wülflingen|Seaside67158556800|5|2023-04-04
Restaurant Schloss Wülflingen|DConte1987|1|2023-03-24
Restaurant Schloss Wülflingen|809j_rgw|4|2023-01-01
Restaurant Schloss Wülflingen|725lukasz|5|2022-11-28
Restaurant Schloss Wülflingen|andn2010|3|2022-11-13
Restaurant Schloss Wülflingen|DeniseH344|4|2022-10-02
Restaurant Schloss Wülflingen|Soledad6|5|2022-09-15
Restaurant Schloss Wülflingen|tzundbarbaral|5|2022-09-04
Restaurant Schloss Wülflingen|020851|5|2022-06-05
Restaurant Schloss Wülflingen|67Lothom|3|2022-06-03
Restaurant Schloss Wülflingen|Bruno_und_Corinne|3|2022-05-22
Restaurant Schloss Wülflingen|TravelNishi|5|2022-02-19
Restaurant Schloss Wülflingen|Weissmueller|5|2021-10-11
Restaurant Schloss Wülflingen|danieladW7973ZU|5|2021-08-25
Restaurant Schloss Wülflingen|grossrolf|5|2021-08-20
Restaurant Schloss Wülflingen|ghalbeisen|3|2021-08-17
Restaurant Schloss Wülflingen|globoZurich|2|2021-08-14
Restaurant Schloss Wülflingen|MaurerHettlingen|3|2021-08-12
Restaurant Schloss Wülflingen|Afiflyer|5|2021-07-31
Restaurant Schloss Wülflingen|andreaspescha|5|2021-07-29
Restaurant Schloss Wülflingen|Gochlinger|5|2021-07-04
Restaurant Schloss Wülflingen|JeannineMuellerCH|5|2021-06-27
Restaurant Schloss Wülflingen|snncrr|4|2021-06-16
Restaurant Schloss Wülflingen|A3016DBbarbarab|5|2021-04-26
Restaurant Schloss Wülflingen|tempcons|5|2021-04-17
Restaurant Schloss Wülflingen|720annettep|5|2021-04-06
Restaurant Schloss Wülflingen|5marianne16|5|2021-02-12
Restaurant Schloss Wülflingen|andreaspescha|5|2021-02-08
Restaurant Schloss Wülflingen|ction42|5|2020-11-28
Restaurant Schloss Wülflingen|751fabiane|5|2020-11-15
Restaurant Schloss Wülflingen|845majdam|5|2020-11-08
Restaurant Schloss Wülflingen|schneip|5|2020-11-06
Restaurant Schloss Wülflingen|dymisler|5|2020-10-29
Restaurant Schloss Wülflingen|BUW8400|5|2020-10-26
Restaurant Schloss Wülflingen|MarkWinti|3|2020-10-26
Restaurant Schloss Wülflingen|RsVss|2|2020-10-06
Restaurant Schloss Wülflingen|Silvia0930|3|2020-10-04
Restaurant Schloss Wülflingen|dofexcellence|4|2020-09-26
Restaurant Schloss Wülflingen|Fibi83|4|2020-09-19
Restaurant Schloss Wülflingen|uro51ZH|5|2020-09-05
Restaurant Schloss Wülflingen|dyvoseen|5|2020-09-05
Restaurant Schloss Wülflingen|Stefanie719|3|2020-08-16
Restaurant Schloss Wülflingen|TS_Swiss|5|2020-07-20
Restaurant Schloss Wülflingen|MarkusG1855|5|2020-06-21
Restaurant Schloss Wülflingen|0601va|5|2020-02-14
Restaurant Schloss Wülflingen|dyvoseen|5|2020-01-14
Restaurant Schloss Wülflingen|88heinzg|5|2020-01-07
Restaurant Schloss Wülflingen|Jochanan658|5|2019-12-29
Restaurant Schloss Wülflingen|andb996|2|2019-12-26
Restaurant Schloss Wülflingen|andreaspescha|5|2019-12-13
Restaurant Schloss Wülflingen|marianne_locher_ch|3|2019-10-18
Restaurant Schloss Wülflingen|valynek2015|5|2019-10-09
Restaurant Schloss Wülflingen|assenger605173|5|2019-09-16
Restaurant Schloss Wülflingen|Weissmueller|5|2019-09-10
Restaurant Schloss Wülflingen|Beatly|5|2019-08-31
Restaurant Schloss Wülflingen|assenger605173|5|2019-08-07
Restaurant Schloss Wülflingen|SannaXX|5|2019-07-27
Restaurant Schloss Wülflingen|Nela161|5|2019-07-26
Restaurant Schloss Wülflingen|FSFlims|5|2019-06-22
Restaurant Schloss Wülflingen|andreassS3626YT|2|2019-06-19
Restaurant Schloss Wülflingen|Y4162OGannag|5|2019-06-13
Restaurant Schloss Wülflingen|madlen_1984|5|2019-04-14
Restaurant Schloss Wülflingen|martinkuenzli|5|2019-04-13
Restaurant Schloss Wülflingen|TiKoWi|5|2019-04-11
Restaurant Schloss Wülflingen|dyvoseen|5|2019-04-09
Restaurant Schloss Wülflingen|495beats|3|2019-04-07
Restaurant Schloss Wülflingen|alexanderscheifl2018|5|2019-03-19
Restaurant Schloss Wülflingen|ursulas1062|4|2019-03-03
Restaurant Schloss Wülflingen|953majaa|5|2019-03-03
Restaurant Schloss Wülflingen|nnyb728|5|2019-02-15
Restaurant Schloss Wülflingen|baumann|2|2019-02-08
Restaurant Schloss Wülflingen|milenalukic|5|2019-02-02
Restaurant Schloss Wülflingen|Steibock|5|2019-01-30
Restaurant Schloss Wülflingen|tindli81|5|2019-01-20
Restaurant Schloss Wülflingen|Fibi83|5|2019-01-19
Restaurant Schloss Wülflingen|JolandaR69|4|2019-01-13
Restaurant Schloss Wülflingen|HeinzD403|5|2018-11-27
Restaurant Schloss Wülflingen|Jochanan658|5|2018-11-12
Restaurant Schloss Wülflingen|ukyonline|5|2018-11-07
Restaurant Schloss Wülflingen|929sibyller|5|2018-10-23
Restaurant Schloss Wülflingen|K6002CLstefans|3|2018-10-04
Restaurant Schloss Wülflingen|4kurte|5|2018-10-02
Restaurant Schloss Wülflingen|Bergerav|4|2018-09-22
Restaurant Schloss Wülflingen|152arminz|5|2018-09-15
Restaurant Schloss Wülflingen|sonjas773|3|2018-09-13
Restaurant Schloss Wülflingen|mosi-meier|5|2018-09-05
Restaurant Schloss Wülflingen|goglee_|4|2018-08-27
Restaurant Schloss Wülflingen|MatthiasSWISS|5|2018-08-26
Restaurant Schloss Wülflingen|823bb|5|2018-08-25
Restaurant Schloss Wülflingen|UrsulaW349|3|2018-08-24
Restaurant Schloss Wülflingen|voro2018|1|2018-08-19
Restaurant Schloss Wülflingen|Kayt2538|5|2018-08-19
Restaurant Schloss Wülflingen|KuBaWi|2|2018-08-08
Restaurant Schloss Wülflingen|andreaspescha|5|2018-08-01
Restaurant Schloss Wülflingen|454kaib|4|2018-07-30
Restaurant Schloss Wülflingen|Art_ZH8000|3|2018-07-30
Restaurant Schloss Wülflingen|dymisler|5|2018-07-13
Restaurant Schloss Wülflingen|gandalfw77|4|2018-07-04
Restaurant Schloss Wülflingen|FloWantsToEAT|4|2018-07-04
Restaurant Schloss Wülflingen|5marianne16|5|2018-06-21
Restaurant Schloss Wülflingen|286florianh|5|2018-06-18
Restaurant Schloss Wülflingen|alf_auer|1|2018-06-12
Restaurant Schloss Wülflingen|Jades007|1|2018-06-09
Restaurant Schloss Wülflingen|gebhard001|5|2018-06-04
Restaurant Schloss Wülflingen|9pokerface8|5|2018-05-29
Restaurant Schloss Wülflingen|NicoG1800|5|2018-05-28
Restaurant Schloss Wülflingen|JKhope500|5|2018-05-27
Restaurant Schloss Wülflingen|4961|5|2018-05-26
Restaurant Schloss Wülflingen|Jochanan658|5|2018-05-22
Restaurant Schloss Wülflingen|Open61|3|2018-05-21
Restaurant Schloss Wülflingen|Spreebogen11|5|2018-05-20
Restaurant Schloss Wülflingen|Suri-from-Winterthur|4|2018-05-16
Restaurant Schloss Wülflingen|CellaZimmi|5|2018-05-05
Restaurant Schloss Wülflingen|500MB18|5|2018-05-01
Restaurant Schloss Wülflingen|dyvoseen|5|2018-04-28
Restaurant Schloss Wülflingen|Basti47|3|2018-04-07
Restaurant Schloss Wülflingen|teamarijana|5|2018-03-23
Restaurant Schloss Wülflingen|Stiglitzer|5|2018-03-17
Restaurant Schloss Wülflingen|AmaliaSara7|5|2018-03-17
Restaurant Schloss Wülflingen|gerngutEsserIn|5|2018-03-06
Restaurant Schloss Wülflingen|Waikoloha|5|2018-03-03
Restaurant Schloss Wülflingen|gliwilly6|5|2018-01-29
Restaurant Schloss Wülflingen|dyvoseen|5|2018-01-28
Restaurant Schloss Wülflingen|T9194RTpatrickp|2|2018-01-22
Restaurant Schloss Wülflingen|urstagliavini|5|2018-01-19
Restaurant Schloss Wülflingen|matthiass583|5|2018-01-15
Restaurant Schloss Wülflingen|Jochanan658|5|2018-01-01
Restaurant Schloss Wülflingen|vod723|5|2017-12-28
Restaurant Schloss Wülflingen|viaggiatore_tuscany|5|2017-12-26
Restaurant Schloss Wülflingen|Mawota|5|2017-12-05
Restaurant Schloss Wülflingen|N-Gisler|5|2017-11-29
Restaurant Schloss Wülflingen|kiaora1973|3|2017-11-12
Restaurant Schloss Wülflingen|62beate|5|2017-11-06
Restaurant Schloss Wülflingen|720annettep|5|2017-11-06
Restaurant Schloss Wülflingen|wagnerthomas|5|2017-10-29
Restaurant Schloss Wülflingen|Y4162OGannag|3|2017-10-26
Restaurant Schloss Wülflingen|ardie09|5|2017-10-18
Restaurant Schloss Wülflingen|dofexcellence|3|2017-10-01
Restaurant Schloss Wülflingen|SchAndrea|5|2017-09-29
Restaurant Schloss Wülflingen|wagnerthomas|5|2017-09-26
Restaurant Schloss Wülflingen|152arminz|5|2017-09-24
Restaurant Schloss Wülflingen|kswineseller_ch|3|2017-09-10
Restaurant Schloss Wülflingen|Rentner|4|2017-09-07
Restaurant Schloss Wülflingen|marcelinauen|3|2017-09-01
Restaurant Schloss Wülflingen|FritzH161|4|2017-08-17
Restaurant Schloss Wülflingen|Admira8400|4|2017-08-16
Restaurant Schloss Wülflingen|webschack|4|2017-08-09
Restaurant Schloss Wülflingen|manfredm130|3|2017-07-26
Restaurant Schloss Wülflingen|gebhard001|4|2017-07-17
Restaurant Schloss Wülflingen|willimaissen|5|2017-07-12
Restaurant Schloss Wülflingen|gast862017|5|2017-07-09
Restaurant Schloss Wülflingen|Spam1974|2|2017-07-09
Restaurant Schloss Wülflingen|Santisuk_2013|3|2017-06-06
Restaurant Schloss Wülflingen|253stephand|2|2017-05-26
Restaurant Schloss Wülflingen|840renator|4|2017-05-25
Restaurant Schloss Wülflingen|hanspeterschoch|5|2017-05-14
Restaurant Schloss Wülflingen|18Martina18|3|2017-05-09
Restaurant Schloss Wülflingen|N-Gisler|4|2017-04-30
Restaurant Schloss Wülflingen|GandG_Zurich|5|2017-04-30
Restaurant Schloss Wülflingen|831franziskab|5|2017-04-25
Restaurant Schloss Wülflingen|brigitte8409|5|2017-04-20
Restaurant Schloss Wülflingen|ab7111|5|2017-04-18
Restaurant Schloss Wülflingen|ChrKueng|5|2017-04-17
Restaurant Schloss Wülflingen|Globalsuisse|5|2017-04-12
Restaurant Schloss Wülflingen|chris_Curler|4|2017-04-08
Restaurant Schloss Wülflingen|Tilliqua|3|2017-03-19
Restaurant Schloss Wülflingen|SeldaT110|5|2017-03-15
Restaurant Schloss Wülflingen|RD528|5|2017-03-15
Restaurant Schloss Wülflingen|an2nellacampisi|4|2017-03-13
Restaurant Schloss Wülflingen|auackerpflug|5|2017-03-05
Restaurant Schloss Wülflingen|Kayt2538|5|2017-02-24
Restaurant Schloss Wülflingen|598andreasb|5|2017-02-13
Restaurant Schloss Wülflingen|uedin|4|2017-02-11
Restaurant Schloss Wülflingen|jeannetteSeuzach|5|2017-02-08
Restaurant Schloss Wülflingen|MaxSW|3|2017-01-16
Restaurant Schloss Wülflingen|Gloor_M|3|2017-01-07
Restaurant Schloss Wülflingen|Widmausl|5|2017-01-07
Restaurant Schloss Wülflingen|gabrieleb589|5|2017-01-03
Restaurant Schloss Wülflingen|Bruno-Graf|5|2017-01-02
Restaurant Schloss Wülflingen|RomanG84|5|2016-12-23
Restaurant Schloss Wülflingen|manicarl|5|2016-12-19
Restaurant Schloss Wülflingen|WalterS229|5|2016-12-19
Restaurant Schloss Wülflingen|kindashian|3|2016-12-16
Restaurant Schloss Wülflingen|Grischa26|4|2016-12-11
Restaurant Schloss Wülflingen|sbethd2013|5|2016-12-09
Restaurant Schloss Wülflingen|dyvoseen|5|2016-12-07
Restaurant Schloss Wülflingen|689irisw|5|2016-12-04
Restaurant Schloss Wülflingen|aloiskoch|5|2016-12-04
Restaurant Schloss Wülflingen|k747|5|2016-12-03
Restaurant Schloss Wülflingen|BenjaminB3500|5|2016-11-30
Restaurant Schloss Wülflingen|malenka82|5|2016-11-26
Restaurant Schloss Wülflingen|gliwilly6|5|2016-11-24
Restaurant Schloss Wülflingen|Martin_P6219|3|2016-11-22
Restaurant Schloss Wülflingen|urstagliavini|5|2016-11-18
Restaurant Schloss Wülflingen|andher347|2|2016-11-16
Restaurant Schloss Wülflingen|Moswey_Hitsch|4|2016-11-12
Restaurant Schloss Wülflingen|Meergugger|4|2016-11-06
Restaurant Schloss Wülflingen|Fischerkehl|5|2016-10-10
Restaurant Schloss Wülflingen|negi1234|5|2016-10-09
Restaurant Schloss Wülflingen|bruno_zahnd|4|2016-10-05
Restaurant Schloss Wülflingen|vorn2015|4|2016-09-17
Restaurant Schloss Wülflingen|alexandero267|5|2016-09-12
Restaurant Schloss Wülflingen|Swiss188112|5|2016-09-12
Restaurant Schloss Wülflingen|thlang|5|2016-09-11
Restaurant Schloss Wülflingen|Waterpolo1s|5|2016-09-07
Restaurant Schloss Wülflingen|huck0815|5|2016-09-04
Restaurant Schloss Wülflingen|David_P_Switzerland|2|2016-09-03
Restaurant Schloss Wülflingen|anitaniederer|5|2016-08-30
Restaurant Schloss Wülflingen|892hansruedih|5|2016-08-26
Restaurant Schloss Wülflingen|NicoleAntonio|5|2016-08-24
Restaurant Schloss Wülflingen|860larah|5|2016-08-23
Restaurant Schloss Wülflingen|beiztester|2|2016-08-21
Restaurant Schloss Wülflingen|FungoLungo|5|2016-08-11
Restaurant Schloss Wülflingen|UrsS594|4|2016-07-27
Restaurant Schloss Wülflingen|T9194RTpatrickp|3|2016-07-26
Restaurant Schloss Wülflingen|petep376|5|2016-07-25
Restaurant Schloss Wülflingen|heyrom|5|2016-07-24
Restaurant Schloss Wülflingen|ANSGAR_SCHAEFER|4|2016-07-15
Restaurant Schloss Wülflingen|dyvoseen|5|2016-07-05
Restaurant Schloss Wülflingen|892hansruedih|5|2016-06-28
Restaurant Schloss Wülflingen|danielaQ3253JR|3|2016-06-27
Restaurant Schloss Wülflingen|218lukasa|5|2016-06-27
Restaurant Schloss Wülflingen|vonmeiss|5|2016-06-26
Restaurant Schloss Wülflingen|Detlin|5|2016-06-24
Restaurant Schloss Wülflingen|454rogerr|5|2016-06-21
Restaurant Schloss Wülflingen|4kurte|5|2016-06-20
Restaurant Schloss Wülflingen|Azeri1976|5|2016-06-18
Restaurant Schloss Wülflingen|MeryGrape|5|2016-06-13
Restaurant Schloss Wülflingen|hilippS247|5|2016-06-13
Restaurant Schloss Wülflingen|583pascaleh|5|2016-06-04
Restaurant Schloss Wülflingen|mcmolnar|5|2016-06-02
Restaurant Schloss Wülflingen|mg_zanchen|5|2016-05-30
Restaurant Schloss Wülflingen|uciacJ9255HJ|4|2016-05-29
Restaurant Schloss Wülflingen|Grischa26|3|2016-05-22
Restaurant Schloss Wülflingen|michaelgE5847DK|5|2016-05-20
Restaurant Schloss Wülflingen|ChristophR54|4|2016-05-12
Restaurant Schloss Wülflingen|4kurte|5|2016-04-26
Restaurant Schloss Wülflingen|AdriCanella|4|2016-04-20
Restaurant Schloss Wülflingen|GerhardBarth|5|2016-04-17
Restaurant Schloss Wülflingen|Duvaud|5|2016-04-08
Restaurant Schloss Wülflingen|471catherinet|3|2016-03-28
Restaurant Schloss Wülflingen|OliverA397|3|2016-03-21
Restaurant Schloss Wülflingen|tohubohu9|5|2016-03-16
Restaurant Schloss Wülflingen|aSwissTraveller|5|2016-03-15
Restaurant Schloss Wülflingen|184Mosey|4|2016-03-12
Restaurant Schloss Wülflingen|ChrisG2013|5|2016-03-06
Restaurant Schloss Wülflingen|pro-safari-com|4|2016-03-05
Restaurant Schloss Wülflingen|jmuelle3|4|2016-02-29
Restaurant Schloss Wülflingen|AnnaLeeW61|3|2016-02-13
Restaurant Schloss Wülflingen|110juergr|5|2016-02-05
Restaurant Schloss Wülflingen|4kurte|5|2016-02-01
Restaurant Schloss Wülflingen|TS_Switzerland|5|2016-01-31
Restaurant Schloss Wülflingen|Certissimo|4|2016-01-29
Restaurant Schloss Wülflingen|kafipause|3|2016-01-25
Restaurant Schloss Wülflingen|segeln13|5|2016-01-22
Restaurant Schloss Wülflingen|EBH666|3|2016-01-20
Restaurant Schloss Wülflingen|M8450NNolgak|5|2016-01-12
Restaurant Schloss Wülflingen|TastyHomer|5|2016-01-03
Restaurant Schloss Wülflingen|823bb|5|2016-01-03
Restaurant Schloss Wülflingen|cavegn|5|2015-12-21
Restaurant Schloss Wülflingen|206MarcM|4|2015-12-19
Restaurant Schloss Wülflingen|597peters597|4|2015-12-12
Restaurant Schloss Wülflingen|Esther_Helfenstein|5|2015-12-05
Restaurant Schloss Wülflingen|gabrieleb589|5|2015-12-02
Restaurant Schloss Wülflingen|SwissTraveller60|4|2015-12-02
Restaurant Schloss Wülflingen|patrickd609|4|2015-11-14
Restaurant Schloss Wülflingen|KathrinLS|5|2015-11-13
Restaurant Schloss Wülflingen|349alberts|5|2015-11-11
Restaurant Schloss Wülflingen|Meergugger|4|2015-11-08
Restaurant Schloss Wülflingen|534bobbyl|5|2015-11-01
Restaurant Schloss Wülflingen|ElsaTha|5|2015-10-18
Restaurant Schloss Wülflingen|taagliatelleVS|3|2015-10-15
Restaurant Schloss Wülflingen|X1051AIdanielh|5|2015-09-27
Restaurant Schloss Wülflingen|markussI2648HW|5|2015-09-22
Restaurant Schloss Wülflingen|thomasrR9225II|5|2015-09-08
Restaurant Schloss Wülflingen|WernerandM-C|3|2015-09-07
Restaurant Schloss Wülflingen|Acki99|4|2015-09-02
Restaurant Schloss Wülflingen|dyvoseen|5|2015-09-02
Restaurant Schloss Wülflingen|timop481|5|2015-09-01
Restaurant Schloss Wülflingen|gabrieleb589|5|2015-08-28
Restaurant Schloss Wülflingen|christoletta|5|2015-08-25
Restaurant Schloss Wülflingen|365picasso|5|2015-08-23
Restaurant Schloss Wülflingen|EZB77|3|2015-08-20
Restaurant Schloss Wülflingen|Bango92|5|2015-08-20
Restaurant Schloss Wülflingen|momuwi|3|2015-08-18
Restaurant Schloss Wülflingen|alf_auer|4|2015-08-10
Restaurant Schloss Wülflingen|Orphilia|3|2015-07-21
Restaurant Schloss Wülflingen|4kurte|5|2015-07-18
Restaurant Schloss Wülflingen|angelasQ2109ZU|4|2015-06-26
Restaurant Schloss Wülflingen|t0c|4|2015-06-07
Restaurant Schloss Wülflingen|gabrieleb589|5|2015-05-27
Restaurant Schloss Wülflingen|nthewayunterwegs|4|2015-05-03
Restaurant Schloss Wülflingen|weed2011|4|2015-04-28
Restaurant Schloss Wülflingen|heyrom|5|2015-04-13
Restaurant Schloss Wülflingen|Erik945|5|2015-03-30
Restaurant Schloss Wülflingen|4kurte|5|2015-03-22
Restaurant Schloss Wülflingen|gabrieleb589|5|2015-03-13
Restaurant Schloss Wülflingen|hbieng|4|2015-02-28
Restaurant Schloss Wülflingen|hrthfzj|5|2015-02-24
Restaurant Schloss Wülflingen|365picasso|5|2015-02-17
Restaurant Schloss Wülflingen|Montelupoconsult|5|2015-02-15
Restaurant Schloss Wülflingen|Albatros2007|5|2015-02-08
Restaurant Schloss Wülflingen|bettina7525|3|2015-01-31
Restaurant Schloss Wülflingen|715melanief|5|2015-01-20
Restaurant Schloss Wülflingen|gabrieleb589|5|2014-12-28
Restaurant Schloss Wülflingen|dus-zrh|5|2014-12-18
Restaurant Schloss Wülflingen|marcosr492|5|2014-12-16
Restaurant Schloss Wülflingen|139walti|3|2014-12-12
Restaurant Schloss Wülflingen|ngel72067|4|2014-12-10
Restaurant Schloss Wülflingen|365picasso|5|2014-12-09
Restaurant Schloss Wülflingen|Goldfisch11|5|2014-10-17
Restaurant Schloss Wülflingen|259christianh|5|2014-10-13
Restaurant Schloss Wülflingen|Sanderias|5|2014-10-06
Restaurant Schloss Wülflingen|RetoG248|5|2014-09-22
Restaurant Schloss Wülflingen|TS_Switzerland|5|2014-08-19
Restaurant Schloss Wülflingen|SarahS13288|5|2014-08-18
Restaurant Schloss Wülflingen|gabrieleb589|5|2014-07-11
Restaurant Schloss Wülflingen|308filippof|2|2014-06-22
Restaurant Schloss Wülflingen|marcl212|4|2014-06-17
Restaurant Schloss Wülflingen|MZ-CH|4|2014-06-16
Restaurant Schloss Wülflingen|DozeBasel|3|2014-06-03
Restaurant Schloss Wülflingen|sl935|1|2014-05-17
Restaurant Schloss Wülflingen|marcl212|1|2014-04-25
Restaurant Schloss Wülflingen|schoro|4|2014-04-06
Restaurant Schloss Wülflingen|steffi57|2|2014-03-31
Restaurant Schloss Wülflingen|Samnaun|4|2014-03-17
Restaurant Schloss Wülflingen|GeriM489|4|2014-01-22
Restaurant Schloss Wülflingen|322fritzw|3|2013-11-25
Restaurant Schloss Wülflingen|NikB545|4|2013-11-10
Restaurant Schloss Wülflingen|jurgb2013|4|2013-08-22
Restaurant Schloss Wülflingen|xelman46|5|2013-07-02
Restaurant Schloss Wülflingen|aulRene|5|2013-06-22
Restaurant Schloss Wülflingen|annaWinterthur|3|2013-02-25
Restaurant Schloss Wülflingen|Meerrauschen|5|2012-11-07
Restaurant Schloss Wülflingen|SwissTravel_11|4|2012-09-07
Restaurant Schloss Wülflingen|JokiSabina|4|2012-08-12
Restaurant Schloss Wülflingen|schoro|4|2012-06-05
Restaurant Schloss Wülflingen|arlicht55|5|2010-11-07
Restaurant Schloss Wülflingen|Unbekannt-Z|3|2009-12-13
Restaurant Schloss Wülflingen|derekkotara|5|2017-03-24
Restaurant Schloss Wülflingen|benjaminbZ4157LQ|5|2017-01-29
Restaurant Schloss Wülflingen|SarahsBackstage|5|2016-12-29
Restaurant Schloss Wülflingen|MarkyMark58|5|2016-07-23
Restaurant Schloss Wülflingen|skara65|5|2016-05-04
Restaurant Schloss Wülflingen|HansS599|5|2016-04-25
Restaurant Schloss Wülflingen|111pascal|5|2015-11-20
Restaurant Schloss Wülflingen|344jurajs|5|2015-02-27
Restaurant Schloss Wülflingen|MichaelP465|5|2014-10-09
Restaurant Schloss Wülflingen|golfinfo|4|2014-01-05
Restaurant Schloss Wülflingen|Flowwolf|5|2013-03-25
Restaurant Schloss Wülflingen|LakeHouse53081|4|2013-01-25
Restaurant Schloss Wülflingen|anaef|5|2012-05-29
Tearoom Teekult|Roam13243614380|1|2021-04-16
Tearoom Teekult|Blauheiter|5|2019-11-26
Tearoom Teekult|777stefanu|3|2018-02-14
Tearoom Teekult|Sabiwabiwabi|3|2017-08-13
Tearoom Teekult|sarae998|5|2017-04-07
Tearoom Teekult|Matteuzzo|5|2017-01-30
Tearoom Teekult|737hansak|1|2016-03-15
Tearoom Teekult|gilat2015|4|2015-10-14
Cross Bbq|anz724|5|2024-08-15
Cross Bbq|Guide09013825321|1|2024-06-06
Cross Bbq|SchBM|5|2023-10-07
Cross Bbq|Coastal65875501549|5|2023-06-18
Cross Bbq|F2681KUelil|4|2023-01-30
Cross Bbq|Zehnd|2|2022-06-04
Cross Bbq|Relax10052948683|5|2022-03-30
Cross Bbq|MichaelM20260|5|2022-01-22
Simply Thai|Roxymaus|3|2023-10-29
Simply Thai|swissgolftraveller|5|2023-01-29
Simply Thai|665melaniea|5|2022-08-11
Simply Thai|dune1899|5|2022-03-30
Simply Thai|corne01|5|2020-10-03
Simply Thai|dacherbani|5|2020-07-10
Simply Thai|283sandrinej|5|2020-06-13
Simply Thai|k8555|5|2020-05-14
Simply Thai|ChristineH4840|4|2020-02-18
Simply Thai|aco_Switzerland|5|2020-02-04
Simply Thai|807serainab|5|2020-01-12
Simply Thai|Restaurant-Geniesser|4|2019-12-29
Simply Thai|sarahmoujazi|4|2019-07-27
Simply Thai|LucaP3891|4|2019-03-19
Simply Thai|R1597SIsaraha|5|2019-03-14
Simply Thai|14Greg|5|2019-01-29
Simply Thai|Explorer04784712629|5|2018-11-04
Simply Thai|562majad|5|2018-08-29
Simply Thai|373angiej|5|2018-04-21
Simply Thai|nzodm980|5|2018-03-31
Simply Thai|HpBrenn|4|2018-01-20
Simply Thai|677philippb|3|2017-11-23
Simply Thai|DusanM234|5|2017-11-05
Simply Thai|mrgoagoa|4|2017-09-28
Simply Thai|musti1983|4|2017-07-24
Simply Thai|562majad|5|2017-05-18
Simply Thai|123456789lisa|5|2017-05-08
Simply Thai|augundohr1|4|2017-04-10
Simply Thai|25romanr|4|2017-04-03
Simply Thai|hirzel46|4|2017-03-12
Simply Thai|mrgoagoa|5|2016-12-29
Simply Thai|FlyGripen|3|2016-04-05
Simply Thai|Sceadu74|4|2016-03-07
Simply Thai|abianp124|5|2016-02-27
Simply Thai|Lynissea|5|2016-02-09
Simply Thai|wellenabreiter|4|2016-01-15
Simply Thai|ThomasA160|5|2015-11-17
Simply Thai|EvaR272|4|2015-10-26
Simply Thai|Maienne|5|2015-08-27
Simply Thai|baleksi|5|2015-07-18
Simply Thai|Zolugibe|1|2015-01-31
Simply Thai|Bliggi|5|2014-10-03
Simply Thai|mrgoagoa|5|2014-09-09
Simply Thai|ursm2014|5|2014-08-30
Simply Thai|werners735|5|2014-07-18
Simply Thai|travelgrumpy|5|2019-09-24
Simply Thai|zheddsc|5|2019-06-10
Simply Thai|twicked|3|2016-01-29
Simply Thai|TravelLife1905|5|2015-10-05
Fondue Stube Winterthur|Cathy_panawai|5|2020-11-16
Fondue Stube Winterthur|stephanievolkart|5|2020-11-09
Fondue Stube Winterthur|Bosa8413|3|2019-12-21
Fondue Stube Winterthur|Weiss2710|5|2019-11-27
Fondue Stube Winterthur|smarked1|5|2019-11-21
Fondue Stube Winterthur|553mirjamv|5|2019-11-20
Fondue Stube Winterthur|L4764AEmichaelg|5|2019-11-20
Fondue Stube Winterthur|patricksU1126NF|5|2019-11-20
STRAUSS Restaurant - Vineria & Bar|NorthStar57445260140|5|2024-07-29
STRAUSS Restaurant - Vineria & Bar|MichaelB18688|5|2024-07-11
STRAUSS Restaurant - Vineria & Bar|njaw880|5|2024-07-10
STRAUSS Restaurant - Vineria & Bar|FarAway30566229781|5|2024-07-08
STRAUSS Restaurant - Vineria & Bar|KrisiLasi|5|2024-06-07
STRAUSS Restaurant - Vineria & Bar|chbusytraveller|4|2024-05-22
STRAUSS Restaurant - Vineria & Bar|1968Daniel|5|2024-04-27
STRAUSS Restaurant - Vineria & Bar|Trail64590099017|5|2024-04-27
STRAUSS Restaurant - Vineria & Bar|judithbS6603QU|5|2024-04-27
STRAUSS Restaurant - Vineria & Bar|Christianbreiter|5|2024-04-15
STRAUSS Restaurant - Vineria & Bar|sacM1108IR|5|2024-03-11
STRAUSS Restaurant - Vineria & Bar|IvanB4119|1|2024-02-24
STRAUSS Restaurant - Vineria & Bar|Jet52980806561|1|2023-12-09
STRAUSS Restaurant - Vineria & Bar|Vanguard49|2|2023-11-17
STRAUSS Restaurant - Vineria & Bar|ManuSwiss1|5|2023-09-02
STRAUSS Restaurant - Vineria & Bar|Wander16554162948|5|2023-05-01
STRAUSS Restaurant - Vineria & Bar|1907esra|5|2023-02-12
STRAUSS Restaurant - Vineria & Bar|Michelledecker|5|2023-02-06
STRAUSS Restaurant - Vineria & Bar|StefanS198|5|2023-01-25
STRAUSS Restaurant - Vineria & Bar|alexfG4349QF|5|2023-01-23
STRAUSS Restaurant - Vineria & Bar|JansenCarina|5|2023-01-22
STRAUSS Restaurant - Vineria & Bar|Weissmueller|3|2023-01-22
STRAUSS Restaurant - Vineria & Bar|jos_s243|3|2023-01-09
STRAUSS Restaurant - Vineria & Bar|EdiB820|2|2022-12-22
STRAUSS Restaurant - Vineria & Bar|896regulas|3|2022-11-14
STRAUSS Restaurant - Vineria & Bar|Vanguard49|3|2022-08-12
STRAUSS Restaurant - Vineria & Bar|ThomasZ319|1|2022-07-29
STRAUSS Restaurant - Vineria & Bar|wperolini|5|2022-07-24
STRAUSS Restaurant - Vineria & Bar|73sonyag|1|2022-06-10
STRAUSS Restaurant - Vineria & Bar|vikopa|3|2022-04-09
STRAUSS Restaurant - Vineria & Bar|diti87|4|2022-03-10
STRAUSS Restaurant - Vineria & Bar|0601va|5|2022-02-16
STRAUSS Restaurant - Vineria & Bar|anitadO1159CE|5|2022-01-01
STRAUSS Restaurant - Vineria & Bar|Andrea_Maier1972|5|2021-12-21
STRAUSS Restaurant - Vineria & Bar|ab7111|5|2021-10-16
STRAUSS Restaurant - Vineria & Bar|abigraf|2|2021-08-06
STRAUSS Restaurant - Vineria & Bar|hobbytraveler123|4|2021-08-01
STRAUSS Restaurant - Vineria & Bar|huck0815|5|2021-07-11
STRAUSS Restaurant - Vineria & Bar|cundpc|5|2020-09-07
STRAUSS Restaurant - Vineria & Bar|AsiaFan2013|5|2020-09-04
STRAUSS Restaurant - Vineria & Bar|Jochanan658|5|2020-08-22
STRAUSS Restaurant - Vineria & Bar|Jochanan658|5|2020-05-21
STRAUSS Restaurant - Vineria & Bar|Frispeich|5|2020-03-08
STRAUSS Restaurant - Vineria & Bar|Luftlinie12|2|2020-03-03
STRAUSS Restaurant - Vineria & Bar|davidhM206QW|5|2020-02-17
STRAUSS Restaurant - Vineria & Bar|user_tobi|5|2020-01-03
STRAUSS Restaurant - Vineria & Bar|xamiller|4|2019-08-15
STRAUSS Restaurant - Vineria & Bar|304maurizioa|3|2019-07-13
STRAUSS Restaurant - Vineria & Bar|Claudio95_13|5|2019-06-07
STRAUSS Restaurant - Vineria & Bar|Leone108|4|2019-05-31
STRAUSS Restaurant - Vineria & Bar|Jochanan658|5|2019-05-22
STRAUSS Restaurant - Vineria & Bar|X1051AIdanielh|5|2019-05-06
STRAUSS Restaurant - Vineria & Bar|Ratistella|5|2019-03-26
STRAUSS Restaurant - Vineria & Bar|Animore3|4|2019-03-19
STRAUSS Restaurant - Vineria & Bar|nnyb728|4|2019-02-17
STRAUSS Restaurant - Vineria & Bar|Turicum1313|1|2019-02-10
STRAUSS Restaurant - Vineria & Bar|Eddie9822|5|2018-12-27
STRAUSS Restaurant - Vineria & Bar|dogan23|5|2018-12-20
STRAUSS Restaurant - Vineria & Bar|ullarenato|1|2018-12-07
STRAUSS Restaurant - Vineria & Bar|buek68|5|2018-11-22
STRAUSS Restaurant - Vineria & Bar|Rachelbritos|5|2018-11-13
STRAUSS Restaurant - Vineria & Bar|user_tobi|5|2018-10-11
STRAUSS Restaurant - Vineria & Bar|JuAck|2|2018-08-28
STRAUSS Restaurant - Vineria & Bar|336uelik|2|2018-08-08
STRAUSS Restaurant - Vineria & Bar|RolfT521|3|2018-07-20
STRAUSS Restaurant - Vineria & Bar|x_hasler|2|2018-07-09
STRAUSS Restaurant - Vineria & Bar|gandalfw77|4|2018-07-04
STRAUSS Restaurant - Vineria & Bar|Admira8400|3|2018-06-19
STRAUSS Restaurant - Vineria & Bar|Jochanan658|5|2018-05-22
STRAUSS Restaurant - Vineria & Bar|pcsteiner|5|2018-05-20
STRAUSS Restaurant - Vineria & Bar|DebyG40|5|2018-05-19
STRAUSS Restaurant - Vineria & Bar|Jabam332|5|2018-05-15
STRAUSS Restaurant - Vineria & Bar|Sunjoly|5|2018-04-25
STRAUSS Restaurant - Vineria & Bar|LeunamGJD|4|2018-04-18
STRAUSS Restaurant - Vineria & Bar|nic_scorpius|5|2018-04-09
STRAUSS Restaurant - Vineria & Bar|I_Sposini|5|2018-04-04
STRAUSS Restaurant - Vineria & Bar|Trumpf-Ass1|4|2018-04-01
STRAUSS Restaurant - Vineria & Bar|dominics635|4|2018-04-01
STRAUSS Restaurant - Vineria & Bar|AmaliaSara7|5|2018-03-17
STRAUSS Restaurant - Vineria & Bar|kbbb7|5|2018-03-11
STRAUSS Restaurant - Vineria & Bar|AndreasB49|4|2018-02-18
STRAUSS Restaurant - Vineria & Bar|GabriellaS992|3|2018-02-02
STRAUSS Restaurant - Vineria & Bar|WernerandM-C|1|2018-01-13
STRAUSS Restaurant - Vineria & Bar|swissgolftraveller|3|2017-12-22
STRAUSS Restaurant - Vineria & Bar|wernerm658|4|2017-12-17
STRAUSS Restaurant - Vineria & Bar|gourmella_ev|5|2017-12-17
STRAUSS Restaurant - Vineria & Bar|Fibi83|3|2017-12-14
STRAUSS Restaurant - Vineria & Bar|kunigundeamalia|5|2017-11-15
STRAUSS Restaurant - Vineria & Bar|kiaora1973|3|2017-11-11
STRAUSS Restaurant - Vineria & Bar|marisab2060|4|2017-11-06
STRAUSS Restaurant - Vineria & Bar|Winfeh|2|2017-09-29
STRAUSS Restaurant - Vineria & Bar|827Katrin|3|2017-09-18
STRAUSS Restaurant - Vineria & Bar|TurriR|4|2017-08-21
STRAUSS Restaurant - Vineria & Bar|EgAlRa|4|2017-07-05
STRAUSS Restaurant - Vineria & Bar|Kayt2538|5|2017-06-09
STRAUSS Restaurant - Vineria & Bar|nic_scorpius|5|2017-04-30
STRAUSS Restaurant - Vineria & Bar|Martin_P6219|4|2017-04-21
STRAUSS Restaurant - Vineria & Bar|thomasbP7346NC|4|2017-04-20
STRAUSS Restaurant - Vineria & Bar|SuO_ZH|3|2017-04-08
STRAUSS Restaurant - Vineria & Bar|675angelikag|5|2017-03-03
STRAUSS Restaurant - Vineria & Bar|Druide78|4|2017-01-22
STRAUSS Restaurant - Vineria & Bar|martinj244|2|2017-01-20
STRAUSS Restaurant - Vineria & Bar|ab070|3|2017-01-14
STRAUSS Restaurant - Vineria & Bar|umemarina|2|2017-01-07
STRAUSS Restaurant - Vineria & Bar|arlicht55|4|2017-01-01
STRAUSS Restaurant - Vineria & Bar|284martino|3|2016-12-12
STRAUSS Restaurant - Vineria & Bar|sascha569|4|2016-11-27
STRAUSS Restaurant - Vineria & Bar|Waterpolo1s|4|2016-11-26
STRAUSS Restaurant - Vineria & Bar|336uelik|4|2016-11-15
STRAUSS Restaurant - Vineria & Bar|uisb6516|5|2016-11-15
STRAUSS Restaurant - Vineria & Bar|chterjm|4|2016-11-13
STRAUSS Restaurant - Vineria & Bar|821olis|3|2016-10-22
STRAUSS Restaurant - Vineria & Bar|unny23|5|2016-10-19
STRAUSS Restaurant - Vineria & Bar|97manj|4|2016-09-29
STRAUSS Restaurant - Vineria & Bar|Grischa26|3|2016-08-23
STRAUSS Restaurant - Vineria & Bar|Saemi1986|5|2016-07-07
STRAUSS Restaurant - Vineria & Bar|GourmetZH|5|2016-06-24
STRAUSS Restaurant - Vineria & Bar|BE_Bike_Trip|4|2016-05-31
STRAUSS Restaurant - Vineria & Bar|mrgoagoa|5|2016-05-17
STRAUSS Restaurant - Vineria & Bar|Mobembo|4|2016-05-16
STRAUSS Restaurant - Vineria & Bar|Sanzinia|4|2016-05-11
STRAUSS Restaurant - Vineria & Bar|Aritannori|4|2016-05-03
STRAUSS Restaurant - Vineria & Bar|235sandrab|1|2016-04-30
STRAUSS Restaurant - Vineria & Bar|460martined|4|2016-04-24
STRAUSS Restaurant - Vineria & Bar|589asdfa|2|2016-04-20
STRAUSS Restaurant - Vineria & Bar|Radvila|2|2016-04-15
STRAUSS Restaurant - Vineria & Bar|Watschka|4|2016-04-15
STRAUSS Restaurant - Vineria & Bar|angelabO1265MW|4|2016-04-07
STRAUSS Restaurant - Vineria & Bar|nticus|4|2016-03-24
STRAUSS Restaurant - Vineria & Bar|WernerandM-C|3|2016-03-21
STRAUSS Restaurant - Vineria & Bar|andreassS3626YT|3|2016-03-14
STRAUSS Restaurant - Vineria & Bar|martinwinti1000|5|2016-03-05
STRAUSS Restaurant - Vineria & Bar|tsigridt|1|2016-02-27
STRAUSS Restaurant - Vineria & Bar|sousaa2015|5|2016-02-23
STRAUSS Restaurant - Vineria & Bar|JM544|4|2016-02-20
STRAUSS Restaurant - Vineria & Bar|Liwiusz|4|2016-02-11
STRAUSS Restaurant - Vineria & Bar|gburg|4|2016-01-27
STRAUSS Restaurant - Vineria & Bar|Jackie8400|4|2016-01-23
STRAUSS Restaurant - Vineria & Bar|kaesbohrer|5|2016-01-09
STRAUSS Restaurant - Vineria & Bar|gerschellenberg|3|2016-01-03
STRAUSS Restaurant - Vineria & Bar|SabineI563|4|2015-12-21
STRAUSS Restaurant - Vineria & Bar|global-swiss|4|2015-12-16
STRAUSS Restaurant - Vineria & Bar|DanielS616|4|2015-12-15
STRAUSS Restaurant - Vineria & Bar|cheeky-kea|4|2015-12-07
STRAUSS Restaurant - Vineria & Bar|GelaKreuter|4|2015-11-23
STRAUSS Restaurant - Vineria & Bar|Q766XJlindat|3|2015-11-22
STRAUSS Restaurant - Vineria & Bar|Admira8400|3|2015-11-15
STRAUSS Restaurant - Vineria & Bar|mytrip_31|1|2015-11-14
STRAUSS Restaurant - Vineria & Bar|bepa2|5|2015-10-28
STRAUSS Restaurant - Vineria & Bar|swissstuff|4|2015-08-21
STRAUSS Restaurant - Vineria & Bar|UrsE_12|4|2015-07-29
STRAUSS Restaurant - Vineria & Bar|MZ-CH|5|2015-07-18
STRAUSS Restaurant - Vineria & Bar|jasmine_winti|3|2015-07-08
STRAUSS Restaurant - Vineria & Bar|Tschuteli|5|2015-06-16
STRAUSS Restaurant - Vineria & Bar|swissstuff|4|2015-06-12
STRAUSS Restaurant - Vineria & Bar|CABAREDI|4|2015-05-22
STRAUSS Restaurant - Vineria & Bar|436hanspeterk|4|2015-05-20
STRAUSS Restaurant - Vineria & Bar|Salvatore2608|3|2015-03-28
STRAUSS Restaurant - Vineria & Bar|RattAdvisor|3|2015-03-01
STRAUSS Restaurant - Vineria & Bar|Le_petit_sommelier93|2|2015-02-05
STRAUSS Restaurant - Vineria & Bar|michaelaB8646JM|4|2015-02-03
STRAUSS Restaurant - Vineria & Bar|manuels160|4|2015-01-16
STRAUSS Restaurant - Vineria & Bar|xelman46|4|2015-01-07
STRAUSS Restaurant - Vineria & Bar|831matthiase|3|2014-12-09
STRAUSS Restaurant - Vineria & Bar|Inefraesi|4|2014-11-25
STRAUSS Restaurant - Vineria & Bar|ElisaSydney|5|2014-11-24
STRAUSS Restaurant - Vineria & Bar|sbethe|4|2014-11-10
STRAUSS Restaurant - Vineria & Bar|Moswey_Hitsch|4|2014-09-16
STRAUSS Restaurant - Vineria & Bar|TheKitchener|3|2014-09-01
STRAUSS Restaurant - Vineria & Bar|bernhardf395|4|2014-08-21
STRAUSS Restaurant - Vineria & Bar|bewersdorff|4|2014-08-13
STRAUSS Restaurant - Vineria & Bar|322fritzw|5|2014-05-28
STRAUSS Restaurant - Vineria & Bar|RetoG248|5|2014-04-29
STRAUSS Restaurant - Vineria & Bar|253thomask|4|2014-03-23
STRAUSS Restaurant - Vineria & Bar|GeriM489|4|2014-01-22
STRAUSS Restaurant - Vineria & Bar|Gourmessa2014|3|2014-01-15
STRAUSS Restaurant - Vineria & Bar|unsroundtheworld|3|2013-12-21
STRAUSS Restaurant - Vineria & Bar|jjj_12|4|2013-12-07
STRAUSS Restaurant - Vineria & Bar|hilippS247|4|2013-11-30
STRAUSS Restaurant - Vineria & Bar|hansulrichmeier|3|2013-11-16
STRAUSS Restaurant - Vineria & Bar|99rogers|4|2013-09-03
STRAUSS Restaurant - Vineria & Bar|Moswey_Hitsch|4|2013-08-27
STRAUSS Restaurant - Vineria & Bar|kaddie85|4|2013-05-14
STRAUSS Restaurant - Vineria & Bar|MZ-CH|5|2013-05-06
STRAUSS Restaurant - Vineria & Bar|FredyO_11|5|2013-04-15
STRAUSS Restaurant - Vineria & Bar|Kaiser96|3|2013-01-23
STRAUSS Restaurant - Vineria & Bar|tschaese|5|2012-12-19
STRAUSS Restaurant - Vineria & Bar|martinbue|4|2012-06-01
STRAUSS Restaurant - Vineria & Bar|germanpcgirl|4|2012-05-01
STRAUSS Restaurant - Vineria & Bar|nicolausi|5|2012-04-05
STRAUSS Restaurant - Vineria & Bar|ManuelF518|1|2011-09-24
STRAUSS Restaurant - Vineria & Bar|jason7401|4|2011-08-26
STRAUSS Restaurant - Vineria & Bar|ClaudiaB98|4|2011-08-09
STRAUSS Restaurant - Vineria & Bar|stephdo999|4|2011-07-28
STRAUSS Restaurant - Vineria & Bar|gisingen|5|2010-11-25
STRAUSS Restaurant - Vineria & Bar|DanielaH1052|5|2008-04-29
STRAUSS Restaurant - Vineria & Bar|aulineLeicester|5|2020-01-14
STRAUSS Restaurant - Vineria & Bar|Kven_1271|5|2017-06-14
STRAUSS Restaurant - Vineria & Bar|holshollister|3|2016-05-28
STRAUSS Restaurant - Vineria & Bar|Vancouverregular|5|2016-05-03
STRAUSS Restaurant - Vineria & Bar|sgec1105|5|2016-01-09
STRAUSS Restaurant - Vineria & Bar|Baerli50|4|2015-02-19
STRAUSS Restaurant - Vineria & Bar|Rud0lfG|3|2014-12-03
STRAUSS Restaurant - Vineria & Bar|_laparoto|4|2014-09-23
STRAUSS Restaurant - Vineria & Bar|achel69inman|3|2013-11-23
STRAUSS Restaurant - Vineria & Bar|NicoleI454|5|2013-10-03
STRAUSS Restaurant - Vineria & Bar|TreeandDonkey|4|2013-04-25
STRAUSS Restaurant - Vineria & Bar|drn01|5|2013-04-18
STRAUSS Restaurant - Vineria & Bar|Goldi09|5|2012-05-28
Ristorante - Pizzeria Cardinal|Wander16554162948|5|2023-05-03
Ristorante - Pizzeria Cardinal|Allesesser59|1|2020-07-03
Ristorante - Pizzeria Cardinal|Meerrauschen|5|2020-06-07
Ristorante - Pizzeria Cardinal|vincrusso|5|2020-06-06
Ristorante - Pizzeria Cardinal|JaMe2020|5|2020-02-18
Ristorante - Pizzeria Cardinal|ab7111|5|2019-11-28
Ristorante - Pizzeria Cardinal|annmE9936GC|5|2019-05-24
Ristorante - Pizzeria Cardinal|807rolfh|5|2019-04-12
Ristorante - Pizzeria Cardinal|melonapple5|5|2019-04-12
Ristorante - Pizzeria Cardinal|Masterkimmo33|5|2019-02-07
Ristorante - Pizzeria Cardinal|Salvatore2608|4|2018-12-15
Ristorante - Pizzeria Cardinal|tangimoana|2|2018-07-21
Ristorante - Pizzeria Cardinal|plusminus22|3|2018-06-05
Ristorante - Pizzeria Cardinal|andreabI3144WV|5|2018-04-13
Ristorante - Pizzeria Cardinal|gerngutEsserIn|5|2018-02-02
Ristorante - Pizzeria Cardinal|vuilleumier|5|2018-01-27
Ristorante - Pizzeria Cardinal|vuilleumier|5|2017-11-06
Ristorante - Pizzeria Cardinal|1dc6|5|2017-10-22
Ristorante - Pizzeria Cardinal|vuilleumier|5|2017-08-09
Ristorante - Pizzeria Cardinal|Elsbeth2014|5|2017-06-28
Ristorante - Pizzeria Cardinal|amelliger|4|2017-06-10
Ristorante - Pizzeria Cardinal|amelliger|4|2017-02-05
Ristorante - Pizzeria Cardinal|Vilikos|4|2017-01-22
Ristorante - Pizzeria Cardinal|VilikosNeo|4|2017-01-21
Ristorante - Pizzeria Cardinal|Grischa26|5|2017-01-10
Ristorante - Pizzeria Cardinal|TimoUnti|5|2016-11-04
Ristorante - Pizzeria Cardinal|patricksK9968SB|5|2016-10-15
Ristorante - Pizzeria Cardinal|nutnik70|5|2016-08-04
Ristorante - Pizzeria Cardinal|cmoeller2016|5|2016-08-02
Ristorante - Pizzeria Cardinal|peHed|5|2016-07-22
Ristorante - Pizzeria Cardinal|Alessiiiio|1|2016-05-08
Ristorante - Pizzeria Cardinal|172martino|5|2016-03-15
Ristorante - Pizzeria Cardinal|Sceadu74|4|2016-03-07
Ristorante - Pizzeria Cardinal|utierre|5|2016-02-02
Ristorante - Pizzeria Cardinal|melonapple5|5|2016-01-08
Ristorante - Pizzeria Cardinal|Soledad6|5|2015-11-17
Ristorante - Pizzeria Cardinal|C-Winti85|5|2015-10-07
Ristorante - Pizzeria Cardinal|pennellac|4|2015-08-12
Ristorante - Pizzeria Cardinal|Radvila|4|2015-05-30
Ristorante - Pizzeria Cardinal|722andreasr|5|2015-04-10
Ristorante - Pizzeria Cardinal|517caesarw|5|2015-03-05
Ristorante - Pizzeria Cardinal|RudolfJ_13|5|2014-10-07
Ristorante - Pizzeria Cardinal|Mvvri|4|2014-08-03
Ristorante - Pizzeria Cardinal|744lukask|3|2014-06-29
Ristorante - Pizzeria Cardinal|947markusd|5|2013-12-17
Ristorante - Pizzeria Cardinal|Andylop|4|2013-07-08
Ristorante - Pizzeria Cardinal|Andylop|3|2013-01-27
Ristorante - Pizzeria Cardinal|357erikw|5|2019-08-28
Ristorante - Pizzeria Cardinal|sgec1105|4|2017-02-11
Wintikanne|corisch|5|2021-07-16
Wintikanne|Widmausl|5|2020-07-25
Wintikanne|Travelaround2016|5|2020-06-20
Wintikanne|World_Traveller_8633|4|2020-06-05
Wintikanne|KhengU1|4|2019-12-21
Wintikanne|757yvonnen|4|2019-10-26
Wintikanne|Maps219101|5|2019-08-13
Wintikanne|smafri|4|2019-06-05
Wintikanne|Gnominchen|5|2019-04-12
Wintikanne|uwa64|4|2019-03-21
Wintikanne|MartinW4810|5|2018-12-09
SteibiChuchi|tiger_finkli_8400|5|2022-01-22
SteibiChuchi|Weltenbummler1378808|5|2021-05-11
SteibiChuchi|momo_faber1337|5|2021-05-11
SteibiChuchi|Benjahmin93|5|2021-05-10
Brasserie Reh|dewan223|4|2024-08-19
Brasserie Reh|peterroetheli|1|2024-05-13
Brasserie Reh|266marisah|5|2024-02-29
Brasserie Reh|niimbu|4|2023-12-12
Brasserie Reh|Sherpa52574996937|3|2023-12-05
Brasserie Reh|Happiness12096999675|1|2023-07-11
Brasserie Reh|V4029DHannamariad|1|2023-05-28
Brasserie Reh|Maps725088|1|2023-05-23
Brasserie Reh|Vespertilio|4|2022-12-02
Brasserie Reh|BalzanB|5|2022-11-27
Brasserie Reh|Footprints756619|1|2022-08-09
Brasserie Reh|ngridm342|2|2022-08-01
Brasserie Reh|StephanR854|2|2022-06-07
Brasserie Reh|489fw|5|2022-05-03
Brasserie Reh|andolphegg|3|2022-04-09
Brasserie Reh|Basti47|5|2022-03-28
Brasserie Reh|845natashau|5|2022-02-26
Brasserie Reh|MarkWinti|4|2022-02-21
Brasserie Reh|SajoBi|1|2022-02-15
Brasserie Reh|E2426VQ|5|2022-01-31
Brasserie Reh|GiorgioB286|5|2021-12-12
Brasserie Reh|G5327VD|2|2021-12-05
Brasserie Reh|Y4162OGannag|3|2021-10-02
Brasserie Reh|sarahsN4382JO|4|2021-07-23
Brasserie Reh|matthipam|5|2021-05-24
Brasserie Reh|snncrr|3|2021-05-10
Brasserie Reh|Nisch7|5|2021-05-08
Brasserie Reh|Susanna-Margrith|5|2020-09-24
Pulcinella|Wander16554162948|5|2023-08-10
Pulcinella|Guide14850254747|5|2023-07-26
Pulcinella|natalielaaura|2|2022-10-21
Pulcinella|ChiaraC0609|5|2021-07-06
Pulcinella|molino89|4|2020-09-15
Pulcinella|Sarah_Lindner|5|2020-06-18
Pulcinella|karinp226|4|2019-11-05
Pulcinella|zipperbysam|4|2019-10-05
Pulcinella|Muuude|4|2019-09-08
Pulcinella|323uh|2|2019-08-27
Pulcinella|mezzle99|5|2019-05-01
Pulcinella|871haraldf|4|2019-04-18
Pulcinella|tschuudi|5|2019-04-02
Pulcinella|amelliger|3|2018-11-08
Pulcinella|Vespertilio|4|2018-11-04
Pulcinella|RolfKH|4|2018-10-20
Pulcinella|michelegB8406VL|4|2018-08-21
Pulcinella|ChrisS12768|3|2018-08-07
Pulcinella|Marcheline111|5|2018-07-14
Pulcinella|uelihafner|5|2018-05-08
Pulcinella|Muuude|5|2018-03-03
Pulcinella|aline8400|4|2018-02-25
Pulcinella|Muuude|5|2018-01-12
Pulcinella|pumpeline|5|2018-01-10
Pulcinella|EvaR272|5|2017-10-28
Pulcinella|Muuude|5|2017-09-26
Pulcinella|ValentinM1243|1|2017-05-10
Pulcinella|MarcH3223|5|2017-04-30
Pulcinella|542rogerr|5|2017-04-01
Pulcinella|486jeannineb|1|2017-02-19
Pulcinella|An1t8|5|2016-08-29
Pulcinella|doppelmeter|5|2016-06-29
Pulcinella|741rogerg|5|2016-04-03
Pulcinella|Lynissea|5|2016-02-22
Pulcinella|winterthur2015|5|2016-01-25
Pulcinella|gebizzle|5|2015-11-11
Pulcinella|LasVegas2323|4|2015-06-05
Pulcinella|Soledad6|5|2015-04-09
Pulcinella|yolandav770|1|2014-07-28
Pulcinella|TastyHomer|5|2014-03-09
Pulcinella|947markusd|5|2013-12-09
Pulcinella|Sakkura|4|2013-10-08
Pulcinella|441ursulak|5|2020-01-10
Pulcinella|mmgk|5|2016-12-01
Pulcinella|TimMarshall29|5|2015-09-20
Pulcinella|Swapnil_Soni|4|2014-07-30
Restaurant Technorama|WERMEI|4|2022-05-05
Restaurant Technorama|Sternlis|3|2020-12-06
Restaurant Technorama|Dominique1970|3|2020-10-20
Restaurant Technorama|ter_Meierhans|2|2019-06-11
Restaurant Technorama|ErkundeDieWelt|3|2018-11-14
Restaurant Technorama|alexp970|3|2018-11-07
Restaurant Technorama|johndutl|3|2019-04-10
Restaurant Technorama|574pradeepk|3|2018-11-16
Bocciodromo|Vitudurum1892|5|2022-02-23
Bocciodromo|Climber56947471937|5|2021-12-09
Bocciodromo|AlessandraM4284|1|2021-07-03
Bocciodromo|moritzg262|5|2021-02-12
Bocciodromo|Martin_P6219|5|2019-09-18
Bocciodromo|sarahlucia26|5|2019-08-07
Bocciodromo|Rosy-1994|4|2019-04-16
Bocciodromo|Skarholt|5|2019-03-01
Bocciodromo|ErnestoLibero|3|2018-12-09
Bocciodromo|valentinor852|5|2017-10-12
Bocciodromo|S3671YWdavidg|2|2017-09-10
Bocciodromo|uwa64|5|2017-07-27
Bocciodromo|Tikitom_Casper|5|2017-05-04
Bocciodromo|758RJmarcop|1|2017-04-23
Bocciodromo|732raffaelg|5|2016-12-09
Bocciodromo|D9259CPfrancescad|5|2016-06-05
Bocciodromo|Nicole-Grinsi|4|2015-12-15
Bocciodromo|Cosmopolitan384661|5|2015-09-25
Bocciodromo|bottegarenato|4|2015-05-31
Bocciodromo|amica901|4|2015-04-23
Bocciodromo|CorneliaS898|4|2015-03-18
Bocciodromo|LucaGrosso|1|2014-11-02
Bocciodromo|Chantal_ZH70|5|2014-07-22
Bocciodromo|MZ-CH|5|2013-04-21
Bocciodromo|842MarkB|4|2014-09-16
Bocciodromo|HerbertDi|4|2013-09-29
Restaurant Liebenau|Sightseer745659|4|2018-03-27
Restaurant Liebenau|Sightseer745659|5|2018-01-17
Restaurant Liebenau|Luca0031|1|2017-05-31
dieci Pizza Kurier Winterthur|KreativerWinkler|5|2023-12-08
dieci Pizza Kurier Winterthur|djdififklfk|5|2021-03-30
dieci Pizza Kurier Winterthur|swissuese|4|2019-06-09
dieci Pizza Kurier Winterthur|Discover829133|4|2018-10-25
dieci Pizza Kurier Winterthur|SatashaS|5|2016-10-10
dieci Pizza Kurier Winterthur|_regional_saisonal_|5|2016-09-16
dieci Pizza Kurier Winterthur|marinawinti|5|2016-03-28
dieci Pizza Kurier Winterthur|535patrikm|5|2015-08-20
dieci Pizza Kurier Winterthur|Leinad079|2|2014-11-04
dieci Pizza Kurier Winterthur|Mustardkitten|5|2014-09-07
dieci Pizza Kurier Winterthur|_laparoto|4|2016-02-23
Gerrys Bar|nfachNachschlagen|1|2023-02-11
Gerrys Bar|profe822|5|2022-07-09
Gerrys Bar|Haukinator|5|2020-11-29
Gerrys Bar|BUW8400|5|2020-08-24
Gerrys Bar|sandrawP9356TL|5|2020-06-17
Gerrys Bar|ancescocP7856ZP|5|2020-05-17
Gerrys Bar|kas932|5|2020-01-27
Gerrys Bar|Jochanan658|5|2019-11-17
Gerrys Bar|SvenG2411|5|2019-09-16
Gerrys Bar|viramonaro|5|2019-07-01
Gerrys Bar|mrgoagoa|4|2019-06-30
Gerrys Bar|BBlattmer|5|2018-12-12
Gerrys Bar|BBlattmer|5|2018-10-03
Gerrys Bar|499matthiasn|5|2018-09-21
Gerrys Bar|Jochanan658|5|2018-07-21
Gerrys Bar|Jochanan658|5|2018-05-28
Gerrys Bar|mazzottagiovanni1988|5|2018-05-23
Gerrys Bar|Tolla00|3|2018-01-04
Gerrys Bar|andreasgregro|4|2020-02-24
Pizzeria Pulcinella|anziskasB4968HQ|5|2023-08-08
Pizzeria Pulcinella|not4alltheteainchina|3|2020-08-07
Gasthaus Schlosshalde|HanspeterF938|4|2024-01-24
Gasthaus Schlosshalde|MarkWinti|5|2022-11-27
Gasthaus Schlosshalde|Vespertilio|5|2022-08-03
Gasthaus Schlosshalde|530oliviaz|1|2022-05-26
Gasthaus Schlosshalde|Gochlinger|4|2022-01-31
Gasthaus Schlosshalde|RolfKH|4|2021-12-29
Gasthaus Schlosshalde|TSC1111|5|2020-11-09
Gasthaus Schlosshalde|ghisi2|5|2020-08-06
Gasthaus Schlosshalde|763stefanj|5|2020-06-06
Gasthaus Schlosshalde|255np|5|2020-05-20
Gasthaus Schlosshalde|Gbo1943|5|2020-01-25
Gasthaus Schlosshalde|Mala82|4|2019-11-02
Gasthaus Schlosshalde|michaelnH874BQ|4|2019-07-23
Gasthaus Schlosshalde|413ren_k|5|2019-05-24
Gasthaus Schlosshalde|McFishby|5|2019-05-13
Gasthaus Schlosshalde|uciag515|5|2019-04-27
Gasthaus Schlosshalde|Suisse65|4|2019-01-21
Gasthaus Schlosshalde|Chrigel2014|5|2019-01-12
Gasthaus Schlosshalde|2016Rosebud|5|2018-10-22
Gasthaus Schlosshalde|Werenfels|3|2018-07-23
Gasthaus Schlosshalde|ML-Schweiz|5|2018-03-17
Gasthaus Schlosshalde|RenatoW_13|5|2018-02-17
Gasthaus Schlosshalde|ttof841|4|2018-02-12
Gasthaus Schlosshalde|842MarkB|4|2017-11-06
Gasthaus Schlosshalde|Inebea|5|2017-09-24
Gasthaus Schlosshalde|michaelsK9897NY|5|2017-09-17
Gasthaus Schlosshalde|Trutt71|5|2016-11-13
Gasthaus Schlosshalde|Jones-Boarder|4|2016-11-06
Gasthaus Schlosshalde|SandroKeller|5|2016-10-14
Gasthaus Schlosshalde|jhaasenritter|4|2016-07-26
Gasthaus Schlosshalde|StrandCH|4|2016-07-04
Gasthaus Schlosshalde|172martino|5|2016-05-17
Gasthaus Schlosshalde|358emim|1|2016-04-03
Gasthaus Schlosshalde|TomXY2015|5|2016-02-07
Gasthaus Schlosshalde|Lukas_hil|5|2015-12-28
Gasthaus Schlosshalde|NikB545|5|2015-12-20
Gasthaus Schlosshalde|hrthfzj|4|2015-08-13
Gasthaus Schlosshalde|777stefanu|5|2015-08-07
Gasthaus Schlosshalde|swissy1983|4|2015-05-18
Gasthaus Schlosshalde|konradm400|4|2015-03-02
Gasthaus Schlosshalde|Trubels|2|2014-11-28
Gasthaus Schlosshalde|A5204DOthomasm|4|2014-10-28
Gasthaus Schlosshalde|mueller_gutstr|4|2014-07-09
Gasthaus Schlosshalde|OliverA397|3|2013-07-27
Gasthaus Schlosshalde|Oldsmobil|5|2013-07-26
Gasthaus Schlosshalde|Sternkind|5|2013-07-25
Gasthaus Schlosshalde|gregorb736|5|2013-07-20
Gasthaus Schlosshalde|melaniem846|5|2013-07-20
Gasthaus Schlosshalde|meiemo|5|2013-05-23
Gasthaus Schlosshalde|Bzw|3|2012-12-28
Gasthaus Schlosshalde|Bzw|4|2012-11-09
Gasthaus Schlosshalde|Staunender|4|2019-01-06
Gasthaus Schlosshalde|SiuMui|5|2017-07-05
Gasthaus Schlosshalde|E3892TYrebeccaa|5|2017-01-01
Hi&da|Reinerpflanz|3|2023-08-16
Hi&da|schtummi|5|2021-09-12
Hi&da|BUW8400|5|2020-09-26
Hi&da|790saschan|5|2019-10-10
Hi&da|c0rsinc|5|2019-08-16
Hi&da|MarinaCaeciliaK|3|2019-03-14
Hi&da|puffinsandmuffins|5|2019-02-08
Hi&da|andreaN339FE|5|2019-01-26
Hi&da|georgf387|5|2019-01-16
Hi&da|Mala82|4|2018-12-29
Hi&da|Connector63332754631|5|2018-11-06
Hi&da|F4683PHmartinw|5|2018-08-03
Hi&da|Cabrio44|4|2018-06-13
Hi&da|amelliger|5|2018-06-07
Hi&da|Reisender87|5|2018-03-18
Hi&da|Matteuzzo|5|2018-02-17
Hi&da|jasmine_winti|5|2018-01-22
Hi&da|Excursion721196|5|2018-01-12
Hi&da|Eggitelli|4|2017-09-26
Hi&da|321claudiak|4|2017-10-11
Wein-Punkt|812dominiks|5|2022-07-08
Wein-Punkt|Bunischem|5|2019-09-20
Wein-Punkt|jorgejalvarez|1|2019-04-12
Wein-Punkt|SarahS13288|4|2018-09-16
Wein-Punkt|nadviser|5|2018-08-28
grepery|551valed|5|2024-05-10
grepery|Curious48377967959|5|2024-03-27
grepery|bine-ich|5|2024-03-24
grepery|SamirAsghar|5|2024-02-06
grepery|xtercy|5|2024-01-27
grepery|GrandTour59524074422|5|2024-01-26
grepery|Explorer26345671935|5|2024-01-20
grepery|Voyage39273733371|5|2024-01-20
grepery|Safari12261771092|5|2024-01-15
grepery|OnAir03453285349|5|2024-01-14
grepery|Maps22160259853|5|2024-01-14
grepery|sepH3049IZ|5|2024-01-05
grepery|srshana|4|2024-01-02
grepery|Camper29086361076|5|2023-12-29
grepery|MikeCH8472|5|2023-08-16
grepery|Seaside57570084178|5|2023-07-21
grepery|JuliaInesG1|5|2023-05-21
grepery|Benaja07|1|2023-05-14
grepery|viaggiatricee15|1|2023-04-24
grepery|Road815123|5|2023-04-14
grepery|Wilddanny72|5|2022-01-04
grepery|Simon_F00|5|2021-11-06
grepery|peterroetheli|5|2021-05-24
grepery|VreniRolfK|5|2021-01-10
grepery|CoHaLi|5|2020-09-22
grepery|Selyo1453|4|2020-08-28
grepery|aenaenna|5|2020-07-31
grepery|MirkoG1161|1|2020-07-21
grepery|RolandHitz|3|2020-03-14
grepery|StefeeG|5|2020-02-17
grepery|david-f-124267|5|2019-11-11
grepery|worldfoodys|2|2019-10-12
grepery|jasim2016|5|2019-10-04
grepery|annagT7445DV|5|2019-09-12
grepery|MartinaM3823|5|2019-08-06
grepery|GR2102|5|2019-07-28
grepery|Matthiasson|4|2019-07-22
grepery|Compass14675258535|4|2019-06-18
grepery|Nadinebonheur|5|2019-06-17
grepery|neer22222740230|4|2019-06-16
grepery|topolino7|4|2019-06-15
grepery|Trek41032483624|4|2019-06-15
grepery|JasminF362|3|2019-06-15
grepery|Happiness25329673518|4|2019-06-15
grepery|Tourist16566030362|5|2019-06-14
grepery|Adventure619892|5|2019-06-14
grepery|Reisemaus06|5|2019-06-14
grepery|aribi|5|2019-06-10
grepery|Navigator02864757660|4|2019-06-07
grepery|Road68254577177|5|2019-06-07
grepery|Safari50149355944|5|2019-06-06
grepery|Road55503318581|4|2019-06-06
grepery|828elisabethk|4|2019-06-06
grepery|Curiosity21084522902|5|2019-06-06
grepery|DayTrip21589584203|5|2019-06-06
grepery|StefanF2069|5|2019-06-06
grepery|Sherpa28647875381|5|2019-06-06
grepery|RebWas|5|2019-05-29
grepery|afireview|5|2019-05-11
grepery|stefanw374|5|2019-04-25
grepery|MJPK8335|5|2019-04-12
grepery|Matthiasson|5|2019-02-22
grepery|TravelNishi|2|2019-02-11
grepery|Suri-from-Winterthur|4|2019-02-08
grepery|Flyingdutchman_97|5|2019-01-21
grepery|sors|5|2019-01-17
grepery|dofexcellence|4|2018-12-29
grepery|Matthiasson|5|2018-12-29
grepery|Fibi83|4|2018-12-29
grepery|500MB18|4|2018-12-23
grepery|hinterland|5|2018-12-17
grepery|Connector63332754631|5|2018-11-06
grepery|U4229XMpatricka|2|2018-11-04
grepery|gourmettino|5|2018-10-15
grepery|sara9955|1|2018-10-07
grepery|Trail815560|5|2018-09-15
grepery|Global815116|5|2018-09-13
grepery|ClaudioM619|5|2018-09-13
grepery|614claudiof|5|2018-08-26
grepery|Iliza|3|2018-07-25
grepery|TravelNishi|3|2018-07-25
grepery|ancello3|2|2018-05-16
grepery|TheKringel|4|2018-02-24
grepery|50fabiant|2|2018-01-14
grepery|DC8352|4|2017-12-04
grepery|Bassman0711|4|2017-11-11
grepery|777stefanu|3|2017-11-11
grepery|Romifers|4|2017-09-26
grepery|mk8000|5|2017-09-09
grepery|alfredfeuz2017|5|2017-08-24
grepery|chepassa|3|2017-08-21
grepery|haennchenundgretel|5|2017-08-18
grepery|auraseif|5|2017-08-14
grepery|berishil|3|2017-07-21
grepery|310c_linew|5|2017-06-16
grepery|sakas74|4|2017-06-03
grepery|Divinggirl81|2|2017-04-28
grepery|206benjaminf|4|2017-03-16
grepery|Verdant81|4|2017-02-24
grepery|116mz|3|2017-02-20
grepery|Mala82|4|2017-02-03
grepery|293sanjar|4|2016-11-16
grepery|koebi75|4|2016-11-05
grepery|karlinlindner|5|2016-11-02
grepery|armada1984|4|2016-10-20
grepery|binaamurati|5|2016-10-12
grepery|Zolou_Weilo|2|2016-09-19
grepery|Samnaobell|2|2016-09-12
grepery|Samba2007|4|2016-09-10
grepery|kevinlV2780LC|5|2016-08-27
grepery|ManuelaS3325|5|2016-07-27
grepery|Arkito|3|2016-06-27
grepery|FranziskaR248|4|2016-06-24
grepery|584selinaw|5|2016-06-22
grepery|FlyGripen|4|2016-06-08
grepery|EarwenEarendil|4|2016-06-06
grepery|952tizians|4|2016-06-05
grepery|dant224|3|2016-04-23
grepery|pumpeline|4|2016-04-09
grepery|corinnegemperli|5|2016-04-02
grepery|754brigittep|5|2016-03-06
grepery|bienli69|5|2016-02-10
grepery|dodolauti|4|2016-02-09
grepery|martinwinti1000|4|2016-02-07
grepery|ail_and_noreply|1|2016-02-03
grepery|tanyagossweiler|3|2016-01-22
grepery|Matteta|4|2016-01-21
grepery|kleingoku|1|2016-01-17
grepery|schtummi|3|2015-12-08
grepery|Mezler|5|2015-11-29
grepery|Roebi71|5|2015-11-25
grepery|709sybillen|3|2015-11-07
grepery|yrofan82|4|2015-11-01
grepery|MartinZ738|4|2015-10-18
grepery|Fishermansfriend2015|4|2015-10-03
grepery|milenab232|5|2015-09-28
grepery|silkea2015|5|2015-09-19
grepery|momuwi|4|2015-08-18
grepery|ReaB|4|2015-08-12
grepery|FrankBarner|4|2015-07-08
grepery|Garon-bm|4|2015-06-11
grepery|JenniAdams|5|2015-06-03
grepery|Marvvelous|5|2015-05-09
grepery|JuiceJus|5|2015-02-10
grepery|865DanielC|4|2015-02-03
grepery|karinli_binli|4|2015-02-02
grepery|715melanief|4|2015-01-20
grepery|comewithus2|4|2015-01-05
grepery|como4321|4|2014-11-30
grepery|97jasming|1|2014-10-28
grepery|NathaliePerucchi|5|2014-10-20
grepery|Mila9091|5|2014-09-08
grepery|Clem147|5|2014-09-07
grepery|t0c|3|2014-09-05
grepery|948d_sir_ep|4|2014-08-12
grepery|TamK128|5|2014-06-08
grepery|svhubmann|5|2014-04-15
grepery|Springfloh|5|2014-02-27
grepery|Galago1962|5|2014-02-16
grepery|948lenar|3|2013-11-25
grepery|gli_desiree|5|2013-10-13
grepery|Tamaragoesaround|3|2013-07-10
grepery|MichelleH166|4|2013-06-26
grepery|Meerrauschen|5|2012-11-07
grepery|Satoriosaka|4|2012-10-15
grepery|MarcelK748|5|2012-08-31
grepery|Radvila|1|2012-08-06
grepery|EduardoM4559|5|2016-12-27
grepery|JenniAdams|5|2016-09-07
grepery|_laparoto|4|2016-04-21
grepery|peterpM3050OC|5|2016-01-26
grepery|Juna137|4|2016-01-23
grepery|vkam2013|4|2016-01-21
grepery|travelgrumpy|5|2016-01-13
grepery|paigem689|5|2015-11-24
grepery|bxx2|5|2015-01-08
grepery|achellerabbit|5|2013-12-19
grepery|stelladellasenna|4|2013-10-06
grepery|NicoleI454|3|2013-10-03
Nachbarsbox|Wander20477325790|5|2021-01-18
Nachbarsbox|mimicious|5|2020-10-25
Nachbarsbox|Raffaelpal|5|2020-09-22
Nachbarsbox|AndreasL3522|5|2020-02-15
Nachbarsbox|SarahS13288|5|2019-08-24
Nachbarsbox|OnAir821549|5|2019-08-21
Nachbarsbox|SarahS13288|5|2019-07-16
Nachbarsbox|33evelynez|4|2019-07-02
Nachbarsbox|MarioB3077|2|2019-03-15
Nachbarsbox|michaelnH874BQ|4|2019-01-20
Nachbarsbox|marmolitta|5|2018-11-09
Nachbarsbox|CellaZimmi|5|2018-09-12
Nachbarsbox|ukyonline|5|2018-08-20
Nachbarsbox|7421juliette|5|2018-07-09
Nachbarsbox|SkyFoxPro|5|2018-05-04
Nachbarsbox|MarcelR1751|5|2018-05-01
Nachbarsbox|M3850KKmichaelm|5|2018-04-26
Nachbarsbox|mse|5|2018-03-06
Nachbarsbox|Mrs_R_S_x|5|2018-03-01
Nachbarsbox|MelNat87|5|2018-01-27
Nachbarsbox|WimK1993|5|2017-11-03
Nachbarsbox|JensR1164|5|2017-11-02
Nachbarsbox|schibi|5|2017-11-01
Nachbarsbox|nnioc287|5|2017-10-27
Nachbarsbox|SebastianG4244|5|2017-10-27
Nachbarsbox|charlottek934|5|2017-10-27
Nachbarsbox|Werni50|5|2017-10-17
Nachbarsbox|Babs-Gisler|5|2017-10-14
Nachbarsbox|266jonass|5|2017-10-06
Nachbarsbox|NicoleS8035|5|2017-10-06
Grotto Maienried|terF4837|5|2024-05-25
Grotto Maienried|chpaar2016|5|2023-07-01
Grotto Maienried|JJ_Puudl|5|2020-08-23
Grotto Maienried|hrfrei|4|2018-11-06
Grotto Maienried|huck0815|5|2017-05-23
Grotto Maienried|xelman46|5|2016-07-23
Grotto Maienried|SandroI131|5|2016-05-08
Saffron Restaurant|andreassS3626YT|2|2021-04-24
Saffron Restaurant|Radvila|1|2021-04-17
Saffron Restaurant|ab7111|5|2020-06-26
Saffron Restaurant|522harryl|5|2020-03-14
Saffron Restaurant|GeniesserIn84|4|2020-02-22
Saffron Restaurant|Wunderbeiz|4|2020-02-16
Saffron Restaurant|monster1966|3|2020-02-08
Saffron Restaurant|hrlicher65|5|2020-01-05
Saffron Restaurant|HanspeterS130|5|2019-11-17
Saffron Restaurant|Schaefe_effi|5|2019-07-01
Saffron Restaurant|noms163|5|2019-06-15
Saffron Restaurant|husi_der_grosse|5|2019-05-26
Saffron Restaurant|Voyagista4000|5|2019-05-19
Saffron Restaurant|ATEWinterthur|5|2019-05-13
Saffron Restaurant|Joenusch|5|2019-05-08
Saffron Restaurant|j_r_mer773|5|2019-05-05
Saffron Restaurant|jiskoner|5|2019-04-30
Saffron Restaurant|Masterboempf|5|2019-04-26
Saffron Restaurant|Miinaaw|5|2019-04-26
Saffron Restaurant|vinzenzboner|5|2019-04-12
Saffron Restaurant|alfonse167|5|2019-03-22
Saffron Restaurant|HSQ_URP|5|2019-02-02
Saffron Restaurant|nca22|5|2019-01-29
Saffron Restaurant|berrys555|5|2019-02-19
China Restaurant Alin|mimicious|4|2020-10-25
China Restaurant Alin|MilenaB1932|5|2019-11-03
China Restaurant Alin|SchallUndRauch|4|2019-03-15
China Restaurant Alin|MelissaS6211|5|2018-11-30
China Restaurant Alin|manuela047|1|2018-11-27
Imbiss Aymez|Curiosity42601019066|1|2023-05-02
Imbiss Aymez|kogimogi|2|2021-11-01
Imbiss Aymez|MissesNicole|1|2021-07-20
Imbiss Aymez|Ato21|5|2021-03-23
Imbiss Aymez|Sandrollio|1|2020-01-14
Imbiss Aymez|BellaHuy|1|2019-03-12
Imbiss Aymez|Hermydiver|2|2018-06-23
Imbiss Aymez|Domi-fly|1|2017-04-07
Imbiss Aymez|607RobertD|5|2016-01-27
Imbiss Aymez|zd69du|3|2015-08-16
Domino's Pizza Winterthur Grüze|Discover49329474577|1|2023-05-19
Domino's Pizza Winterthur Grüze|YMOR88|1|2021-07-15
Taste Of Asia Nattana Thai Restaurant|TheEndy|5|2024-01-08
Taste Of Asia Nattana Thai Restaurant|Trek10775007459|3|2023-12-08
Taste Of Asia Nattana Thai Restaurant|Venture21315050314|1|2023-12-05
Taste Of Asia Nattana Thai Restaurant|InfernoVipa|5|2023-07-28
Taste Of Asia Nattana Thai Restaurant|amueller123|5|2023-07-08
Taste Of Asia Nattana Thai Restaurant|SimbaMolly|5|2023-06-17
Taste Of Asia Nattana Thai Restaurant|Y431EJelenip|5|2023-03-11
Taste Of Asia Nattana Thai Restaurant|tanjarV1606BZ|4|2022-12-03
Taste Of Asia Nattana Thai Restaurant|Soni-Clo|5|2022-04-30
Taste Of Asia Nattana Thai Restaurant|Sandria1975|1|2022-02-06
Taste Of Asia Nattana Thai Restaurant|Angibanig|5|2021-10-13
Taste Of Asia Nattana Thai Restaurant|te|5|2021-07-14
Taste Of Asia Nattana Thai Restaurant|sischneider|5|2021-03-10
Taste Of Asia Nattana Thai Restaurant|M1240AYsarahs|5|2021-01-30
Taste Of Asia Nattana Thai Restaurant|138martinv|1|2020-12-18
Taste Of Asia Nattana Thai Restaurant|sabi-i-h1978|4|2020-08-22
Restaurant The Billabong|bitingfish|5|2024-02-06
Restaurant The Billabong|Supeservice|5|2023-12-29
Restaurant The Billabong|Bassman0711|4|2022-02-01
Restaurant The Billabong|722chris|4|2018-08-31
Restaurant The Billabong|kjrkksj|5|2018-08-29
Restaurant The Billabong|Z3361EGpatrickg|5|2017-10-22
Restaurant The Billabong|te450|5|2017-08-14
Restaurant Zum Löwen||5|2024-03-29
Restaurant Zum Löwen|G5327VD|2|2022-07-03
Restaurant Zum Löwen|melanies4639|5|2020-11-28
Restaurant Zum Löwen|schnei|5|2020-05-16
Restaurant Zum Löwen|turco83|5|2019-11-28
Restaurant Zum Löwen|sarahkJ7933CG|5|2019-09-12
Restaurant Zum Löwen|sandrow320|1|2019-06-29
Restaurant Zum Löwen|Mala82|4|2019-06-22
Restaurant Zum Löwen|karinli_binli|5|2019-05-25
Restaurant Zum Löwen|tafflerbach|3|2019-05-15
Restaurant Zum Löwen|schnei|5|2019-03-22
Restaurant Zum Löwen|peggytime78|5|2018-12-19
Restaurant Zum Löwen|SeverinU7|5|2018-11-11
Restaurant Zum Löwen|Cruiser52877257631|5|2018-11-09
Restaurant Zum Löwen|Road791937|5|2018-10-12
Restaurant Zum Löwen|Dolomit1234|3|2018-08-14
Restaurant Zum Löwen|Art_ZH8000|2|2018-07-30
Restaurant Zum Löwen|maexx69|5|2018-05-28
Restaurant Zum Löwen|OliviaAngela24|5|2018-05-03
Restaurant Zum Löwen|Zacky0711|4|2018-04-20
Restaurant Zum Löwen|DeniseH3060|5|2018-03-18
Restaurant Zum Löwen|Admira8400|3|2017-11-23
Restaurant Zum Löwen|Erfolg12|5|2017-10-02
Restaurant Zum Löwen|RaanDesign_ch|5|2017-09-14
Restaurant Zum Löwen|335orlandod|5|2017-06-21
Restaurant Zum Löwen|makadini|5|2017-05-20
Restaurant Zum Löwen|tempcons|5|2017-05-14
Restaurant Zum Löwen|BeatZ_12|4|2017-04-11
Restaurant Zum Löwen|dithschellenberg|5|2017-03-29
Restaurant Zum Löwen|Christian_Reisen|5|2017-02-05
Restaurant Zum Löwen|NadineOnTourZH|5|2016-12-11
Restaurant Zum Löwen|mirop743|4|2016-11-19
Restaurant Zum Löwen|918anastasias|5|2016-11-01
Restaurant Zum Löwen|Andriiin|5|2016-10-22
Restaurant Zum Löwen|DominikR1251|5|2016-10-18
Restaurant Zum Löwen|sabellabrun0|2|2016-09-25
Restaurant Zum Löwen|699andih|4|2016-08-02
Restaurant Zum Löwen|DanielaB6205|5|2016-07-26
Restaurant Zum Löwen|uedin|4|2016-06-16
Restaurant Zum Löwen|marinawinti|5|2016-04-05
Restaurant Zum Löwen|Marina-melchior|1|2016-03-15
Restaurant Zum Löwen|gamaflot|4|2016-01-31
Restaurant Zum Löwen|454simonh|5|2015-12-15
Restaurant Zum Löwen|456marcelr|5|2015-11-01
Restaurant Zum Löwen|malija2015|1|2015-10-06
Restaurant Zum Löwen|adrigo8472|4|2015-09-28
Restaurant Zum Löwen|Cellino|5|2015-09-15
Restaurant Zum Löwen|Galago1962|4|2015-09-03
Restaurant Zum Löwen|maurog373|5|2015-08-09
Restaurant Zum Löwen|staguest|3|2015-08-05
Restaurant Zum Löwen|517caesarw|4|2015-07-02
Restaurant Zum Löwen|Zonkeydonkey|4|2015-06-11
Restaurant Zum Löwen|KuBaWi|5|2015-05-20
Restaurant Zum Löwen|616afrika|5|2015-02-26
Restaurant Zum Löwen|364markusv|4|2014-11-14
Restaurant Zum Löwen|andreassS3626YT|4|2014-07-16
Restaurant Zum Löwen|CHDavid5504|5|2014-01-21
Restaurant Zum Löwen|arlicht55|4|2013-11-07
Restaurant Zum Löwen|KuBaWi|5|2013-11-07
Restaurant Zum Löwen|speranto29|4|2013-09-23
Restaurant Zum Löwen|gurktaler|2|2013-07-30
Restaurant Zum Löwen|Turi_Censer|4|2012-01-14
Restaurant Zum Löwen|Radvila|5|2011-08-15
Restaurant Zum Löwen|cougar060|4|2011-07-21
Restaurant Zum Löwen|Flowwolf|4|2016-12-01
Taverne zum Hirschen|650alessioi|4|2024-05-16
Taverne zum Hirschen|Trail21190349427|5|2023-04-16
Taverne zum Hirschen|Charger1969|5|2018-10-28
Taverne zum Hirschen|aulerni|5|2016-11-02
Taverne zum Hirschen|Dieter_Kr|5|2013-11-04
Taverne zum Hirschen|Radvila|4|2011-10-15
Taverne zum Hirschen|RafG903|5|2011-09-01
Taverne zum Hirschen|DanielaH1052|5|2008-04-29
Zum Hinteren Hecht|davbaer|5|2022-09-07
Zum Hinteren Hecht|thetankis|5|2020-06-09
Zum Hinteren Hecht|NoraB1989|1|2020-01-17
Zum Hinteren Hecht|JasminS1513|5|2019-12-01
Zum Hinteren Hecht|Chrigel2014|5|2019-11-04
Zum Hinteren Hecht|Toess|5|2019-10-31
Zum Hinteren Hecht|BenjaminB3982|5|2019-10-13
Zum Hinteren Hecht|HolzmanoLagrene|5|2019-10-02
Zum Hinteren Hecht|Verriberi|5|2019-10-02
Zum Hinteren Hecht|aceline90|5|2019-10-02
Zum Hinteren Hecht|J0N4TH4N91|5|2019-10-02
Zum Hinteren Hecht|TiKoWi|3|2019-08-30
Zum Hinteren Hecht|124ZA34kln|4|2019-07-29
Zum Hinteren Hecht|nates825|1|2019-07-09
Zum Hinteren Hecht|FrauGenuss|5|2019-06-17
Les Coulisses Bar Brasserie Cafe|heidiundalbertp|5|2023-01-11
Les Coulisses Bar Brasserie Cafe|Vespertilio|5|2022-11-06
Les Coulisses Bar Brasserie Cafe|Moswey_Hitsch|5|2021-02-23
Les Coulisses Bar Brasserie Cafe|Relax719097|5|2021-01-05
Les Coulisses Bar Brasserie Cafe|M5349DCstefans|5|2020-01-19
Les Coulisses Bar Brasserie Cafe|gbaule122|4|2019-12-01
Les Coulisses Bar Brasserie Cafe|ukarin|5|2019-10-02
Les Coulisses Bar Brasserie Cafe|J4ckL33|5|2018-09-23
Les Coulisses Bar Brasserie Cafe|ursfries|4|2018-01-02
Les Coulisses Bar Brasserie Cafe|StefanieM1573|1|2017-11-24
Les Coulisses Bar Brasserie Cafe|vorn2015|5|2017-05-08
Les Coulisses Bar Brasserie Cafe|Martin_P6219|5|2016-06-01
Les Coulisses Bar Brasserie Cafe|monika763|4|2015-12-27
Les Coulisses Bar Brasserie Cafe|vdheiden|5|2015-12-14
Les Coulisses Bar Brasserie Cafe|peterkp123|5|2015-09-29
Les Coulisses Bar Brasserie Cafe|sazy2015|4|2015-02-26
Les Coulisses Bar Brasserie Cafe|Zenzi13|4|2014-10-07
Restaurant Ibis Winterthur City|assport36343290490|5|2023-11-14
Restaurant Ibis Winterthur City|Manfred85293|1|2014-02-26
asiaway Archhöfe|Mattness7|2|2024-08-16
asiaway Archhöfe|Nomad63725791313|1|2024-07-23
asiaway Archhöfe|Nomad64902654053|5|2024-03-30
asiaway Archhöfe|Cruiser17912240719|5|2023-09-29
asiaway Archhöfe|blauersieg|5|2023-02-15
asiaway Archhöfe|Excursion06278189314|3|2022-10-07
asiaway Archhöfe|HaraldK167|4|2021-07-03
asiaway Archhöfe|MarcelB3101|1|2021-05-22
asiaway Archhöfe|HaraldK167|5|2020-10-14
asiaway Archhöfe|Basil1412|4|2020-10-10
asiaway Archhöfe|SarahS13288|4|2020-02-09
asiaway Archhöfe|ab7111|5|2020-01-24
asiaway Archhöfe|downtownviva|2|2020-01-11
asiaway Archhöfe|Avorivero|2|2019-12-27
asiaway Archhöfe|Travelaround2016|4|2019-11-30
asiaway Archhöfe|LauraC5840|2|2019-11-26
asiaway Archhöfe|LangstrumpfPippi|5|2019-11-22
asiaway Archhöfe|jul612|1|2019-09-18
asiaway Archhöfe|K7950MDricardog|4|2019-09-07
asiaway Archhöfe|469alfredk|3|2019-06-01
asiaway Archhöfe|jolandas811|5|2019-05-07
asiaway Archhöfe|kitty2526|5|2019-05-05
asiaway Archhöfe|Gujgt|5|2019-04-23
asiaway Archhöfe|Choli74|2|2019-04-16
asiaway Archhöfe|Makaath|2|2019-03-28
asiaway Archhöfe|augundohr1|5|2019-03-19
asiaway Archhöfe|O5994DSandrew|2|2019-02-02
asiaway Archhöfe|MonicaHof|1|2019-02-02
asiaway Archhöfe|AndreasJetzer|2|2019-01-31
asiaway Archhöfe|svenvaeth|5|2019-01-26
Ristorante Pizzeria Villa Duchessa|sandrahF4310YL|5|2024-06-21
Ristorante Pizzeria Villa Duchessa|RoliG30|5|2024-03-16
Ristorante Pizzeria Villa Duchessa|682gretel|5|2024-03-14
Ristorante Pizzeria Villa Duchessa|GiuseppeN564|2|2024-02-26
Ristorante Pizzeria Villa Duchessa|Wunderbeiz|4|2023-10-14
Ristorante Pizzeria Villa Duchessa|hgutmann|4|2023-06-26
Ristorante Pizzeria Villa Duchessa|3Jumper|5|2023-04-11
Ristorante Pizzeria Villa Duchessa|bekkaa2023|1|2023-01-05
Ristorante Pizzeria Villa Duchessa|SwissTaveller_Nas|5|2022-09-14
Ristorante Pizzeria Villa Duchessa|190ren_o|4|2022-09-05
Ristorante Pizzeria Villa Duchessa|patriciaaF7927YM|4|2022-08-27
Ristorante Pizzeria Villa Duchessa|LasVegas2323|4|2022-07-27
Ristorante Pizzeria Villa Duchessa|5557FSmichaelg|5|2022-05-18
Ristorante Pizzeria Villa Duchessa|R858HCwolfgangs|5|2022-04-12
Ristorante Pizzeria Villa Duchessa|dune1899|3|2022-03-31
Ristorante Pizzeria Villa Duchessa|Urs0251|5|2022-01-21
Ristorante Pizzeria Villa Duchessa|Emilia777790|5|2021-12-15
Ristorante Pizzeria Villa Duchessa|RenatoW_13|5|2021-09-17
Ristorante Pizzeria Villa Duchessa|MyShadow61|5|2021-06-08
Ristorante Pizzeria Villa Duchessa|285valerias|5|2021-05-15
Ristorante Pizzeria Villa Duchessa|TrAvEL_ZiChEl|4|2020-10-19
Ristorante Pizzeria Villa Duchessa|HaraldK167|5|2020-10-14
Ristorante Pizzeria Villa Duchessa|Wunderbeiz|5|2020-10-06
Ristorante Pizzeria Villa Duchessa|Bruno_und_Corinne|5|2020-09-14
Ristorante Pizzeria Villa Duchessa|Nadjabieler|5|2020-08-13
Ristorante Pizzeria Villa Duchessa|peggytime78|3|2020-06-21
Ristorante Pizzeria Villa Duchessa|413ren_k|4|2020-06-10
Ristorante Pizzeria Villa Duchessa|Zirrpa01|5|2020-03-04
Ristorante Pizzeria Villa Duchessa|mimozam98|5|2020-02-18
Ristorante Pizzeria Villa Duchessa|SabineI563|5|2020-01-29
Ristorante Pizzeria Villa Duchessa|bolli2016|2|2020-01-23
Ristorante Pizzeria Villa Duchessa|gebhard001|4|2020-01-20
Ristorante Pizzeria Villa Duchessa|Fibi83|5|2020-01-14
Ristorante Pizzeria Villa Duchessa|T9194RTpatrickp|5|2019-12-30
Ristorante Pizzeria Villa Duchessa|Travelaround2016|4|2019-12-30
Ristorante Pizzeria Villa Duchessa|aenchel|4|2019-12-23
Ristorante Pizzeria Villa Duchessa|T9194RTpatrickp|5|2019-11-21
Ristorante Pizzeria Villa Duchessa|VHNX|4|2019-09-24
Ristorante Pizzeria Villa Duchessa|verenab998|5|2019-09-14
Ristorante Pizzeria Villa Duchessa|BSchraeder|4|2019-09-01
Ristorante Pizzeria Villa Duchessa|skuehne|5|2019-08-26
Ristorante Pizzeria Villa Duchessa|Askitalien2015|5|2019-08-25
Ristorante Pizzeria Villa Duchessa|Eliane-bur|5|2019-08-01
Ristorante Pizzeria Villa Duchessa|413ren_k|4|2019-06-10
Ristorante Pizzeria Villa Duchessa|schmid_m85|5|2019-05-23
Ristorante Pizzeria Villa Duchessa|Lottez|5|2019-05-19
Ristorante Pizzeria Villa Duchessa|NicoleE163|5|2019-04-28
Ristorante Pizzeria Villa Duchessa|ter_Meierhans|4|2019-04-16
Ristorante Pizzeria Villa Duchessa|schmid_m85|5|2019-04-13
Ristorante Pizzeria Villa Duchessa|thomass941|5|2019-04-10
Ristorante Pizzeria Villa Duchessa|MiraD426|5|2019-03-18
Ristorante Pizzeria Villa Duchessa|BeniK57|5|2019-02-25
Ristorante Pizzeria Villa Duchessa|BienZh|5|2019-02-12
Ristorante Pizzeria Villa Duchessa|AndreaM44|5|2019-02-05
Ristorante Pizzeria Villa Duchessa|Zugella|5|2019-01-11
Ristorante Pizzeria Villa Duchessa|Sandraaa81|4|2019-01-06
Ristorante Pizzeria Villa Duchessa|Brigger_52|4|2018-12-27
Ristorante Pizzeria Villa Duchessa|Melanielinda|4|2018-11-12
Ristorante Pizzeria Villa Duchessa|verandonlysummer|5|2018-11-06
Ristorante Pizzeria Villa Duchessa|Resort820608|5|2018-10-03
Ristorante Pizzeria Villa Duchessa|Rachelbritos|5|2018-09-13
Ristorante Pizzeria Villa Duchessa|andg222|5|2018-09-06
Ristorante Pizzeria Villa Duchessa|patriciamQ843HD|5|2018-08-22
Ristorante Pizzeria Villa Duchessa|cliveb548|4|2018-08-22
Ristorante Pizzeria Villa Duchessa|RebeccaM5648|5|2018-08-04
Ristorante Pizzeria Villa Duchessa|Flibo007|5|2018-07-25
Ristorante Pizzeria Villa Duchessa|connya390|5|2018-07-03
Ristorante Pizzeria Villa Duchessa|WATCH2013|5|2018-07-01
Ristorante Pizzeria Villa Duchessa|SarahS13288|4|2018-06-24
Ristorante Pizzeria Villa Duchessa|ashc|4|2018-06-03
Ristorante Pizzeria Villa Duchessa|580philipph|5|2018-05-27
Ristorante Pizzeria Villa Duchessa|R6145YQchrisw|5|2018-05-20
Ristorante Pizzeria Villa Duchessa|n800|4|2018-04-07
Ristorante Pizzeria Villa Duchessa|siscomull|5|2018-04-06
Ristorante Pizzeria Villa Duchessa|snidercArla|5|2018-04-05
Ristorante Pizzeria Villa Duchessa|xsaxxex|5|2018-03-17
Ristorante Pizzeria Villa Duchessa|timb873|5|2018-03-03
Ristorante Pizzeria Villa Duchessa|ChristianG5200|5|2018-02-10
Ristorante Pizzeria Villa Duchessa|VivianeONtravel|5|2018-01-27
Ristorante Pizzeria Villa Duchessa|ValeP18|4|2018-01-22
Ristorante Pizzeria Villa Duchessa|andreabI3144WV|5|2018-01-02
Ristorante Pizzeria Villa Duchessa|gabrielb255|5|2017-12-20
Ristorante Pizzeria Villa Duchessa|sthipet|5|2017-11-06
Ristorante Pizzeria Villa Duchessa|vinunio|5|2017-09-18
Ristorante Pizzeria Villa Duchessa|Ketipiano|5|2017-09-17
Ristorante Pizzeria Villa Duchessa|Reisegeniesser|5|2017-09-17
Ristorante Pizzeria Villa Duchessa|Samba2007|5|2017-07-23
Ristorante Pizzeria Villa Duchessa|Admira8400|4|2017-07-17
Ristorante Pizzeria Villa Duchessa|gossweiler|5|2017-07-12
Ristorante Pizzeria Villa Duchessa|304maurizioa|4|2017-06-11
Ristorante Pizzeria Villa Duchessa|phonphet|4|2017-06-05
Ristorante Pizzeria Villa Duchessa|Suri-from-Winterthur|4|2017-06-01
Ristorante Pizzeria Villa Duchessa|542rogerr|4|2017-05-27
Ristorante Pizzeria Villa Duchessa|sakas74|5|2017-05-19
Ristorante Pizzeria Villa Duchessa|Flumbo86|5|2017-05-18
Ristorante Pizzeria Villa Duchessa|ThomasS11468|5|2017-05-17
Ristorante Pizzeria Villa Duchessa|261cs|5|2017-05-06
Ristorante Pizzeria Villa Duchessa|Salvatore2608|5|2017-04-23
Ristorante Pizzeria Villa Duchessa|Michaelwebbermaster|5|2017-03-25
Ristorante Pizzeria Villa Duchessa|talm85|5|2017-03-12
Ristorante Pizzeria Villa Duchessa|BurgenerM|4|2017-03-05
Ristorante Pizzeria Villa Duchessa|anika232017|5|2017-02-16
Ristorante Pizzeria Villa Duchessa|josepht85|5|2017-01-30
Ristorante Pizzeria Villa Duchessa|aurarM6578FV|5|2017-01-28
Ristorante Pizzeria Villa Duchessa|d_travel1886|5|2016-12-30
Ristorante Pizzeria Villa Duchessa|madlainab2013|5|2016-12-28
Ristorante Pizzeria Villa Duchessa|906int|5|2016-12-28
Ristorante Pizzeria Villa Duchessa|nb718|5|2016-12-26
Ristorante Pizzeria Villa Duchessa|n800|4|2016-12-23
Ristorante Pizzeria Villa Duchessa|benjaminbZ4157LQ|5|2016-11-27
Ristorante Pizzeria Villa Duchessa|Dolomit1234|4|2016-11-17
Ristorante Pizzeria Villa Duchessa|RamonaSteiner|5|2016-10-11
Ristorante Pizzeria Villa Duchessa|aluzi|4|2016-10-02
Ristorante Pizzeria Villa Duchessa|nadjasus|4|2017-06-08
Hermannseck|Quadrifoglio916|5|2024-03-09
Hermannseck|TO_MM8006|5|2024-02-04
Hermannseck|Fearless60376176752|2|2023-10-24
Hermannseck|MariaR4836|5|2023-07-27
Hermannseck|gurktaler|2|2023-03-14
Hermannseck|swissmiz|5|2022-09-04
Hermannseck|bifisi|1|2022-05-22
Hermannseck|ConstanzeH42|5|2021-06-07
Hermannseck|690ritaj|5|2021-01-18
Hermannseck|Wander20477325790|2|2021-01-03
Hermannseck|Jochanan658|5|2020-08-22
Hermannseck|Z591XRjulianh|5|2020-04-20
Hermannseck|dianapN430SK|5|2020-04-04
Hermannseck|christoph712|5|2020-03-06
Hermannseck|YvonneY614|5|2020-02-14
Hermannseck|cundpc|1|2020-01-11
Hermannseck|WilsonM1689|5|2019-11-23
Hermannseck|SPGiuliana|5|2019-11-21
Hermannseck|UM2019|4|2019-11-10
Hermannseck|haraldbugmann|3|2019-10-26
Hermannseck|ab7111|5|2019-10-19
Hermannseck|ghue48|4|2019-09-15
Hermannseck|FoMa89|3|2019-09-09
Hermannseck|princess_schweiz|5|2019-09-02
Hermannseck|michi1879|5|2019-07-10
Hermannseck|Alessandra-90-M|4|2019-06-26
Hermannseck|968rolands|5|2019-06-15
Hermannseck|Lololocococo|5|2019-05-21
Hermannseck|marcsC6854UA|5|2019-05-20
Hermannseck|krauseklucke|3|2019-05-04
Hermannseck|RolfKH|5|2019-05-03
Hermannseck|stefanw374|5|2019-04-25
Hermannseck|theonlylumo|5|2019-04-22
Hermannseck|mariamcrs|5|2019-02-12
Hermannseck|Salvatore2608|4|2019-02-10
Hermannseck|prisum1961|5|2019-01-15
Hermannseck|nnyb728|5|2019-01-03
Hermannseck|Leukbad|5|2018-11-30
Hermannseck|413ren_k|4|2018-11-22
Hermannseck|gabio279|4|2018-11-08
Hermannseck|0601va|4|2018-10-31
Hermannseck|sery99|5|2018-10-06
Hermannseck|Jochanan658|5|2018-09-15
Hermannseck|124romanc|5|2018-09-04
Hermannseck|Kevin_Kramer23|5|2018-09-01
Hermannseck|cheeky-kea|4|2018-08-30
Hermannseck|pionier8|5|2018-06-15
Hermannseck|GabriellaS992|5|2018-02-02
Hermannseck|Bassman0711|4|2017-12-19
Hermannseck|Fahrschule4you|3|2017-11-18
Hermannseck|juliangitan|4|2017-11-16
Hermannseck|Restaurant-Geniesser|3|2017-10-29
Hermannseck|ClaudeJaermann|5|2017-10-27
Hermannseck|715melanief|4|2017-10-18
Hermannseck|moineau_j|5|2017-09-15
Hermannseck|Bapti13|4|2017-09-05
Hermannseck|katiCH17|4|2017-08-08
Hermannseck|Koralle15|5|2017-07-15
Hermannseck|448matthiast|5|2017-06-18
Hermannseck|123456789lisa|5|2017-06-16
Hermannseck|schacky|5|2017-06-09
Hermannseck|253stephand|5|2017-05-26
Hermannseck|SwissTouristFeedback|5|2017-04-17
Hermannseck|225franzf|4|2017-03-30
Hermannseck|MichaS1143|5|2017-03-24
Hermannseck|urzelspaeck|5|2017-03-01
Hermannseck|513gilbertes|5|2017-02-20
Hermannseck|Romstyle|4|2016-12-29
Hermannseck|182benjaminf|5|2016-11-20
Hermannseck|BBlattmer|5|2016-10-26
Hermannseck|CaptainSnowgoose|5|2016-10-17
Hermannseck|Grischa26|4|2016-09-28
Hermannseck|_regional_saisonal_|5|2016-09-16
Hermannseck|Gedi27|5|2016-08-12
Hermannseck|621barbarag|5|2016-08-11
Hermannseck|carmeng176|4|2016-08-05
Hermannseck|WintiFamily|4|2016-07-26
Hermannseck|a_i_d_u_a_l_c_6_7|5|2016-07-24
Hermannseck|Jumigno|5|2016-07-23
Hermannseck|Widmausl|4|2016-07-12
Hermannseck|sevedue|5|2016-05-02
Hermannseck|ukyonline|4|2016-04-01
Hermannseck|marinawinti|5|2016-03-28
Hermannseck|dani-at-the-beach|5|2016-03-04
Hermannseck|CherryDarling33|4|2015-11-23
Hermannseck|254theresaa|5|2015-09-27
Hermannseck|SabineI563|5|2015-08-19
Hermannseck|anita10088|5|2015-07-31
Hermannseck|gebizzle|5|2015-05-20
Hermannseck|Q5047SBdaniels|5|2014-11-07
Hermannseck|WernerB600|5|2014-11-03
Hermannseck|aluzi|4|2014-09-07
Hermannseck|WernerB600|4|2013-12-29
Hermannseck|bundesrat|4|2013-10-14
Hermannseck|ulach|4|2013-06-03
Hermannseck|Weltenhuhn|5|2013-02-03
Hermannseck|bongo2227|5|2013-01-31
Hermannseck|pano88|4|2013-01-07
Hermannseck|Flyer571889|5|2017-07-27
Haku Japan Restaurant|Sunshine33508828895|5|2024-05-18
Haku Japan Restaurant|assenger676895|5|2023-12-08
Haku Japan Restaurant|aradise55041952872|5|2023-11-15
Haku Japan Restaurant|alexanderdM3482IL|5|2023-10-31
Haku Japan Restaurant|Tadls|5|2023-09-17
Haku Japan Restaurant|Wilddanny72|5|2023-07-09
Haku Japan Restaurant|NorthStar21056581668|5|2023-04-26
Haku Japan Restaurant|serpina_123|5|2023-04-13
Haku Japan Restaurant|F2681KUelil|5|2023-01-30
Haku Japan Restaurant|Trip824746|5|2023-01-14
Haku Japan Restaurant|Zehnd|5|2022-08-17
Haku Japan Restaurant|jen_kolb|5|2022-06-25
Haku Japan Restaurant|Zehnd|5|2022-01-28
Haku Japan Restaurant|Lauuraolivia|5|2021-12-09
Haku Japan Restaurant|helga70|5|2021-11-23
Haku Japan Restaurant|LePierreEtViviane|4|2021-11-06
Haku Japan Restaurant|dynueesch|5|2021-10-15
Haku Japan Restaurant|562majad|5|2021-06-23
Haku Japan Restaurant|hilippson|5|2020-11-16
Haku Japan Restaurant|mrsorso|4|2020-10-07
Haku Japan Restaurant|ction42|4|2020-09-07
Haku Japan Restaurant|Michael_Gubler|1|2020-09-01
Haku Japan Restaurant|Tadls|5|2020-08-04
Haku Japan Restaurant|gda_rakic|5|2020-07-26
Haku Japan Restaurant|danielsR2871VT|5|2020-05-12
Haku Japan Restaurant|cannonp2016|5|2020-02-21
Haku Japan Restaurant|Jana853|5|2020-02-07
Haku Japan Restaurant|562majad|5|2019-10-24
Haku Japan Restaurant|Sagamundi|5|2019-10-22
Haku Japan Restaurant|pokerd12|5|2019-09-05
Haku Japan Restaurant|mb1811|5|2019-07-27
Haku Japan Restaurant|grossluk|5|2019-07-02
Haku Japan Restaurant|BaliTour15|5|2019-06-23
Haku Japan Restaurant|schtummi|5|2019-06-16
Haku Japan Restaurant|danielsR2871VT|5|2019-05-22
Haku Japan Restaurant|YvesGG|5|2019-05-11
Haku Japan Restaurant|nca22|5|2019-05-01
Haku Japan Restaurant|Romainclara|5|2019-04-06
Ristorante Caruso|Explorer34292384620|5|2024-04-24
Ristorante Caruso|uciag515|5|2024-02-09
Ristorante Caruso|Fisch11|5|2023-02-05
Ristorante Caruso|Eray-Y2203|5|2022-06-05
Ristorante Caruso|Jochanan658|5|2022-05-28
Ristorante Caruso|M7904KCcarmena|5|2022-05-22
Ristorante Caruso|MarioF3430|5|2022-05-08
Ristorante Caruso|821tanjab|5|2022-02-03
Ristorante Caruso|Inspire826885|4|2020-12-17
Ristorante Caruso|andreassS3626YT|4|2020-11-09
Ristorante Caruso|_Gigliola|5|2020-11-08
Ristorante Caruso|ckmar|5|2020-07-27
Ristorante Caruso|116oliverj|5|2020-02-18
Ristorante Caruso|jorinag2019|5|2020-02-07
Ristorante Caruso|DagmarL127|5|2020-02-06
Ristorante Caruso|ciarco365|5|2020-01-26
Ristorante Caruso|awachter2018|5|2020-01-24
Ristorante Caruso|DanielG12919|5|2019-11-16
Ristorante Caruso|Formazza|5|2019-11-14
Ristorante Caruso|RussoA44|5|2019-11-10
Ristorante Caruso|GabrielOliver|5|2019-11-06
Ristorante Caruso|schlemmermaul66|5|2019-09-04
Ristorante Caruso|836je|5|2019-08-31
Ristorante Caruso|592cova|5|2019-06-10
Ristorante Caruso|RomanF165|5|2019-05-21
Ristorante Caruso|C2761QQmartinh|5|2019-05-20
Ristorante Caruso|Erfolg12|5|2019-05-17
Ristorante Caruso|GabriellaV507|5|2019-05-08
Ristorante Caruso|BerthaSchwartz|4|2019-04-28
Ristorante Caruso|JuergKesseli|4|2019-04-14
Ristorante Caruso|Bibue7|5|2019-04-06
Ristorante Caruso|ba9999|5|2019-04-02
Ristorante Caruso|3sabinel|4|2019-03-31
Ristorante Caruso|musazy|5|2019-03-25
Ristorante Caruso|AEB92|2|2019-03-24
Ristorante Caruso|philippg29|5|2019-03-19
Ristorante Caruso|hahuh|3|2019-03-02
Ristorante Caruso|Nadav8883|5|2019-01-27
Ristorante Caruso|Mathelehrer|5|2019-01-12
Ristorante Caruso|veeroo98|5|2018-12-22
Ristorante Caruso|nicolos34|5|2018-12-11
Ristorante Caruso|Expedition824686|5|2018-10-15
Ristorante Caruso|sonya_xx|4|2018-10-06
Ristorante Caruso|LoriNeff|5|2018-10-05
Ristorante Caruso|assport820279|5|2018-10-02
Ristorante Caruso|mige23|5|2018-08-06
Ristorante Caruso|mf250261|5|2018-07-06
Ristorante Caruso|Sassi2014|5|2018-06-29
Ristorante Caruso|Muuude|5|2018-06-17
Ristorante Caruso|ClaudioV2062|4|2018-06-16
Ristorante Caruso|celinevauti|5|2018-06-09
Ristorante Caruso|nfopoint|3|2018-06-08
Ristorante Caruso|F8610NQyvonneb|5|2018-05-25
Ristorante Caruso|Global662468|5|2018-05-24
Ristorante Caruso|dmanetsch|5|2018-05-17
Ristorante Caruso|802SandraB|5|2018-05-13
Ristorante Caruso|MoniqueS2800|5|2018-05-03
Ristorante Caruso|claudiasA7680KV|5|2018-04-24
Ristorante Caruso|ninahuwiler|5|2018-04-18
Ristorante Caruso|MartinoSinitalia|4|2018-04-12
Ristorante Caruso|JenniM784|5|2018-03-30
Ristorante Caruso|255np|5|2018-03-27
Ristorante Caruso|hasenkamp2018|5|2018-03-22
Ristorante Caruso|maria6312|5|2018-03-20
Ristorante Caruso|Salvatore2608|4|2018-03-13
Ristorante Caruso|777stefanu|5|2018-03-12
Ristorante Caruso|Maverick911997|5|2018-03-04
Ristorante Caruso|MarcelF1115|4|2018-02-26
Ristorante Caruso|DarioC1912|5|2018-02-08
Ristorante Caruso|simonaf603|5|2018-02-08
Ristorante Caruso|vonmeyenburg|5|2018-01-27
Ristorante Caruso|GabriellaS992|5|2018-01-23
Ristorante Caruso|Z3041YLbarbaram|5|2018-01-21
Ristorante Caruso|sarabX5046VF|5|2018-01-13
Ristorante Caruso|swissgolftraveller|5|2018-01-03
Ristorante Caruso|09111960|5|2017-12-14
Ristorante Caruso|Jonasga|5|2017-12-02
Ristorante Caruso|goggwaergi|5|2017-11-17
Ristorante Caruso|manuela-wy|5|2017-11-08
Ristorante Caruso|Trader66|5|2017-11-06
Ristorante Caruso|AdelinaC177|5|2017-10-25
Ristorante Caruso|710susanne|5|2017-10-07
Ristorante Caruso|836je|5|2017-10-06
Ristorante Caruso|ascalS887|5|2017-09-06
Ristorante Caruso|karlr590|5|2017-09-03
Ristorante Caruso|Rex2105|5|2017-09-01
Ristorante Caruso|schuell98|5|2017-08-27
Ristorante Caruso|ursb145|5|2017-08-23
Ristorante Caruso|MatTiger|5|2017-08-14
Ristorante Caruso|ZG075|5|2017-07-22
Ristorante Caruso|mrys22|4|2017-07-13
Ristorante Caruso|che102015|5|2017-07-01
Ristorante Caruso|_nb_23_s|5|2017-06-26
Ristorante Caruso|baroc6456|5|2017-06-22
Ristorante Caruso|Sommerduft|4|2017-06-05
Ristorante Caruso|722giovannai|5|2017-05-05
Ristorante Caruso|hSuess|5|2017-04-28
Ristorante Caruso|ClauditaRomero|5|2017-04-26
Ristorante Caruso|SandraO1357|5|2017-04-08
Ristorante Caruso|78pascalm|5|2017-04-08
Ristorante Caruso|kerstissa|5|2017-04-07
Ristorante Caruso|EvelineT93|5|2017-04-05
Ristorante Caruso|Zeroways|5|2017-03-17
Ristorante Caruso|SandritaB17|5|2017-01-30
Ristorante Caruso|Saeck|5|2016-12-20
Ristorante Caruso|markusk246|2|2016-12-07
Ristorante Caruso|Serina-777|5|2016-10-24
Ristorante Caruso|volkmann|5|2016-10-05
Ristorante Caruso|KatrinS1689|5|2016-10-02
Ristorante Caruso|Swinton70|5|2016-09-03
Ristorante Caruso|Soledad6|5|2016-09-01
Ristorante Caruso|schtummi|4|2016-08-23
Ristorante Caruso|tamariaw2017|5|2016-07-25
Ristorante Caruso|scaWinti|4|2016-06-19
Ristorante Caruso|AndreasBundiB|5|2016-06-12
Ristorante Caruso|RicardoS7252|5|2016-06-03
Ristorante Caruso|norflor|5|2016-06-02
Ristorante Caruso|WATCH2013|4|2016-05-16
Ristorante Caruso|Aveelina|5|2016-05-01
Ristorante Caruso|Norgirl1978|3|2016-05-01
Ristorante Caruso|970ginaf|5|2016-04-09
Ristorante Caruso|pablocG9184FU|5|2016-04-07
Ristorante Caruso|mueller_gutstr|4|2016-03-02
Ristorante Caruso|polymerizer|5|2016-02-28
Ristorante Caruso|L825BJvalentinad|5|2016-02-27
Ristorante Caruso|xcarlistox|5|2016-01-24
Ristorante Caruso|gerschellenberg|5|2016-01-03
Ristorante Caruso|Sceadu74|5|2015-11-19
Ristorante Caruso|Slavie|5|2015-07-14
Ristorante Caruso|CundT2013|4|2015-02-27
Ristorante Caruso|Il_Gatto_CH|3|2014-11-28
Ristorante Caruso|proxteam|5|2014-11-26
Ristorante Caruso|hrlin|5|2014-11-06
Ristorante Caruso|nils8519|5|2014-10-31
Ristorante Caruso|Mouree86|5|2014-10-04
Ristorante Caruso|488verenas|5|2014-10-01
Ristorante Caruso|TobiasL1713|4|2014-07-13
Ristorante Caruso|yer|5|2014-07-01
Ristorante Caruso|MarkP460|5|2014-05-24
Ristorante Caruso|giuseppemN8198HX|1|2014-04-07
Ristorante Caruso|V384OUpeterm|5|2014-03-01
Ristorante Caruso|117|5|2014-01-07
Ristorante Caruso|DeMauri|5|2013-12-26
Ristorante Caruso|swissgolftraveller|4|2013-12-25
Ristorante Caruso|22SandroF|3|2013-12-25
Ristorante Caruso|kiwinads|5|2013-11-24
Ristorante Caruso|polymerizer|5|2013-10-27
Ristorante Caruso|piperitapatti70|4|2013-10-17
Ristorante Caruso|Sightsee45665820374|5|2020-10-03
Ristorante Caruso|210patriciad|5|2017-07-28
Ristorante Caruso|cliveb548|5|2017-04-16
Ristorante Caruso|KJ1980KJ|5|2017-02-02
Ristorante Caruso|uvvlife|5|2016-05-10
Fondue Keller Winterthur|Anita_Carlo2|3|2024-02-15
Fondue Keller Winterthur|Livvanessa|1|2022-12-13
Fondue Keller Winterthur|724beatm|5|2022-12-05
Fondue Keller Winterthur|N4953NX|1|2022-12-04
Fondue Keller Winterthur|R2932XOrolandm|3|2022-11-21
Fondue Keller Winterthur|MichaelB18700|5|2021-12-01
Fondue Keller Winterthur|slir|5|2020-01-02
Fondue Keller Winterthur|s|5|2019-11-27
Fondue Keller Winterthur|Skarholt|5|2019-02-24
Fondue Keller Winterthur|Geniesseundlebe1966|4|2019-02-15
Fondue Keller Winterthur|OliRe|5|2019-02-12
Fondue Keller Winterthur|suenny212|5|2018-12-13
Fondue Keller Winterthur|pana991|5|2018-11-28
Fondue Keller Winterthur|Waikoloha|3|2018-11-15
Fondue Keller Winterthur|227moni|5|2018-04-03
Fondue Keller Winterthur|SilviaH1949|5|2018-01-10
Fondue Keller Winterthur|scmy1|5|2017-12-30
Fondue Keller Winterthur|bertop622|5|2017-12-18
Fondue Keller Winterthur|antonija33|5|2017-11-06
Fondue Keller Winterthur|aydos|1|2017-11-01
Fondue Keller Winterthur|Ratistella|5|2017-09-24
Fondue Keller Winterthur|umbimuc|5|2017-05-06
Fondue Keller Winterthur|UrsS594|4|2017-02-11
Fondue Keller Winterthur|alf_auer|5|2017-01-10
Fondue Keller Winterthur|Jades007|5|2017-01-06
Fondue Keller Winterthur|W1660UVpeterd|5|2016-11-16
Fondue Keller Winterthur|Grischa26|5|2016-10-08
Fondue Keller Winterthur|344jurajs|4|2018-11-28
Café Schneider|Walti-Kurth|3|2019-02-18
Café Schneider|JoeyKurth|3|2019-02-18
Café Schneider|goethes|1|2018-03-10
Café Schneider|x89|3|2017-10-30
Café Schneider|Satoriosaka|4|2017-07-12
Café Schneider|pumpeline|4|2016-11-18
Café Schneider|AnjaS2979|5|2016-10-09
Café Schneider|amelliger|5|2016-09-11
Café Schneider|1969karin2016|5|2016-09-01
Café Schneider|Lokifan68|5|2016-08-21
Café Schneider|sgec1105|4|2016-05-29
Restaurant Eulachpark|anthonybP2107XN|5|2024-06-02
Restaurant Eulachpark|110philippm|5|2023-11-27
Restaurant Eulachpark|J2832GLthomasj|5|2023-11-25
Restaurant Eulachpark|U998WVingrids|5|2023-09-30
Restaurant Eulachpark|U5447YWlucasg|5|2023-07-28
Restaurant Eulachpark|222carmenz|5|2023-07-26
Restaurant Eulachpark|LWeber11|5|2023-07-26
Restaurant Eulachpark|Curiosity15676731203|1|2023-07-25
Restaurant Eulachpark|Dream02240836909|5|2023-06-28
Restaurant Eulachpark|beuggerc|5|2023-06-17
Restaurant Eulachpark|vivianem581|2|2023-06-09
Restaurant Eulachpark|softail992015|5|2021-12-11
Restaurant Eulachpark|keksic_yeah|5|2021-11-30
Restaurant Eulachpark|991felixr|5|2021-10-02
Restaurant Eulachpark|TomXY2015|5|2021-09-25
Restaurant Eulachpark|viab255|5|2021-08-17
Restaurant Eulachpark|EraarE040|5|2021-08-16
Restaurant Eulachpark|annasophiar735|5|2021-08-11
Restaurant Eulachpark|hamburgspedy|5|2021-06-16
Restaurant Eulachpark|DJA1809|5|2021-06-02
Restaurant Eulachpark|MarkusReinhard|5|2021-05-29
Restaurant Eulachpark|Loredana-Kanzler|5|2020-09-11
Restaurant Eulachpark|J2832GLthomasj|5|2020-09-10
Restaurant Eulachpark|silurio|5|2020-07-29
Restaurant Eulachpark|patricks552|5|2020-07-20
Restaurant Eulachpark|Rahel8|5|2020-07-12
Restaurant Eulachpark|kellertim993|5|2020-07-06
Restaurant Eulachpark|MaikaMatuschik|5|2020-06-26
Restaurant Eulachpark|LuiFuss|5|2020-06-25
Restaurant Eulachpark|LWeber11|5|2020-06-24
Restaurant Eulachpark|Brutzelbrutzel|5|2020-06-02
Restaurant Eulachpark|905lucah|5|2020-06-02
Restaurant Eulachpark|danielbU9547RH|5|2020-05-31
Restaurant Eulachpark|Sdurmisi|5|2020-05-31
Restaurant Eulachpark|Schlemmen-2020|5|2020-05-29
Restaurant Eulachpark|Lizgoethe|5|2020-05-28
Restaurant Eulachpark|RamonL794|5|2020-05-26
Restaurant Eulachpark|Hantastisch|5|2020-05-22
Restaurant Eulachpark|Vision79|5|2020-05-22
Restaurant Eulachpark|Jochanan658|5|2019-11-17
Restaurant Eulachpark|Suri-from-Winterthur|4|2018-11-16
Restaurant Eulachpark|carmenbB699MV|4|2018-10-14
Restaurant Eulachpark|bawiwe|5|2017-12-10
Restaurant Eulachpark|BUW8400|5|2017-05-05
Restaurant Eulachpark|StefanS6094|4|2016-09-04
Restaurant Eulachpark|Lolla29|5|2016-04-15
Restaurant Eulachpark|Thomas55588|4|2016-04-03
Restaurant Eulachpark|stu|5|2016-03-13
Restaurant Eulachpark|bepa2|5|2016-02-06
Restaurant Eulachpark|Staunender|4|2017-05-24
Lina's Bar|kar0lusb|5|2024-07-14
Lina's Bar|hannameise|4|2018-08-27
Lina's Bar|wintibelle|5|2018-07-09
Lina's Bar|616reinhards|4|2018-02-05
Lina's Bar|mikesY2461LE|5|2017-12-05
Lina's Bar|h8400|5|2017-09-11
Lina's Bar|Martin_P6219|4|2017-06-20
Lina's Bar|gobehok|5|2017-06-16
Lina's Bar|MarkusG1855|5|2016-07-31
Lina's Bar|Wittyarwen|5|2016-07-16
Lina's Bar|Alexander-Bindig|5|2015-11-01
Lina's Bar|952tizians|5|2015-10-23
Lina's Bar|geoseeker|5|2015-09-28
Lina's Bar|mdoutaz|5|2014-12-12
Lina's Bar|mueller_gutstr|4|2014-11-08
Lina's Bar|Aqua1973|4|2014-11-04
Lina's Bar|116beas|4|2014-04-07
Lina's Bar|andreasgregro|4|2019-07-24
Cucina|VollerFreude|5|2021-03-05
Cucina|845majdam|5|2020-11-08
Cucina|L7171TVmartind|5|2019-07-06
Cucina|IreneS559|2|2018-10-14
Cucina|MarcoG5964|5|2017-11-03
Cucina|3943HHcatherinef|4|2017-09-07
Cucina|JanineThomas|5|2017-06-05
Cucina|KarinKatharina|5|2016-11-06
Cucina|Adviser12345|5|2016-01-16
Cucina|kariren|4|2015-12-13
Cucina|ab7111|5|2014-02-22
Pizzeria Ristorante Molino, Winterthur|piratalocoz|2|2024-08-05
Pizzeria Ristorante Molino, Winterthur|Hyppo53|2|2024-05-31
Pizzeria Ristorante Molino, Winterthur|srshana|5|2024-01-02
Pizzeria Ristorante Molino, Winterthur|007-Optimist|1|2023-12-26
Pizzeria Ristorante Molino, Winterthur|DaliyahA|3|2023-12-01
Pizzeria Ristorante Molino, Winterthur|V9619MIbenb|1|2023-09-30
Pizzeria Ristorante Molino, Winterthur|927j_rgl|2|2023-08-25
Pizzeria Ristorante Molino, Winterthur|tof2017|4|2023-06-20
Pizzeria Ristorante Molino, Winterthur|treibenlassen|3|2023-05-02
Pizzeria Ristorante Molino, Winterthur|K8327YYjuliav|3|2023-01-22
Pizzeria Ristorante Molino, Winterthur|MarthaW798|5|2022-08-13
Pizzeria Ristorante Molino, Winterthur|usebiu_03|4|2022-08-03
Pizzeria Ristorante Molino, Winterthur|jen_kolb|5|2022-07-13
Pizzeria Ristorante Molino, Winterthur|Knox60|4|2022-06-04
Pizzeria Ristorante Molino, Winterthur|349conny|4|2022-05-25
Pizzeria Ristorante Molino, Winterthur|sa1365|5|2022-04-28
Pizzeria Ristorante Molino, Winterthur|MarkWinti|4|2022-04-25
Pizzeria Ristorante Molino, Winterthur|Madi_Yves|5|2022-02-22
Pizzeria Ristorante Molino, Winterthur|58arditb|5|2021-11-02
Pizzeria Ristorante Molino, Winterthur|LukasdM983ON|5|2021-10-28
Pizzeria Ristorante Molino, Winterthur|Fearless67803703750|1|2021-10-23
Pizzeria Ristorante Molino, Winterthur|Wolf505|2|2021-08-20
Pizzeria Ristorante Molino, Winterthur|Jochanan658|5|2021-07-16
Pizzeria Ristorante Molino, Winterthur|ttorep|4|2021-07-07
Pizzeria Ristorante Molino, Winterthur|836nadineg|1|2021-07-06
Pizzeria Ristorante Molino, Winterthur|RWWa|4|2021-05-11
Pizzeria Ristorante Molino, Winterthur|hgutmann|4|2020-10-18
Pizzeria Ristorante Molino, Winterthur|RenatoW_13|4|2020-09-25
Pizzeria Ristorante Molino, Winterthur|1sirosport2|5|2020-09-18
Pizzeria Ristorante Molino, Winterthur|nst8400|5|2020-09-17
Pizzeria Ristorante Molino, Winterthur|EveSZ1|1|2020-08-19
Pizzeria Ristorante Molino, Winterthur|Oldsmobil|1|2020-08-15
Pizzeria Ristorante Molino, Winterthur|zipperbysam|2|2020-07-21
Pizzeria Ristorante Molino, Winterthur|27071983tt|1|2020-06-30
Pizzeria Ristorante Molino, Winterthur|peterroetheli|4|2020-06-17
Pizzeria Ristorante Molino, Winterthur|Suri-from-Winterthur|2|2020-06-01
Pizzeria Ristorante Molino, Winterthur|gustavmeierhans|1|2020-03-11
Pizzeria Ristorante Molino, Winterthur|174christianem|5|2020-02-16
Pizzeria Ristorante Molino, Winterthur|ghue48|4|2020-01-10
Pizzeria Ristorante Molino, Winterthur|847ursulag|5|2020-01-04
Pizzeria Ristorante Molino, Winterthur|meyerandrea|5|2019-12-26
Pizzeria Ristorante Molino, Winterthur|Gentiana1234|5|2019-12-23
Pizzeria Ristorante Molino, Winterthur|Fibi83|2|2019-12-19
Pizzeria Ristorante Molino, Winterthur|dofexcellence|1|2019-12-07
Pizzeria Ristorante Molino, Winterthur|Tom310172|2|2019-11-03
Pizzeria Ristorante Molino, Winterthur|Conny_Thomas|5|2019-06-22
Pizzeria Ristorante Molino, Winterthur|af837|4|2019-05-13
Pizzeria Ristorante Molino, Winterthur|MartinoSinitalia|4|2019-03-16
Pizzeria Ristorante Molino, Winterthur|anz_che|4|2019-02-16
Pizzeria Ristorante Molino, Winterthur|413ren_k|3|2018-11-22
Pizzeria Ristorante Molino, Winterthur|dofexcellence|4|2018-09-29
Pizzeria Ristorante Molino, Winterthur|Getaway586117|2|2018-09-09
Pizzeria Ristorante Molino, Winterthur|alexandero267|4|2018-08-21
Pizzeria Ristorante Molino, Winterthur|JuAck|1|2018-08-08
Pizzeria Ristorante Molino, Winterthur|joergu2013|4|2018-08-06
Pizzeria Ristorante Molino, Winterthur|gandalfw77|3|2018-07-06
Pizzeria Ristorante Molino, Winterthur|WATCH2013|4|2018-07-01
Pizzeria Ristorante Molino, Winterthur|Elif1974|3|2018-04-29
Pizzeria Ristorante Molino, Winterthur|sapoeira|4|2018-04-26
Pizzeria Ristorante Molino, Winterthur|andreaskO9737RD|3|2018-04-13
Pizzeria Ristorante Molino, Winterthur|white-charlie-girl|5|2018-04-08
Pizzeria Ristorante Molino, Winterthur|KingZimmi|5|2018-03-05
Pizzeria Ristorante Molino, Winterthur|R_Hotz|5|2018-02-13
Pizzeria Ristorante Molino, Winterthur|winti93|5|2018-01-22
Pizzeria Ristorante Molino, Winterthur|dro-Panton|5|2017-12-27
Pizzeria Ristorante Molino, Winterthur|sbethe|5|2017-12-07
Pizzeria Ristorante Molino, Winterthur|535stefanf|4|2017-11-15
Pizzeria Ristorante Molino, Winterthur|Romifers|5|2017-09-26
Pizzeria Ristorante Molino, Winterthur|peter_brawand|4|2017-09-17
Pizzeria Ristorante Molino, Winterthur|Locilog|3|2017-08-05
Pizzeria Ristorante Molino, Winterthur|michi2992|1|2017-08-05
Pizzeria Ristorante Molino, Winterthur|ursina1|5|2017-06-17
Pizzeria Ristorante Molino, Winterthur|StefWoo|4|2017-05-31
Pizzeria Ristorante Molino, Winterthur|356suadm|5|2017-05-23
Pizzeria Ristorante Molino, Winterthur|308filippof|2|2017-05-20
Pizzeria Ristorante Molino, Winterthur|christophm259|1|2017-05-18
Pizzeria Ristorante Molino, Winterthur|sakas74|4|2017-05-13
Pizzeria Ristorante Molino, Winterthur|18Martina18|2|2017-05-09
Pizzeria Ristorante Molino, Winterthur|69philippm|4|2017-04-28
Pizzeria Ristorante Molino, Winterthur|RobinT2072|4|2017-04-27
Pizzeria Ristorante Molino, Winterthur|XELA91|2|2017-04-21
Pizzeria Ristorante Molino, Winterthur|ydl2015|5|2017-04-18
Pizzeria Ristorante Molino, Winterthur|Hecki66|4|2017-04-14
Pizzeria Ristorante Molino, Winterthur|Verdant81|3|2017-02-23
Pizzeria Ristorante Molino, Winterthur|542rogerr|3|2017-02-19
Pizzeria Ristorante Molino, Winterthur|Druide78|3|2017-01-22
Pizzeria Ristorante Molino, Winterthur|A5811UIvanessas|5|2017-01-07
Pizzeria Ristorante Molino, Winterthur|Estiva02|4|2016-12-19
Pizzeria Ristorante Molino, Winterthur|596_zlema|5|2016-11-27
Pizzeria Ristorante Molino, Winterthur|DanielaD5005|5|2016-11-27
Pizzeria Ristorante Molino, Winterthur|Waterpolo1s|3|2016-11-26
Pizzeria Ristorante Molino, Winterthur|Serina-777|3|2016-10-24
Pizzeria Ristorante Molino, Winterthur|sbethd2013|4|2016-10-23
Pizzeria Ristorante Molino, Winterthur|YvonneL2804|5|2016-09-30
Pizzeria Ristorante Molino, Winterthur|karinlindner|4|2016-09-28
Pizzeria Ristorante Molino, Winterthur|timop481|3|2016-09-26
Pizzeria Ristorante Molino, Winterthur|alexandero267|4|2016-09-09
Pizzeria Ristorante Molino, Winterthur|JoJo0218|4|2016-08-12
Pizzeria Ristorante Molino, Winterthur|nof921|5|2016-08-08
Pizzeria Ristorante Molino, Winterthur|JJ_The_Master_83|5|2016-07-16
Pizzeria Ristorante Molino, Winterthur|joyzora1994|5|2016-05-21
Pizzeria Ristorante Molino, Winterthur|Riogrande4|3|2016-05-01
Pizzeria Ristorante Molino, Winterthur|B2486OIoliviab|5|2016-04-28
Pizzeria Ristorante Molino, Winterthur|589asdfa|3|2016-04-20
Pizzeria Ristorante Molino, Winterthur|Naftali69|3|2016-04-05
Pizzeria Ristorante Molino, Winterthur|timop481|5|2016-03-15
Pizzeria Ristorante Molino, Winterthur|Superhirn|4|2016-03-12
Pizzeria Ristorante Molino, Winterthur|mafanky|2|2016-03-05
Pizzeria Ristorante Molino, Winterthur|SandrinellaKK|3|2016-02-25
Pizzeria Ristorante Molino, Winterthur|Liwiusz|4|2016-02-11
Pizzeria Ristorante Molino, Winterthur|96heidif|2|2016-02-11
Pizzeria Ristorante Molino, Winterthur|NatalieH593|2|2016-02-11
Pizzeria Ristorante Molino, Winterthur|Jochanan658|4|2016-01-12
Pizzeria Ristorante Molino, Winterthur|ChrisDeLaPaz|2|2016-01-02
Pizzeria Ristorante Molino, Winterthur|sbethe|5|2015-12-17
Pizzeria Ristorante Molino, Winterthur|308filippof|3|2015-12-16
Pizzeria Ristorante Molino, Winterthur|JuttaG249|4|2015-11-23
Pizzeria Ristorante Molino, Winterthur|InfernoVipa|4|2015-10-15
Pizzeria Ristorante Molino, Winterthur|affaisa|5|2015-10-14
Pizzeria Ristorante Molino, Winterthur|kiwijazz|3|2015-10-12
Pizzeria Ristorante Molino, Winterthur|silkea2015|5|2015-09-19
Pizzeria Ristorante Molino, Winterthur|Chr15714n|3|2015-09-13
Pizzeria Ristorante Molino, Winterthur|Sternkind|4|2015-08-16
Pizzeria Ristorante Molino, Winterthur|marksA6648MO|4|2015-08-15
Pizzeria Ristorante Molino, Winterthur|valerieh251|2|2015-07-26
Pizzeria Ristorante Molino, Winterthur|jurgastettler_CH|4|2015-07-12
Pizzeria Ristorante Molino, Winterthur|James_Traveller_123|3|2015-06-04
Pizzeria Ristorante Molino, Winterthur|susannek388|5|2015-02-24
Pizzeria Ristorante Molino, Winterthur|22SandroF|4|2014-12-26
Pizzeria Ristorante Molino, Winterthur|sbethe|5|2014-12-23
Pizzeria Ristorante Molino, Winterthur|Leinad079|4|2014-11-04
Pizzeria Ristorante Molino, Winterthur|969verenat|4|2014-10-14
Pizzeria Ristorante Molino, Winterthur|FatimaBrenner|5|2014-09-10
Pizzeria Ristorante Molino, Winterthur|sbethe|4|2014-06-28
Pizzeria Ristorante Molino, Winterthur|MarkP460|4|2014-04-18
Pizzeria Ristorante Molino, Winterthur|GallusB_13|5|2014-03-30
Pizzeria Ristorante Molino, Winterthur|HirteClaudio|1|2013-12-30
Pizzeria Ristorante Molino, Winterthur|WernerandM-C|4|2013-12-26
Pizzeria Ristorante Molino, Winterthur|Trumpfnell|5|2013-11-11
Pizzeria Ristorante Molino, Winterthur|Sakkura|3|2013-10-08
Pizzeria Ristorante Molino, Winterthur|Sfaxien|5|2019-11-17
Pizzeria Ristorante Molino, Winterthur|Chiurce|4|2019-04-03
Pizzeria Ristorante Molino, Winterthur|37richardls|4|2019-03-08
Pizzeria Ristorante Molino, Winterthur|UlsanHappyMan|4|2017-07-09
Pizzeria Ristorante Molino, Winterthur|Morganvdh|5|2017-07-07
Pizzeria Ristorante Molino, Winterthur|AnnaClgs|4|2017-05-15
Pizzeria Ristorante Molino, Winterthur|trkrumm|5|2017-04-10
Pizzeria Ristorante Molino, Winterthur|Chiurce|3|2016-10-29
Pizzeria Ristorante Molino, Winterthur|moziegler|4|2016-09-22
Pizzeria Ristorante Molino, Winterthur|danielaklaus1982|4|2016-05-31
Pizzeria Ristorante Molino, Winterthur|guadalupeo272|5|2016-05-09
Pizzeria Ristorante Molino, Winterthur|n_shop|2|2015-09-08
Pizzeria Ristorante Molino, Winterthur|Gastkritikerin|2|2015-08-05
Pizzeria Ristorante Molino, Winterthur|Ev-K-Wa|4|2015-06-30
Pizzeria Ristorante Molino, Winterthur|parallelthought|3|2015-06-05
Pizzeria Ristorante Molino, Winterthur|grigoris63|4|2014-12-09
Pizzeria Ristorante Molino, Winterthur|_laparoto|2|2014-09-23
Pizzeria Ristorante Molino, Winterthur|StaceyLouPrior|4|2014-01-05
Restaurant Bruderhaus|uisat483|1|2023-12-16
Restaurant Bruderhaus|Coiffeurjasser77|1|2023-12-03
Restaurant Bruderhaus|Maps45660265775|5|2023-10-17
Restaurant Bruderhaus|StefanF2069|5|2023-10-14
Restaurant Bruderhaus|Jet67429466076|3|2023-09-11
Restaurant Bruderhaus|AndreinaA65|1|2023-08-01
Restaurant Bruderhaus|simonevU6962OU|1|2023-04-08
Restaurant Bruderhaus|helgal788|1|2022-10-15
Restaurant Bruderhaus|Debi8472|1|2022-05-07
Restaurant Bruderhaus|simonevU6962OU|1|2022-05-07
Restaurant Bruderhaus|RenatoW_13|4|2022-01-10
Restaurant Bruderhaus|honestPi|2|2022-01-09
Restaurant Bruderhaus|FredyF140|5|2021-12-26
Restaurant Bruderhaus|Y4162OGannag|2|2021-10-02
Restaurant Bruderhaus|argjendd2017|5|2020-11-10
Restaurant Bruderhaus|Georg1967|4|2020-09-16
Restaurant Bruderhaus|dbea56|2|2020-02-18
Restaurant Bruderhaus|nca22|5|2020-01-12
Restaurant Bruderhaus|Avanti42|4|2019-11-22
Restaurant Bruderhaus|513gilbertes|5|2019-10-27
Restaurant Bruderhaus|b-wila|1|2019-10-17
Restaurant Bruderhaus|777stefanu|4|2019-10-05
Restaurant Bruderhaus|Wolf505|3|2019-10-01
Restaurant Bruderhaus|HerbertS223|1|2019-09-30
Restaurant Bruderhaus|monexxxxxx|1|2019-09-16
Restaurant Bruderhaus|Baderfamily63|5|2019-08-13
Restaurant Bruderhaus|mercedes109|4|2019-07-29
Restaurant Bruderhaus|Karunkeli|3|2019-05-30
Restaurant Bruderhaus|850harrerm|5|2019-05-01
Restaurant Bruderhaus|ANSGAR_SCHAEFER|4|2018-06-15
Restaurant Bruderhaus|marlenesoltermann|1|2018-05-28
Restaurant Bruderhaus|pionier8|4|2018-03-25
Restaurant Bruderhaus|Steveschild_marsone|2|2017-12-06
Restaurant Bruderhaus|Gizzli|1|2017-11-17
Restaurant Bruderhaus|SabrinaZ664|1|2017-10-22
Restaurant Bruderhaus|MartinaS4023|1|2017-10-15
Restaurant Bruderhaus|Meili44|4|2017-08-31
Restaurant Bruderhaus|alexandero267|5|2017-08-29
Restaurant Bruderhaus|alfredr476|4|2017-08-19
Restaurant Bruderhaus|jasmins963|2|2017-08-13
Restaurant Bruderhaus|SarahK6936|3|2017-08-13
Restaurant Bruderhaus|Fredyjudsg|3|2017-07-24
Restaurant Bruderhaus|EveaD1|1|2017-06-30
Restaurant Bruderhaus|stegi4rex|1|2017-06-16
Restaurant Bruderhaus|djr0germ|5|2017-05-14
Restaurant Bruderhaus|777stefanu|5|2017-04-19
Restaurant Bruderhaus|Maryiajee|1|2016-09-17
Restaurant Bruderhaus|_regional_saisonal_|2|2016-09-16
Restaurant Bruderhaus|andher347|3|2016-08-11
Restaurant Bruderhaus|sery99|3|2016-07-22
Restaurant Bruderhaus|grizzlyb2015|4|2016-07-14
Restaurant Bruderhaus|SalsaYBachata|3|2016-06-04
Restaurant Bruderhaus|ualayan|4|2016-04-11
Restaurant Bruderhaus|ss-gerne-gut|4|2016-04-01
Restaurant Bruderhaus|O7312IWthomash|4|2016-03-12
Restaurant Bruderhaus|ElDudinero|1|2016-02-21
Restaurant Bruderhaus|Druide78|4|2016-01-23
Restaurant Bruderhaus|kariren|4|2015-12-13
Restaurant Bruderhaus|baeumli|4|2015-12-13
Restaurant Bruderhaus|pat_rabbit|2|2015-11-08
Restaurant Bruderhaus|queen_bee_winti|4|2015-07-20
Restaurant Bruderhaus|SCM-FL|4|2014-08-03
Restaurant Bruderhaus|BellaBavaria|2|2014-07-25
Restaurant Bruderhaus|Dieter_Kr|4|2014-06-17
Restaurant Bruderhaus|pfrana|2|2014-05-30
Restaurant Bruderhaus|marcel_gabi|3|2013-08-27
Restaurant Bruderhaus|LinCHK|1|2012-04-16
Restaurant Bruderhaus|chauvi|2|2008-10-02
Restaurant Bruderhaus|Staunender|2|2019-09-01
Restaurant Bruderhaus|nickdW1755NR|4|2016-03-15
Nooba Kesselhaus|vanessamO188ES|3|2023-10-11
Nooba Kesselhaus|k8555|1|2023-06-05
Nooba Kesselhaus|EddaRodriguez|2|2023-03-02
Nooba Kesselhaus|kikky1|1|2022-12-26
Nooba Kesselhaus|Yves_SA|5|2022-07-23
Nooba Kesselhaus|DeniseS1505|2|2022-04-21
Nooba Kesselhaus|X2321PLroberts|1|2022-03-05
Nooba Kesselhaus|andjelinapredolac|3|2022-02-09
Nooba Kesselhaus|Sichernid|3|2022-01-21
Restaurant Pizzeria Rosenberg|451christophf|5|2024-07-11
Restaurant Pizzeria Rosenberg|k8555|2|2022-11-13
Restaurant Pizzeria Rosenberg|MathiasV318|5|2022-09-23
Restaurant Pizzeria Rosenberg|JP6792|4|2021-08-19
Restaurant Pizzeria Rosenberg|Mafa22|5|2021-07-08
Restaurant Pizzeria Rosenberg|Tarsus33|5|2020-11-29
Restaurant Pizzeria Rosenberg|saak_ionsson|5|2020-11-22
Restaurant Pizzeria Rosenberg|StefanA2147|5|2020-11-18
Restaurant Pizzeria Rosenberg|FKoAKo|5|2020-11-14
Restaurant Pizzeria Rosenberg|gianlucao806|5|2020-11-13
Restaurant Pizzeria Rosenberg|MarkusS3978|5|2020-11-03
Restaurant Pizzeria Rosenberg|Extraordinary71350|5|2020-10-30
Restaurant Pizzeria Rosenberg|bolli5|5|2020-09-28
Restaurant Pizzeria Rosenberg|NicoH1435|5|2020-09-28
Restaurant Pizzeria Rosenberg|Imu_Winti|5|2020-09-27
National|Trottellumme|1|2024-08-02
National|Dreamer24185557338|5|2024-07-21
National|IngeE157|3|2024-06-14
National|683hansmartins|5|2024-05-22
National|mariostarkch|1|2024-05-09
National|aradise24855280421|4|2024-03-29
National|357andr_e|5|2024-03-25
National|215marliesm|4|2024-03-12
National|Nomad03752977100|5|2024-01-26
National|LeonardoM2208|4|2023-12-28
National|monikabJ3604VC|5|2023-10-21
National|957maeni|5|2023-10-20
National|GourmetClan|5|2023-10-17
National|340irfang|5|2023-10-15
National|46eduardw|3|2023-08-02
National|wernersY1869EW|2|2023-06-28
National|atdplh|4|2023-03-02
National|danielfreiweber|1|2023-02-23
National|Wunderbeiz|4|2022-05-01
National|coma8610|1|2022-01-25
National|488nerimans|5|2021-08-29
National|trashgsz|4|2021-08-21
National|ne870|4|2021-08-10
National|L4692BEsaras|1|2020-12-20
National|2016SP007|1|2020-11-13
National|dymisler|5|2020-10-29
National|ne870|3|2020-10-12
National|Wunderbeiz|4|2020-10-06
National|364markusv|4|2020-07-06
National|MarkWinti|3|2020-06-08
National|global-swiss|2|2020-03-17
National|helvetica-10_|2|2020-02-21
National|peterroetheli|1|2020-02-12
National|Susy4102|5|2020-02-11
National|terK8052|5|2020-01-19
National|Ziananion|5|2020-01-16
National|dyvoseen|5|2020-01-08
National|KuBaWi|1|2019-12-13
National|snowflake2018|4|2019-11-29
National|Tanzen19|2|2019-11-18
National|KatrinT261|3|2019-11-01
National|mwa1234|2|2019-10-23
National|Seanbischi|5|2019-10-12
National|Fibi83|3|2019-09-16
National|4Levent|4|2019-09-08
National|Luki7021|2|2019-09-05
National|RobPisan|5|2019-09-01
National|MZ-CH|5|2019-08-27
National|413ren_k|5|2019-08-23
National|chris_Curler|4|2019-08-03
National|deberghem|4|2019-07-28
National|8j_r_mes|5|2019-07-20
National|georgf387|5|2019-07-14
National|928elsbethh|5|2019-07-11
National|RenatoW_13|4|2019-07-01
National|Meili44|4|2019-06-29
National|364markusv|4|2019-06-28
National|Winnipinni|3|2019-06-19
National|TravelNishi|4|2019-05-26
National|KuBaWi|4|2019-05-21
National|mux_ch|4|2019-04-06
National|wallaby1973|4|2019-03-19
National|Skarholt|5|2019-02-23
National|uedin|4|2019-01-31
National|406andya|5|2019-01-25
National|Steibock|3|2019-01-20
National|SarahS13288|5|2019-01-01
National|Frei_S|5|2018-12-22
National|peterbZ3522EQ|5|2018-12-02
National|Trutt71|4|2018-11-05
National|413ren_k|4|2018-10-26
National|RolfKH|4|2018-10-06
National|chhllops|4|2018-09-10
National|kathrinc2013|4|2018-09-09
National|alf_auer|5|2018-08-28
National|Beliinda1994|4|2018-08-24
National|Art_ZH8000|4|2018-07-30
National|nstherbert|3|2018-07-26
National|cardoperret|4|2018-07-15
National|dofexcellence|4|2018-06-27
National|SarahS13288|4|2018-05-31
National|juergvnh|1|2018-05-19
National|4961|3|2018-04-29
National|tempcons|2|2018-04-14
National|LeunamGJD|5|2018-04-10
National|white-charlie-girl|4|2018-04-08
National|0601va|4|2018-04-07
National|dominics635|4|2018-04-01
National|helvetica-10_|5|2018-03-24
National|kbbb7|5|2018-03-11
National|dyvoseen|3|2018-03-03
National|Waikoloha|5|2018-03-03
National|Suri-from-Winterthur|4|2018-03-02
National|366sabrinak|5|2018-02-14
National|914christiank|4|2018-02-12
National|KonsiH|5|2018-02-11
National|kswineseller_ch|2|2018-02-05
National|paulakod18|5|2018-01-31
National|Chrigel2014|5|2018-01-24
National|nglishabc|3|2018-01-04
National|831matthiase|5|2017-12-30
National|ThomastheBiker|5|2017-12-30
National|amelliger|5|2017-12-21
National|364markusv|5|2017-12-17
National|ursstirnemann|4|2017-12-10
National|Anjalisp|5|2017-11-30
National|591marianneb|2|2017-11-28
National|Jades007|5|2017-11-18
National|andreabI3144WV|4|2017-10-31
National|WalterK1089|4|2017-10-17
National|Tatjana16|4|2017-10-08
National|D9259CPfrancescad|3|2017-09-21
National|dynueesch|4|2017-09-20
National|uersu44|5|2017-09-18
National|Marcello4444|4|2017-09-13
National|dyvoseen|5|2017-09-12
National|Meili44|4|2017-08-30
National|bewersdorff|4|2017-08-03
National|322fritzw|4|2017-07-25
National|musti1983|5|2017-07-24
National|ANSGAR_SCHAEFER|3|2017-07-21
National|Sunjoly|3|2017-07-18
National|364markusv|5|2017-07-13
National|sarabX5046VF|5|2017-07-11
National|alph7771|4|2017-07-11
National|diti87|5|2017-07-06
National|344irmas|3|2017-07-03
National|Widmausl|4|2017-06-13
National|1968Daniel|5|2017-06-07
National|F_R_J_HR|3|2017-05-25
National|840renator|5|2017-05-25
National|tandra111|5|2017-05-21
National|uisim72|4|2017-05-20
National|Anjalisp|4|2017-05-13
National|Nickarli|3|2017-04-24
National|zin-M|4|2017-04-17
National|Choli74|4|2017-04-15
National|uthk703|2|2017-04-13
National|chuerzeler1|4|2017-04-12
National|cl555|3|2017-04-10
National|helvetica-10_|5|2017-04-02
National|gliwilly6|5|2017-03-22
National|RobinT2072|5|2017-03-12
National|auackerpflug|5|2017-03-05
National|alf_auer|5|2017-03-05
National|UlrichB954|4|2017-02-14
National|hannuluomajoki|5|2017-02-13
National|kariren|5|2017-02-10
National|thomasbT709EP|5|2017-02-01
National|MajaF66|4|2017-01-17
National|Vienna_60|4|2017-01-02
National|572ruedi|5|2016-12-29
National|DemianG43|1|2016-12-24
National|Samnaun|5|2016-12-19
National|xelman46|5|2016-12-19
National|Nomad674571|4|2016-12-19
National|abianp124|2|2016-11-26
National|Nikko_P71|5|2016-11-18
National|marisab2060|5|2016-11-13
National|NataschaS590|1|2016-11-05
National|CecileGuignard|1|2016-10-31
National|85traveller3012|2|2016-10-15
National|dithschellenberg|5|2016-10-12
National|ANSGAR_SCHAEFER|5|2016-10-04
National|Mabrawe|4|2016-09-24
National|Superhirn|4|2016-09-23
National|casta80|4|2016-09-18
National|amelliger|5|2016-09-18
National|sunseeker_CH|2|2016-09-12
National|alexandero267|5|2016-09-09
National|uckassor|3|2016-07-05
National|Mattia103|3|2016-06-30
National|dyvoseen|5|2016-06-27
National|Mala82|3|2016-06-26
National|hrthfzj|4|2016-06-21
National|A6957JGoscarg|4|2016-06-19
National|christophm600|2|2016-06-19
National|744lukask|2|2016-06-16
National|ab7111|5|2016-06-15
National|Susy4102|5|2016-06-14
National|hilippS247|4|2016-06-13
National|ulrichz166|4|2016-05-29
National|kariren|4|2016-05-25
National|pennellac|4|2016-05-22
National|988marija|5|2016-05-21
National|Sanzinia|4|2016-05-11
National|235sandrab|5|2016-05-01
National|marcwyler2|5|2016-04-28
National|StefanAlder|5|2016-04-18
National|josepht85|5|2016-03-19
National|TTo-the-Bike1964|4|2016-03-18
National|454rogerr|5|2016-03-04
National|495beats|2|2016-03-02
National|michaelbam|5|2016-01-27
National|WilhelmSt|4|2016-01-27
National|nfopoint|5|2016-01-12
National|364markusv|5|2016-01-04
National|marisa2016|4|2016-01-03
National|sandramueller_84|3|2016-01-01
National|AnnaLeeW61|4|2016-01-01
National|piccolopiccolo|5|2015-12-23
National|Satoriosaka|4|2015-12-22
National|Crush207|5|2015-12-10
National|chiamsi|4|2015-12-09
National|WATCH2013|3|2015-11-15
National|abianp124|5|2015-11-11
National|dyvoseen|5|2015-10-23
National|877piam|4|2015-08-23
National|343mathiasl|4|2015-08-17
National|Sejla88|1|2015-08-10
National|global-swiss|1|2015-07-28
National|uckassor|1|2015-07-11
National|danielbO9591NP|1|2015-07-07
National|UM2019|5|2015-06-25
National|WernerandM-C|5|2015-05-14
National|O71v3r|4|2015-05-10
National|atriciaK262|3|2015-05-08
National|LandeiKlafi|4|2015-04-06
National|135bettinab|3|2015-03-31
National|Salvatore2608|4|2015-03-30
National|HeinzD403|5|2015-02-18
National|bawely|4|2015-02-18
National|K1960URsergiob|4|2015-01-28
National|715melanief|4|2015-01-20
National|g-mami|4|2015-01-07
National|131RitaS|5|2014-12-31
National|Weltenhuhn|2|2014-12-15
National|DonMeier|5|2014-12-09
National|Wingsflying|4|2014-12-05
National|aco_Switzerland|3|2014-12-02
National|831matthiase|4|2014-12-02
National|Irma1978|1|2014-11-29
National|ElisaSydney|2|2014-11-24
National|846martinal|3|2014-11-09
National|deebreem|5|2014-11-04
National|WernerB600|3|2014-11-04
National|ckgoesadvisor|4|2014-10-07
National|RomanG84|4|2014-07-10
National|seli|4|2014-06-14
National|Grinschel|4|2014-05-20
National|andreassS3626YT|4|2014-05-06
National|cheeky-kea|4|2014-04-30
National|sarahbY9139WY|4|2014-04-24
National|hrthfzj|4|2014-04-15
National|494MarkusM|5|2014-03-06
National|KuBaWi|2|2014-02-05
National|OliFischer87|4|2014-01-30
National|alfredr476|4|2014-01-20
National|mschrofe|4|2014-01-08
National|BettinaDo|5|2014-01-05
National|huggi77|4|2013-12-11
National|AntonioM181|4|2013-09-19
National|DorineAbegg|5|2013-09-03
National|Sunshiine-89|4|2013-08-16
National|thetoubi|4|2013-08-13
National|anelim4|2|2013-07-26
National|cho_lo_wan|3|2013-05-22
National|Incocnito|4|2013-02-22
National|Clausewitzclausewitz|4|2013-02-02
National|bewersdorff|5|2013-01-31
National|OliverA397|5|2013-01-18
National|tschaese|5|2012-12-19
National|gerschellenberg|2|2012-07-24
National|NicoleF740|5|2012-07-01
National|341BarbaraE|5|2012-06-01
National|tzb_12|4|2012-04-15
National|susan65ch|4|2012-02-20
National|Slavie|4|2012-02-20
National|crashburny|4|2012-02-08
National|aco_Switzerland|4|2012-01-30
National|Zoran-K|3|2012-01-29
National|MarionE64|5|2011-12-31
National|NikB545|3|2011-12-20
National|cake100|1|2011-12-17
National|jason7401|2|2011-08-26
National|ClaudiaB98|4|2011-08-09
National|swissy1983|1|2011-07-22
National|Mark7_eleven|3|2011-07-17
National|annina13|4|2011-01-27
National|MTH_Swiss|4|2011-01-20
National|ceair7|5|2010-11-24
National|dg_tipps|4|2010-10-14
National|apinBasel|5|2010-06-02
National|tzschenkel51|5|2020-06-17
National|petrabI212HQ|5|2017-07-12
National|1962-Claude|5|2017-04-30
National|805gwen|4|2017-04-19
National|cliveb548|4|2017-04-16
National|EmilyR61|5|2017-03-31
National|benjaminbZ4157LQ|4|2017-01-29
National|Gert3107|2|2017-01-21
National|KatarinaP525|5|2017-01-19
National|Dublogach|5|2016-12-01
National|ascalR684|5|2016-11-01
National|wipflin|5|2016-10-30
National|Vancouverregular|5|2016-05-03
National|Mr_Z_loves_travel|4|2016-02-28
National|GidiW|4|2016-02-09
National|Abyzkjp|4|2016-02-06
National|cleol666|3|2015-11-02
National|MichaelV763|4|2015-10-01
National|uxuryvoyage|3|2015-08-31
National|terD_13|4|2014-11-13
National|carolinea91|4|2014-11-06
National|JBWexford_Ireland|4|2013-08-28
National|Cosmictrotter|4|2013-02-25
National|BCG84|4|2012-07-18
Grand Cafe du Musee|sandromX807TK|5|2021-08-03
Grand Cafe du Musee|777stefanu|4|2017-07-15
Grand Cafe du Musee|jasmine_winti|5|2015-07-08
Grand Cafe du Musee|DerMargash|5|2017-04-08
Grand Cafe du Musee|TXMISS54|4|2015-03-25
Oliveira|HanspeterF938|5|2024-02-12
DE•TAPAS|k8555|4|2023-06-20
DE•TAPAS|andrettomona|5|2023-06-09
DE•TAPAS|barbarafZ2418DM|5|2023-01-27
DE•TAPAS|minatafu|5|2021-12-26
DE•TAPAS|773heinzm|4|2021-08-26
DE•TAPAS|Wolf505|5|2021-07-19
DE•TAPAS|wintibelle|1|2020-11-29
DE•TAPAS|133melaniem|5|2020-06-20
DE•TAPAS|DDieg0|5|2020-06-03
DE•TAPAS|BarbaraF3782|5|2019-11-27
DE•TAPAS|jorgejalvarez|1|2019-11-23
DE•TAPAS|HaleS114|4|2019-11-21
DE•TAPAS|Rahel34|5|2019-11-02
DE•TAPAS|mario_manolito|5|2019-08-10
DE•TAPAS|Sam5447|5|2019-09-24
DE•TAPAS|arrazaval|5|2019-08-03
El Burrito Feliz Winterthur|HanspeterF938|4|2023-04-02
El Burrito Feliz Winterthur|F2681KUelil|5|2022-01-13
El Burrito Feliz Winterthur|teimen|5|2020-01-03
El Burrito Feliz Winterthur|wallaby1973|4|2019-03-19
El Burrito Feliz Winterthur|Tour26146252565|5|2018-11-10
El Burrito Feliz Winterthur|mizzatina|5|2018-07-18
El Burrito Feliz Winterthur|wintibelle|3|2018-07-09
El Burrito Feliz Winterthur|DanielSanchezRodri|5|2018-06-17
El Burrito Feliz Winterthur|ukyonline|5|2018-06-02
El Burrito Feliz Winterthur|claudiasA7680KV|5|2018-04-24
El Burrito Feliz Winterthur|KimS7169|1|2018-04-04
El Burrito Feliz Winterthur|aurafY439OT|5|2018-02-23
El Burrito Feliz Winterthur|Chhex|4|2018-01-04
El Burrito Feliz Winterthur|Andreadea89|5|2017-12-10
El Burrito Feliz Winterthur|danielsY6399GU|1|2017-05-13
El Burrito Feliz Winterthur|Reisender517|2|2017-05-07
El Burrito Feliz Winterthur|Cosmopolitan384661|5|2017-04-26
El Burrito Feliz Winterthur|zupaten|5|2017-04-19
El Burrito Feliz Winterthur|Kayt2538|4|2017-02-24
El Burrito Feliz Winterthur|philippe_lang|5|2017-01-02
El Burrito Feliz Winterthur|chiefdelii|4|2016-12-19
El Burrito Feliz Winterthur|kindashian|4|2016-11-30
El Burrito Feliz Winterthur|JaquesD39|1|2016-09-02
El Burrito Feliz Winterthur|abianp124|5|2016-07-13
El Burrito Feliz Winterthur|Rebecca0110|5|2016-06-10
El Burrito Feliz Winterthur|stephdo999|1|2016-02-06
El Burrito Feliz Winterthur|Flores2870|5|2015-12-07
El Burrito Feliz Winterthur|cheeky-kea|4|2015-12-04
El Burrito Feliz Winterthur|SimoneBuehrer|4|2015-12-02
El Burrito Feliz Winterthur|Chrea|5|2015-07-22
El Burrito Feliz Winterthur|michaelsX6571GM|4|2015-01-18
El Burrito Feliz Winterthur|andreassS3626YT|4|2014-10-15
El Burrito Feliz Winterthur|wenes2014|5|2014-07-15
El Burrito Feliz Winterthur|michibieri|4|2013-07-15
El Burrito Feliz Winterthur|jainrishabh85|2|2019-03-19
El Burrito Feliz Winterthur|georgiou-julian|4|2016-12-27
El Burrito Feliz Winterthur|766carlosg|5|2015-12-15
El Burrito Feliz Winterthur|BCG84|4|2015-12-15
El Burrito Feliz Winterthur|tripchickk|5|2015-11-15
El Burrito Feliz Winterthur|822philipm|4|2015-10-26
El Burrito Feliz Winterthur|FormerCaliBoy|3|2015-10-20
El Burrito Feliz Winterthur|Atansio76|4|2015-06-13
El Burrito Feliz Winterthur|sebsiglocj|4|2015-02-14
El Burrito Feliz Winterthur|Fco_MV|4|2014-05-17
El Burrito Feliz Winterthur|achel69inman|4|2013-07-14
Manta|he333|5|2023-04-14
Manta|global-swiss|3|2020-03-10
Manta|FrequentFlier751656|3|2019-11-11
Manta|8911602|3|2019-05-15
Manta|MissMotze|3|2019-05-03
Manta|413ren_k|4|2018-10-26
Manta|jolandas811|5|2018-10-16
Manta|Illnauer1291|5|2018-09-17
Manta|ClaudeJaermann|5|2018-06-06
Manta|dynueesch|5|2017-09-25
Manta|Choli74|1|2017-04-15
Manta|Bruno0263|1|2016-11-22
Manta|Satoriosaka|4|2016-08-08
Manta|abianp124|3|2016-07-13
Manta|pekkaxcv|4|2016-02-19
Manta|777stefanu|5|2016-01-25
Manta|Flores2870|4|2015-12-07
Manta|h8400|4|2015-11-30
Manta|Tiibor|5|2015-11-18
Manta|angelasQ2109ZU|5|2015-06-26
Manta|880basilm|4|2015-06-19
Manta|mitte|5|2015-01-09
Manta|DelPantalone|4|2020-02-20
Manta|NickBaba17|3|2019-03-25
Manta|Bonnie-hello|3|2018-05-26
Manta|UAEmate|5|2017-05-15
Residenz Restaurant|Navigator17989329330|5|2024-07-07
Residenz Restaurant|Ursula-0123|4|2019-04-29
Residenz Restaurant|universalservice|4|2018-05-25
Residenz Restaurant|Lizarazu333|5|2018-05-03
Residenz Restaurant|brunok795|5|2018-05-03
Residenz Restaurant|amelliger|4|2017-12-21
Sumak Sumak|nadinevoni|5|2024-07-22
Sumak Sumak|ChefkochSchweiz|4|2024-04-14
Sumak Sumak|Malile65|5|2022-10-14
Restaurant Orsini|546fr_d_rict|5|2022-06-10
Restaurant Orsini|nziman|5|2020-01-27
Restaurant Orsini|492fsb|5|2019-02-01
Restaurant Orsini|augundohr1|4|2018-08-28
Pizzeria La Mirada|SerpenT1|3|2023-02-21
Pizzeria La Mirada|Ceg1728|4|2018-08-17
Pizzeria La Mirada|SwissJE|5|2018-07-24
Pizzeria La Mirada|schnei|5|2017-07-10
Pizzeria La Mirada|Duvaud|5|2017-07-10
Pizzeria La Mirada|Tikitom_Casper|4|2017-05-10
Pizzeria La Mirada|Teddli6162|5|2017-03-19
Pizzeria La Mirada|amelliger|4|2017-03-06
Pizzeria La Mirada|CherryDarling33|3|2016-02-22
Pizzeria La Mirada|mozart314|4|2016-02-02
Pizzeria La Mirada|MikeLeeW|4|2015-10-11
Pizzeria La Mirada|WintiFamily|4|2014-11-04
Pizzeria La Mirada|117|3|2014-02-21
Pizzeria La Mirada|Vishwen|5|2015-07-23
Bistro Dimensione|hinterland|5|2023-11-14
Bistro Dimensione|Octopus877|5|2023-07-11
Bistro Dimensione|Vespertilio|5|2022-08-03
Bistro Dimensione|T9194RTpatrickp|5|2017-11-02
Bistro Dimensione|waldegg59c|5|2017-10-23
Bistro Dimensione|augundohr1|4|2017-04-10
Caffè Spettacolo|A2731SGpeterg|5|2020-07-26
Caffè Spettacolo|MartinK6195|1|2017-01-28
Restaurant Eichmuehle|Blaser_Chris|1|2020-07-19
Restaurant Eichmuehle|danig991|2|2019-07-21
Restaurant Eichmuehle|S6091QYangelb|4|2019-06-17
Restaurant Eichmuehle|SerpenT1|3|2018-12-23
Restaurant Eichmuehle|FoodloverCH|1|2018-08-20
Restaurant Eichmuehle|NoraB1989|3|2018-03-08
Restaurant Eichmuehle|thinkaround|3|2017-09-17
Restaurant Eichmuehle|NadjaN1974|5|2017-07-30
Restaurant Eichmuehle|Vicky140|4|2017-01-09
Restaurant Banane|Footbaltraveler|5|2023-11-10
Restaurant Banane|annarosab653|5|2023-09-08
Restaurant Banane|carolinelivia|1|2022-05-13
Restaurant Banane|andn2010|4|2021-11-02
Restaurant Banane|Mala82|4|2020-01-19
Restaurant Banane|MissDiet|1|2019-06-07
Restaurant Banane|katussa|5|2019-03-05
Restaurant Banane|timop481|5|2019-03-01
Restaurant Banane|458melinaa|5|2019-03-01
Restaurant Banane|Tmvs002|4|2019-02-23
Restaurant Banane|Beatrizferreira26|5|2019-02-21
Restaurant Banane|swisslady2|5|2019-02-17
Restaurant Banane|xpaddz|5|2019-02-11
Restaurant Banane|andiaz|5|2019-02-10
Restaurant Banane|maria4691_80|5|2019-02-10
Restaurant Banane|Katharina1312b|5|2019-02-09
Restaurant Banane|LarsVonholzen|5|2019-02-07
Restaurant Banane|sefrau2019|5|2019-02-07
Restaurant Banane|Romanobastian|5|2019-02-07
Restaurant Banane|Alessia071217|5|2019-02-06
Restaurant Banane|pionier8|4|2018-12-10
Restaurant Banane|sefroschk|3|2018-11-18
Restaurant Banane|Admira8400|2|2018-10-30
Restaurant Banane|CellaZimmi|5|2018-06-07
Restaurant Banane|580philipph|5|2018-05-28
Restaurant Banane|CellaZimmi|4|2018-05-05
Restaurant Banane|apinBasel|4|2018-03-03
Restaurant Banane|ka18041969|5|2017-05-25
Restaurant Banane|zzweitunterwegs|2|2017-05-12
Restaurant Banane|peterhunziker|4|2016-09-14
Restaurant Banane|AaronN1195|5|2015-12-28
Restaurant Banane|speranto29|5|2015-10-16
Restaurant Banane|Mascha|4|2012-04-19
Restaurant Banane|yl0ne|5|2020-10-22
Restaurant Banane|affisr|2|2018-10-19
Restaurant Banane|gerlroca|5|2016-12-19
Chez Grisoni Winterthur|DominikR1264|5|2023-07-21
Chez Grisoni Winterthur|assenger29273102753|5|2023-05-18
Chez Grisoni Winterthur|F83S|5|2023-05-14
Chez Grisoni Winterthur|Z9980NKfranks|5|2023-05-14
Chez Grisoni Winterthur|Trek04076789693|5|2022-08-24
Chez Grisoni Winterthur|hilippe_Zemp|5|2022-08-23
Siam Chili|adi-globe|5|2023-04-19
Siam Chili|sabinemN9612JJ|5|2022-05-18
Siam Chili|vonFerato|5|2022-05-15
Siam Chili|KFFrey|5|2022-05-14
Siam Chili|adi-globe|5|2020-12-19
Siam Chili|IreneInd|5|2018-10-09
Restaurant Krone|chfase|5|2024-07-26
Restaurant Krone|Safari50370267421|5|2024-07-24
Restaurant Krone|jollietbeatrice|4|2024-06-11
Restaurant Krone|Tikowi63|3|2024-03-30
Restaurant Krone|peterzwahlen8483|5|2024-03-19
Restaurant Krone|neer11117349581|5|2024-02-17
Restaurant Krone|Explorer66261944238|5|2024-02-11
Restaurant Krone|SLi-ZH|4|2024-01-17
Restaurant Krone|Adventure11606073816|5|2024-01-17
Restaurant Krone|Camper50689433235|2|2023-12-21
Restaurant Krone|gerardodD9439ER|5|2023-11-10
Restaurant Krone|msspanda|5|2023-11-03
Restaurant Krone|wzaech01|4|2023-09-24
Restaurant Krone|Adventure67816128004|5|2023-08-26
Restaurant Krone|user_tobi|5|2023-07-28
Restaurant Krone|sauswthur|5|2023-07-25
Restaurant Krone|YvesGG|5|2023-07-20
Restaurant Krone|RolandHitz|5|2023-05-21
Restaurant Krone|kpi|5|2023-05-17
Restaurant Krone|Resort31926631903|5|2023-05-16
Restaurant Krone|Sightsee18926275671|4|2023-04-06
Restaurant Krone|JudeA199|5|2023-04-05
Restaurant Krone|GoPlaces41498720849|5|2023-03-29
Restaurant Krone|schmitter|4|2023-03-25
Restaurant Krone|Sandholzer2020|5|2023-03-24
Restaurant Krone|246annettep|5|2023-03-19
Restaurant Krone|Aniraisi|5|2023-03-18
Restaurant Krone|heidram|4|2023-03-03
Restaurant Krone|Angela77Eva|4|2023-02-21
Restaurant Krone|katharinawA4874GU|5|2023-02-17
Restaurant Krone|patriziasX8277YP|5|2023-01-27
Restaurant Krone|416stefanm|4|2023-01-14
Restaurant Krone|tempcons|5|2023-01-14
Restaurant Krone|claudia_zueri79|4|2022-11-01
Restaurant Krone|Nestputzer|5|2022-06-14
Restaurant Krone|235sandrab|3|2022-04-02
Restaurant Krone|Travelaround2016|3|2021-08-08
Restaurant Krone|martinwinti1000|5|2020-07-24
Restaurant Krone|Gabrieleontour|5|2020-02-25
Restaurant Krone|schoeflic|5|2019-09-24
Restaurant Krone|martinfY2931HP|5|2019-09-21
Restaurant Krone|avigan|4|2019-09-08
Restaurant Krone|375wernerb|5|2019-06-04
Restaurant Krone|G0urmand01|5|2019-05-11
Restaurant Krone|Schlupi66|5|2019-04-07
Restaurant Krone|madlen_1984|5|2019-03-31
Restaurant Krone|TiKoWi|5|2019-03-24
Restaurant Krone|martinfY2931HP|5|2019-03-21
Restaurant Krone|martinwinti1000|5|2019-02-23
Restaurant Krone|K6002CLstefans|4|2018-11-06
Restaurant Krone|martinwinti1000|5|2018-11-05
Restaurant Krone|augustduenki|3|2018-10-26
Restaurant Krone|max_s953|4|2018-09-24
Restaurant Krone|Jades007|5|2018-08-06
Restaurant Krone|511rolfs|5|2018-07-20
Restaurant Krone|alf_auer|5|2018-07-20
Restaurant Krone|pionier8|4|2018-06-10
Restaurant Krone|ab7111|4|2018-02-09
Restaurant Krone|mariusfkraemer|5|2017-11-23
Restaurant Krone|300dania|1|2016-11-16
Restaurant Krone|UrsWho|5|2016-09-08
Restaurant Krone|petern822|5|2016-06-02
Restaurant Krone|Sehrensperger|5|2016-04-17
Restaurant Krone|t0c|3|2015-02-15
Restaurant Krone|MZ-CH|5|2015-01-21
Restaurant Krone|karlr590|1|2014-12-01
Restaurant Krone|H6477RYmariad|1|2014-11-01
Restaurant Krone|teaage|1|2014-11-01
Restaurant Krone|go_milo|3|2014-09-01
Restaurant Krone|hrthfzj|3|2014-08-27
Restaurant Krone|MaxDolda|5|2014-07-07
Restaurant Krone|yer|5|2014-02-14
Restaurant Krone|943tt|5|2013-09-29
Restaurant Krone|GerdHarry|5|2013-07-07
Restaurant Krone|patrickisst-ch|4|2013-07-01
Restaurant Krone|MZ-CH|4|2013-04-19
Restaurant Krone|moineau_j|1|2012-12-27
Restaurant Krone|Ael2012|3|2012-08-21
Restaurant Krone|miggu65|5|2012-06-18
Restaurant Krone|ChihuahuaKira|5|2012-05-31
Restaurant Krone|OliverS831|5|2012-04-27
Restaurant Krone|NikB545|3|2012-04-22
Restaurant Krone|biddingpoints|5|2011-12-05
Restaurant Krone|Satoriosaka|5|2011-10-04
Restaurant Krone|Reise-PAS|5|2010-07-20
Restaurant Krone|Winti-Traveller|5|2010-07-04
Restaurant Krone|321claudiak|3|2017-09-28
Restaurant Krone|UlsanHappyMan|2|2017-07-09
Incontro|storm192018|5|2018-08-13
Incontro|MZ-CH|5|2018-07-09
Incontro|777stefanu|2|2018-06-24
Incontro|777stefanu|5|2018-02-11
Incontro|WinnieH473|5|2018-01-29
Incontro|marcohL4768TF|5|2017-10-02
Incontro|nic97i|5|2017-09-11
Incontro|SebastianB5247|5|2017-05-20
Incontro|simonmM8310DK|5|2017-05-18
Incontro|RomanoR44|5|2017-01-17
Incontro|anf195|5|2017-01-13
Incontro|aro91|5|2016-12-15
Incontro|SaraS11871|5|2016-11-05
Incontro|anner630|5|2016-10-29
Incontro|StefanG3050|5|2016-09-06
Incontro|RafaelE1192|5|2016-07-22
Incontro|MZ-CH|5|2016-02-20
Incontro|jeeman06o|4|2019-09-06
Restaurant Argana|19estherb|5|2015-01-07
Restaurant Argana|Mila9091|4|2014-11-01
Restaurant Argana|stephdo999|5|2014-09-05
Restaurant Argana|BearFox2020|4|2014-09-07
Gocha Bar & Restaurant|E6334ZQmichelleb|5|2024-02-17
Gocha Bar & Restaurant|Camper29086361076|1|2023-12-29
Gocha Bar & Restaurant|ALA7111|5|2023-11-09
Gocha Bar & Restaurant|Claudy1571|5|2023-10-31
Euro Pizza|Dreamer62494366569|5|2024-02-27
Euro Pizza|G6059KMsheilas|4|2023-10-26
Euro Pizza|HeinrichG277|4|2023-02-03
Euro Pizza|mrbucki|5|2022-10-02
Euro Pizza|FabianoSo|5|2020-11-30
Euro Pizza|simoned449|5|2020-08-05
Euro Pizza|CH35TY|5|2020-07-20
Euro Pizza|jorinag2019|5|2019-12-08
Euro Pizza|ISRASWISS|5|2019-03-19
Euro Pizza|Claudiasoll82|5|2018-09-19
Euro Pizza|T-Wizard|5|2018-04-11
Euro Pizza|dariod1900|5|2017-09-17
Euro Pizza|SandroA|4|2017-07-03
Euro Pizza|821tanjab|4|2017-05-11
Euro Pizza|Winterthur-Taviano|5|2017-04-07
Euro Pizza|482claudiav|5|2017-01-17
Euro Pizza|Alessiiiio|3|2016-12-16
Euro Pizza|danielsC9804XB|5|2016-12-02
Euro Pizza|mitte|5|2016-09-03
Euro Pizza|CherryDarling33|5|2015-11-23
Euro Pizza|BarbaraH139|5|2015-11-08
Euro Pizza|S4350JAlucar|5|2015-04-29
Euro Pizza|RetoG248|4|2015-03-29
Euro Pizza|mikemX3407GZ|5|2015-09-01
Locanda Trivisano|Connector331581|2|2024-01-26
Locanda Trivisano|kurtw596|5|2024-01-01
Locanda Trivisano|65berndk|4|2023-10-17
Locanda Trivisano|vasjaz2019|2|2022-11-28
Locanda Trivisano|AnnaSchneele|5|2022-08-15
Locanda Trivisano|hgutmann|4|2022-08-06
Locanda Trivisano|thozer|4|2022-06-12
Locanda Trivisano|FamuBusinessReisen|5|2020-09-09
Locanda Trivisano|720annettep|5|2020-08-21
Locanda Trivisano|Salvatore2608|4|2019-11-01
Locanda Trivisano|139MartinaS139|5|2019-08-22
Locanda Trivisano|847birgitw|5|2019-07-18
Locanda Trivisano|Blando82|5|2019-06-15
Locanda Trivisano|SarahS13288|5|2019-05-15
Locanda Trivisano|Fibi83|4|2019-05-07
Locanda Trivisano|ursina1|5|2019-03-23
Locanda Trivisano|ukyonline|4|2018-12-11
Locanda Trivisano|peterbZ3522EQ|4|2018-12-02
Locanda Trivisano|542rogerr|5|2018-12-02
Locanda Trivisano|AdaB107|5|2018-10-12
Locanda Trivisano|arlicht55|4|2018-10-10
Locanda Trivisano|Marcheline111|4|2018-07-14
Locanda Trivisano|tsohli|5|2018-06-06
Locanda Trivisano|RegulaJ8|5|2018-04-05
Locanda Trivisano|Z1432GQsimong|4|2018-03-19
Locanda Trivisano|Espressa2k|5|2018-02-13
Locanda Trivisano|BBlattmer|4|2018-02-04
Locanda Trivisano|777stefanu|2|2018-01-10
Locanda Trivisano|GabrielaN_11|1|2017-12-29
Locanda Trivisano|WATCH2013|3|2017-11-20
Locanda Trivisano|970juergens|5|2017-09-15
Locanda Trivisano|Chantal_ZH70|4|2017-09-15
Locanda Trivisano|Neuzmirsk|5|2017-07-11
Locanda Trivisano|WarwolfPr1me|5|2017-05-23
Locanda Trivisano|MarkWinti|4|2017-04-16
Locanda Trivisano|SandraVoeller|5|2017-03-09
Locanda Trivisano|Verdant81|5|2017-02-23
Locanda Trivisano|uisim72|4|2017-02-01
Locanda Trivisano|thozer|4|2017-01-04
Locanda Trivisano|amelliger|5|2016-12-21
Locanda Trivisano|BBlattmer|4|2016-12-19
Locanda Trivisano|petrifica_mea|4|2016-12-04
Locanda Trivisano|_regional_saisonal_|3|2016-09-16
Locanda Trivisano|Suri-from-Winterthur|4|2016-08-06
Locanda Trivisano|Travelerexperts|5|2016-07-26
Locanda Trivisano|ninak95|2|2016-06-29
Locanda Trivisano|Jengeli|4|2016-06-15
Locanda Trivisano|Orca-Belva|5|2016-06-07
Locanda Trivisano|Gerhard_Fehr|5|2016-05-26
Locanda Trivisano|ayaschmid|4|2016-04-19
Locanda Trivisano|GabrielaN_11|5|2016-04-07
Locanda Trivisano|746selinas|5|2016-04-04
Locanda Trivisano|ainerw523|4|2016-04-01
Locanda Trivisano|FlyGripen|5|2016-03-12
Locanda Trivisano|BE_Bike_Trip|4|2016-02-16
Locanda Trivisano|Chrigel2014|4|2016-02-16
Locanda Trivisano|martintatjana|5|2016-01-06
Locanda Trivisano|Babacurly|5|2015-12-18
Locanda Trivisano|go_milo|2|2015-11-30
Locanda Trivisano|cheeky-kea|4|2015-10-22
Locanda Trivisano|aluzi|4|2015-10-14
Locanda Trivisano|h8400|5|2015-08-30
Locanda Trivisano|683pz|5|2015-08-28
Locanda Trivisano|F4683PHmartinw|2|2015-08-23
Locanda Trivisano|Radvila|5|2015-05-30
Locanda Trivisano|Soledad6|3|2015-04-08
Locanda Trivisano|t0c|4|2015-04-06
Locanda Trivisano|Salvatore2608|5|2015-03-28
Locanda Trivisano|Cersei74|5|2015-03-01
Locanda Trivisano|Grominator|5|2015-03-01
Locanda Trivisano|aco_Switzerland|5|2014-12-30
Locanda Trivisano|LucySkrovan|4|2019-04-24
Locanda Trivisano|365Rainbow|4|2016-10-26
Locanda Trivisano|johnfA9660ZX|5|2015-12-24
Locanda Trivisano|279chantalh|5|2015-09-28
Rosa Pulver|DerGast111|4|2024-06-27
Rosa Pulver|880basilm|5|2024-06-14
Rosa Pulver|Dreamer51735179895|5|2024-05-04
Rosa Pulver|Happiness56169023483|5|2024-04-06
Rosa Pulver|NordicBrewer|2|2023-12-05
Rosa Pulver|HiddenPlaces|3|2023-07-30
Rosa Pulver|monir595|5|2023-07-04
Rosa Pulver|Scrambler6|4|2023-05-11
Rosa Pulver|Friitig|5|2022-08-03
Rosa Pulver|322bellal|2|2022-05-13
Rosa Pulver|Sternlisammler|5|2022-04-07
Rosa Pulver|mscherrerkast|5|2021-09-29
Restaurant alte Mühle|SwissTraveller60|5|2022-07-23
Restaurant alte Mühle|xelman46|5|2019-03-25
Restaurant alte Mühle|jurgastettler_CH|5|2018-11-11
Restaurant alte Mühle|andg222|5|2018-07-20
Restaurant alte Mühle|Anghjulina76|4|2018-06-24
Restaurant alte Mühle|Bari8542|5|2017-03-14
Restaurant alte Mühle|GuidoM992|5|2017-02-05
Restaurant alte Mühle|annaWinterthur|3|2017-02-01
Restaurant alte Mühle|mercedes109|4|2016-12-27
Restaurant alte Mühle|barbaral307|5|2016-10-25
Restaurant alte Mühle|Foodi77|4|2016-08-17
Restaurant alte Mühle|markussI2648HW|4|2016-08-04
Restaurant alte Mühle|Lisa_Dinhard|5|2016-07-09
Restaurant alte Mühle|776andr_s|5|2016-05-22
Restaurant alte Mühle|268j_rgb|3|2016-05-14
Restaurant alte Mühle|KatjaH325|5|2016-03-10
Restaurant alte Mühle|456marcelr|5|2016-03-01
Restaurant alte Mühle|Bari8542|5|2016-02-15
Restaurant alte Mühle|84marcf|5|2015-04-25
Restaurant alte Mühle|Trubels|5|2015-04-19
Restaurant alte Mühle|GuidoM992|5|2015-02-15
Restaurant alte Mühle|636janines|5|2015-02-05
Restaurant alte Mühle|Bzw|5|2015-01-07
Restaurant alte Mühle|Trubels|5|2014-12-07
Restaurant alte Mühle|andreamS5036OG|4|2014-11-18
Restaurant alte Mühle|MH_ZH|3|2014-10-21
Restaurant alte Mühle|Alpenroesli_klosters|5|2014-07-12
Restaurant alte Mühle|aempi47|5|2014-05-26
Restaurant alte Mühle|gartemaa|5|2014-04-21
Restaurant alte Mühle|1ico|5|2013-11-16
Restaurant Rössli|J9863MBbrunob|5|2023-08-22
Restaurant Rössli|amueller123|4|2023-02-04
Restaurant Rössli|Mobrun23|5|2023-01-01
Pizzeria al Agi-M|mzangger2018|5|2021-12-10
Pizzeria al Agi-M|222karinu|5|2021-10-30
Pizzeria al Agi-M|Hattmanu|5|2021-09-30
Pizzeria al Agi-M|gatel|5|2020-11-01
Pizzeria al Agi-M|Badezimmer|5|2020-09-03
Pizzeria al Agi-M|prisum1961|5|2019-12-15
Pizzeria al Agi-M|haraldbugmann|5|2019-10-26
Pizzeria al Agi-M|stephdo999|5|2020-04-11
Wintialp|Q933AFkarinf|5|2024-02-02
Wintialp|Y9576MRpatrickh|5|2024-01-30
Wintialp|Resort53787560652|4|2024-01-28
Wintialp|Modric1999|5|2024-01-25
Wintialp|457roxanes|5|2024-01-22
Wintialp|brunolT6463ME|5|2024-01-21
Wintialp|Voyage16411024583|5|2024-01-21
Wintialp|Voyager38097995640|5|2024-01-14
Wintialp|889ellik|5|2024-01-13
Wintialp|Navigate04024793030|5|2024-01-08
Wintialp|Vacation32733071854|5|2024-01-06
Wintialp|helvetic15|5|2023-12-30
Wintialp|stehopp|5|2023-12-30
Wintialp|markuswQ2473HV|5|2023-12-26
Wintialp|W4925KAlaras|5|2023-12-24
Wintialp|markusfQ3458KO|5|2023-12-20
Wintialp|sandymP4371NK|5|2023-12-19
Wintialp|Escape68530853485|5|2023-12-16
Wintialp|saka73|5|2023-12-16
Wintialp|sihege|4|2023-12-14
Wintialp|nesmY6810XZ|5|2023-12-13
Wintialp|763rahelm|4|2023-12-12
Wintialp|Lucamataro|5|2023-12-11
Wintialp|S6298YYsandram|5|2023-12-08
Wintialp|A6205XXmartinl|5|2023-12-07
Wintialp|anamariafG5967YZ|5|2023-12-04
Wintialp|patr_ciasQ1388CR|5|2023-11-27
Wintialp|NoeKiwjell|5|2023-11-22
Wintialp|dymisler|5|2023-11-21
Wintialp|natomU6716PZ|4|2023-11-20
Wintialp|MariZehn|5|2023-02-04
Wintialp|FranziskaNat|5|2023-02-04
Wintialp|982simonk|5|2023-02-03
Wintialp|RO-Architektur-AG|5|2023-02-03
Wintialp|Jogginggirl1964|5|2023-02-03
Wintialp|gumbilco007|5|2023-02-03
Wintialp|nevQ1639RX|5|2023-02-02
Wintialp|404ren_h|5|2023-02-01
Wintialp|grizzly1985|5|2023-01-31
Wintialp|K7889ATlisak|5|2023-01-31
Wintialp|tinastump|5|2023-01-31
Wintialp|Kirsch71|5|2023-01-29
Wintialp|nininini94|5|2023-01-29
Wintialp|mariannesT9466TC|5|2022-12-31
Wintialp|SandraR3261|5|2022-12-30
Wintialp|TaTunicas|5|2022-12-29
Wintialp|Davesimona|5|2022-12-18
Wintialp|DorisW1256|5|2022-12-14
Wintialp|aenchel|5|2022-12-14
Wintialp|344yvonneb|5|2022-12-14
Wintialp|Tollkirsch|5|2022-12-12
Wintialp|Chaeferli007|5|2022-12-08
Wintialp|pkliec|5|2022-12-04
Wintialp|Sune0709|4|2022-11-27
Wintialp|nicolesC3690KX|5|2022-11-27
Wintialp|winterthurlover|5|2022-11-23
Wintialp|488anl|5|2022-11-17
Wintialp|dymisler|5|2022-11-17
Wintialp|SunseekerAlp|5|2022-11-15
Wintialp|claudiafP4054AU|5|2022-11-13
Wintialp|Ringelstrasse|5|2022-11-12
Wintialp|Laban1998|4|2022-11-11
Wintialp|542rogerr|5|2022-03-14
Wintialp|hauptsachfein|4|2022-02-07
Wintialp|831franziskab|5|2022-01-21
Wintialp|akebrain1|5|2022-01-10
Wintialp|A6205XXmartinl|5|2021-12-09
Wintialp|Ragusa91|5|2021-12-07
Wintialp|nech1|5|2021-12-06
Wintialp|Journey23215970330|5|2021-12-04
Wintialp|bitingfish|5|2021-12-01
Wintialp|Natici|5|2021-11-29
Wintialp|sgler|5|2021-11-28
Wintialp|Stay37419101792|5|2021-11-27
Wintialp|Compass68495880284|5|2021-11-26
Wintialp|uture71|5|2021-11-25
Wintialp|saka73|5|2021-11-24
Wintialp|dyvoseen|5|2021-11-20
Wintialp|Wander41471851340|5|2021-11-18
Wintialp|mmebusinesstraveller|5|2020-12-09
Wintialp|RIROWI|5|2020-11-15
Wintialp|dymisler|5|2020-11-14
Wintialp|mdoutaz|1|2020-02-23
Wintialp|uhestoerer|5|2020-02-09
Wintialp|DeniseZH|4|2020-02-03
Wintialp|casta80|5|2020-01-31
Wintialp|ursh874|5|2020-01-19
Wintialp|33Pedro|5|2020-01-14
Wintialp|knuddll|4|2020-01-06
Wintialp|aenchel|5|2019-12-23
Wintialp|wa24|4|2019-12-23
Wintialp|haminole2015|4|2019-12-12
Wintialp|A6205XXmartinl|5|2019-12-11
Wintialp|Geniesserin1234|5|2019-12-02
Wintialp|kanada11|5|2019-11-29
Wintialp|188113Imc|5|2019-11-26
Wintialp|sydney160109|5|2019-11-24
Wintialp|stevee-1962_zh|4|2019-11-23
Wintialp|dyvoseen|5|2019-11-14
Wintialp|SarahS13288|4|2019-01-14
Wintialp|amnet2014|5|2019-01-13
Wintialp|Salvatore2608|4|2019-01-10
Wintialp|antonija33|5|2018-12-28
Wintialp|ukyonline|2|2018-12-18
Wintialp|Anonym_1992_CH|1|2018-12-16
Wintialp|M1393SDsandram|2|2018-12-10
Wintialp|536simoneb|5|2018-12-09
Wintialp|n_switzerland|5|2018-11-28
Wintialp|Jahrgang70|5|2018-11-21
Wintialp|deanbY9340UP|5|2018-10-02
Wintialp|Reisefotograf46|4|2018-01-01
Wintialp|an_auer|5|2017-12-11
Wintialp|amnet2014|3|2017-11-14
Wintialp|Arlind1|4|2016-11-21
Wintialp|giuba1984|5|2016-01-20
Wintialp|hpmarti|1|2015-11-29
Wintialp|deanbY9340UP|5|2019-11-22
Café Bistro 'Am Römerholz'|BrigitteHuber-Jordi|3|2023-09-06
Café Bistro 'Am Römerholz'|Martin4406|3|2020-07-29
Café Bistro 'Am Römerholz'|Gehtzulange|2|2020-01-24
Café Bistro 'Am Römerholz'|UrsM702|4|2019-02-04
Café Bistro 'Am Römerholz'|Tom8400|4|2018-10-14
Café Bistro 'Am Römerholz'|WATCH2013|1|2018-04-09
Café Bistro 'Am Römerholz'|NikB545|3|2016-05-15
Café Bistro 'Am Römerholz'|Isidor_Riedweg|5|2016-01-05
Café Bistro 'Am Römerholz'|RitaZ645|5|2015-10-25
Café Bistro 'Am Römerholz'|La_Ginette|4|2015-08-11
Café Bistro 'Am Römerholz'|Zenzi13|4|2014-10-15
Café Bistro 'Am Römerholz'|969verenat|4|2014-10-14
Café Bistro 'Am Römerholz'|MUC9846|3|2014-08-14
Café Bistro 'Am Römerholz'|SabineI563|5|2014-03-10
Café Bistro 'Am Römerholz'|820astridm|5|2013-10-13
Café Bistro 'Am Römerholz'|HelgaR320|5|2013-05-31
Café Bistro 'Am Römerholz'|stephdo999|5|2013-04-08
Café Bistro 'Am Römerholz'|MarkusBtz|5|2012-12-01
Café Bistro 'Am Römerholz'|stephdo999|5|2012-04-01
Café Bistro 'Am Römerholz'|cougar060|4|2011-08-06
Café Bistro 'Am Römerholz'|605ailbhef|3|2020-02-13
Café Bistro 'Am Römerholz'|meinelauri|5|2019-02-17
Café Bistro 'Am Römerholz'|Apenzeller|5|2018-06-01
Café Bistro 'Am Römerholz'|TheFabRitz|5|2017-08-13
Café Bistro 'Am Römerholz'|nab88|4|2016-03-03
Café Bistro 'Am Römerholz'|138haimv|5|2016-02-05
Café Bistro 'Am Römerholz'|Zurich71|5|2015-06-07
Domino's Pizza Winterthur Neuwiesen|Escape32683902699|5|2023-06-15
Domino's Pizza Winterthur Neuwiesen|Fuli84|1|2021-06-29
Domino's Pizza Winterthur Neuwiesen|Westkous|1|2021-06-28
Domino's Pizza Winterthur Neuwiesen|BigTastyZH|1|2021-03-17
Domino's Pizza Winterthur Neuwiesen|XELA91|5|2020-12-21
Gutschick|marcogU5511CN|5|2024-02-25
Gutschick|AMD-Travel-CH|4|2023-11-19
Gutschick|Cruiser43025095880|5|2023-10-28
Gutschick|SerpenT1|3|2023-09-28
Gutschick|A2706YFmichaelw|5|2023-06-23
Gutschick|gurktaler|5|2023-06-16
Gutschick|Scheha|5|2023-05-02
Gutschick|SerpenT1|5|2022-08-16
Gutschick|absw_oberstufe|5|2022-05-28
Gutschick|551nadinem|5|2022-05-02
Gutschick|MonikaK9238|5|2022-05-02
Gutschick|Navigator07401698617|1|2022-03-27
Gutschick|MonikaK9238|5|2022-01-26
Gutschick|Hoeppi67|5|2021-05-24
Gutschick|peterroetheli|5|2020-12-05
Gutschick|peterroetheli|5|2020-11-03
Gutschick|MonikaK9238|5|2020-08-03
Gutschick|FahrschuleK|5|2019-12-29
Gutschick|RobertSuter|5|2019-10-09
Gutschick|dvoden98|5|2019-03-02
Gutschick|22SandroF|5|2019-02-24
Gutschick|Kathikathi123|5|2019-02-10
Gutschick|Etienne8400|5|2019-01-29
Gutschick|Mezler|5|2019-01-20
Gutschick|tenzone|1|2019-01-12
Gutschick|MonikaK9238|5|2018-12-03
Gutschick|MonikaK9238|5|2018-10-15
Gutschick|traegerharald|5|2018-10-06
Gutschick|384malten|4|2018-08-12
Gutschick|Salvatore2608|4|2018-07-14
Gutschick|traegerharald|5|2018-05-25
Gutschick|Samba2007|4|2018-05-13
Gutschick|Wuschi1307|5|2018-05-13
Gutschick|2016|4|2017-11-12
Gutschick|MonikaK9238|5|2017-10-19
Gutschick|hannesjohan|5|2017-08-26
Gutschick|chepassa|5|2017-08-21
Gutschick|Muuude|5|2017-08-08
Gutschick|551nadinem|5|2017-05-22
Gutschick|MonikaK9238|5|2017-05-22
Gutschick|Flumsi1|5|2017-03-13
Gutschick|Widmausl|2|2017-01-18
Gutschick|NiciW30|4|2017-01-14
Gutschick|gwendoline_nolwenn|3|2016-11-14
Gutschick|AdrianW3187|5|2016-09-04
Gutschick|246giovannis|4|2016-08-14
Gutschick|beiztester|4|2016-08-12
Gutschick|TravelNishi|3|2016-07-31
Gutschick|peter41150|5|2016-07-25
Gutschick|184Mosey|4|2016-06-21
Gutschick|Jochanan658|3|2016-06-05
Gutschick|markwU749CK|4|2016-05-29
Gutschick|Jochanan658|4|2016-04-25
Gutschick|corinnegemperli|5|2016-04-02
Gutschick|marinawinti|5|2016-03-28
Gutschick|Michelis_8360|5|2015-07-23
Gutschick|Gogg1|5|2015-04-06
Gutschick|RetoG248|4|2015-03-30
Gutschick|439helmutg|4|2015-01-18
Gutschick|Adi1699|4|2014-08-31
Gutschick|Jochanan658|4|2014-05-29
Gutschick|GeriM489|4|2014-01-22
Gutschick|Jochanan658|4|2014-01-03
Gutschick|HeinzH726|4|2014-01-02
Gutschick|TheRealBaGEL|5|2016-11-06
Yooji's Kesselhaus|Sune0709|4|2023-08-07
Yooji's Kesselhaus|DiverRL|3|2022-02-20
Yooji's Kesselhaus|Camper36886767552|5|2021-10-08
Yooji's Kesselhaus|Ich_bin_nicht_suess|1|2021-06-19
Yooji's Kesselhaus|ManishaS728|3|2021-02-04
Yooji's Kesselhaus|schueme2|1|2020-12-20
Yooji's Kesselhaus|hgutmann|4|2020-10-03
Yooji's Kesselhaus|TimderFischer|1|2020-08-04
Yooji's Kesselhaus|Huby64|5|2020-07-30
Yooji's Kesselhaus|RetoURI|5|2020-06-13
Yooji's Kesselhaus|Sherpa599116|2|2020-06-10
Yooji's Kesselhaus|Frida0791|5|2020-01-12
Yooji's Kesselhaus|Beat23146|4|2020-01-08
Yooji's Kesselhaus|anizlatii|5|2019-12-18
Yooji's Kesselhaus|LuisM8647|5|2019-12-09
Yooji's Kesselhaus|maryy2186|5|2019-12-09
Yooji's Kesselhaus|C00CC0|5|2019-12-07
Yooji's Kesselhaus|marcinho118|5|2019-12-06
Yooji's Kesselhaus|zztastes|5|2019-12-04
Yooji's Kesselhaus|CemY374|5|2019-12-03
Yooji's Kesselhaus|Iveklicious|5|2019-12-03
Yooji's Kesselhaus|marinasQ5717QQ|5|2019-12-03
Yooji's Kesselhaus|anaskorput|5|2019-12-03
Yooji's Kesselhaus|Enomissa|5|2019-12-02
Yooji's Kesselhaus|bandchef21|5|2019-12-02
Yooji's Kesselhaus|abianmaerchy|5|2019-12-02
Yooji's Kesselhaus|danweidmann|3|2019-04-05
Yooji's Kesselhaus|kloten|5|2019-03-20
Yooji's Kesselhaus|Animore3|5|2019-03-19
Yooji's Kesselhaus|nnyb728|3|2019-01-03
Yooji's Kesselhaus|Waikoloha|5|2018-11-15
Yooji's Kesselhaus|SteBa2018|5|2018-09-30
Yooji's Kesselhaus|alehartmann|4|2018-08-09
Yooji's Kesselhaus|claudiasA7680KV|5|2018-04-24
Yooji's Kesselhaus|utopya_CH|2|2017-12-06
Yooji's Kesselhaus|Schlosswiler|4|2017-11-27
Yooji's Kesselhaus|MichaelForster1337|4|2017-11-13
Yooji's Kesselhaus|Roemiii|5|2017-10-18
Yooji's Kesselhaus|gerhardk2015|5|2017-10-10
Yooji's Kesselhaus|Admira8400|4|2017-07-17
Yooji's Kesselhaus|MyriamS1909|5|2017-07-10
Yooji's Kesselhaus|pumpeline|5|2017-06-30
Yooji's Kesselhaus|Admira8400|4|2017-06-03
Yooji's Kesselhaus|A5811UIvanessas|5|2017-03-24
Yooji's Kesselhaus|peggytime78|5|2017-03-14
Yooji's Kesselhaus|uelle90|3|2017-03-11
Yooji's Kesselhaus|til2morrow|4|2016-12-19
Yooji's Kesselhaus|Waterpolo1s|4|2016-09-08
Yooji's Kesselhaus|bart_simpson46|3|2016-07-14
Yooji's Kesselhaus|Satoriosaka|2|2016-04-21
Yooji's Kesselhaus|martinwinti1000|5|2016-04-02
Yooji's Kesselhaus|jasminjoyful|4|2015-08-23
Yooji's Kesselhaus|amermi|4|2015-08-23
Yooji's Kesselhaus|valerieh251|4|2015-07-26
Yooji's Kesselhaus|EarwenEarendil|5|2015-06-22
Yooji's Kesselhaus|swissy1983|4|2015-05-18
Yooji's Kesselhaus|Nibosan|5|2015-03-10
Yooji's Kesselhaus|aco_Switzerland|5|2014-11-09
Yooji's Kesselhaus|Oxbow3982|5|2014-10-23
Yooji's Kesselhaus|842MarkB|4|2013-07-28
Yooji's Kesselhaus|sandra572|5|2013-03-26
Yooji's Kesselhaus|Sakkura|2|2013-03-22
Yooji's Kesselhaus|stephdo999|4|2012-12-01
Yooji's Kesselhaus|hitchhiker2thegalaxy|1|2012-11-11
Yooji's Kesselhaus|yenikoy34|4|2019-10-11
Yooji's Kesselhaus|heartformosa|1|2017-01-05
Yooji's Kesselhaus|Ev-K-Wa|4|2015-07-08
Yooji's Kesselhaus|Sil543|5|2015-01-07
Tandoor Restaurant|645ursl|5|2023-11-19
Tandoor Restaurant|Navigate64631428994|5|2023-10-01
Tandoor Restaurant|Sonne-in|5|2021-11-28
Tandoor Restaurant|A1601GTthomasw|4|2021-09-01
Tandoor Restaurant|amorany|3|2021-08-12
Tandoor Restaurant|BUW8400|5|2021-04-20
Tandoor Restaurant|tempcons|5|2020-10-17
Tandoor Restaurant|Sumsara|4|2020-06-05
Tandoor Restaurant|Gastroreferenz|4|2019-12-16
Tandoor Restaurant|ElisabethB634|4|2019-11-27
Tandoor Restaurant|sarahl579|5|2019-11-07
Tandoor Restaurant|Schokomann007|5|2019-10-18
Tandoor Restaurant|jakobhenry|5|2019-10-03
Tandoor Restaurant|baleksi|5|2019-03-30
Tandoor Restaurant|schnei|5|2019-01-05
Tandoor Restaurant|hrd49|5|2018-12-19
Tandoor Restaurant|448matthiast|4|2018-08-13
Tandoor Restaurant|413ren_k|4|2018-04-26
Tandoor Restaurant|IngridG5|5|2018-03-15
Tandoor Restaurant|T9194RTpatrickp|2|2018-02-21
Tandoor Restaurant|M6443JGstefanm|5|2018-02-10
Tandoor Restaurant|ziskaemily|5|2018-02-03
Tandoor Restaurant|pri_fdo|2|2018-01-12
Tandoor Restaurant|Gastroreferenz|4|2017-12-22
Tandoor Restaurant|janices879|4|2017-11-18
Tandoor Restaurant|ShyamZ4|5|2017-10-02
Tandoor Restaurant|aurarM6578FV|5|2017-04-30
Tandoor Restaurant|ReiseMeow|3|2017-04-20
Tandoor Restaurant|sli|5|2017-04-14
Tandoor Restaurant|XELA91|5|2017-01-26
Tandoor Restaurant|kiwijazz|3|2017-01-01
Tandoor Restaurant|K7751BWmartink|1|2016-11-28
Tandoor Restaurant|pascal123321|4|2016-11-20
Tandoor Restaurant|aco_Switzerland|2|2016-08-20
Tandoor Restaurant|Veloreisender2016|5|2016-05-15
Tandoor Restaurant|ckingeisha|5|2016-03-14
Tandoor Restaurant|Sceadu74|4|2016-03-07
Tandoor Restaurant|FlyGripen|4|2016-02-11
Tandoor Restaurant|DoroD_13|3|2016-02-03
Tandoor Restaurant|amariena|5|2015-12-14
Tandoor Restaurant|ElisabethB634|4|2015-12-09
Tandoor Restaurant|h8400|5|2015-11-06
Tandoor Restaurant|55amirs|1|2015-10-21
Tandoor Restaurant|Fishermansfriend2015|4|2015-10-03
Tandoor Restaurant|Chr15714n|5|2015-09-13
Tandoor Restaurant|RenatoW_13|5|2015-07-22
Tandoor Restaurant|stephdo999|5|2015-06-24
Tandoor Restaurant|880basilm|4|2015-06-19
Tandoor Restaurant|NicoleB83B|4|2015-03-28
Tandoor Restaurant|ascalM384|5|2015-03-06
Tandoor Restaurant|gisingen|4|2015-01-07
Tandoor Restaurant|mrgoagoa|5|2014-12-20
Tandoor Restaurant|stephdo999|5|2014-09-05
Tandoor Restaurant|RPNK|5|2014-06-11
Tandoor Restaurant|Argussli|4|2014-05-04
Tandoor Restaurant|Mvvri|4|2013-12-27
Tandoor Restaurant|Boelkstoff|5|2013-10-11
Tandoor Restaurant|SapporoH|1|2013-08-24
Tandoor Restaurant|gobehok|4|2013-05-26
Tandoor Restaurant|stephdo999|4|2012-12-01
Tandoor Restaurant|MarkusBtz|4|2012-12-01
Tandoor Restaurant|Steibock|5|2012-08-22
Tandoor Restaurant|shadylau|4|2019-10-07
Tandoor Restaurant|Nomad70884|4|2019-08-07
Tandoor Restaurant|heidis641|5|2018-12-22
Tandoor Restaurant|RaymondRoesti|3|2016-11-18
Tandoor Restaurant|HarmonyV92|5|2016-08-17
Tandoor Restaurant|S7094JCchrisl|4|2015-12-05
Tandoor Restaurant|skomar|5|2015-09-08
Tandoor Restaurant|6foot8Chrispy|4|2015-08-21
Tandoor Restaurant|922andrew|5|2015-07-09
Tandoor Restaurant|v_roniquek933|5|2015-05-28
Tandoor Restaurant|344jurajs|5|2015-02-27
Tandoor Restaurant|sanjaylakhera|5|2014-09-08
Tandoor Restaurant|Verma_Yk|5|2013-10-15
Tandoor Restaurant|Atanu_13|4|2013-05-02
Tandoor Restaurant|LakeHouse53081|4|2013-02-24
Tandoor Restaurant|nitinsachdeva|3|2012-09-16
Tandoor Restaurant|Liz_D27|4|2012-09-01
Tandoor Restaurant|MehakG|5|2012-08-24
Frischtheke Café & Bistro|happy188112|5|2023-10-11
Frischtheke Café & Bistro|TillB38|5|2022-05-15
Frischtheke Café & Bistro|Ender198888|5|2022-02-02
Frischtheke Café & Bistro|MatthiasS2789|5|2020-10-07
Tibet Bistro|pification|5|2023-11-07
Tibet Bistro|blanktree|5|2021-09-27
Tibet Bistro|Meleona|5|2021-07-16
Tibet Bistro|NiciHas|3|2020-09-18
Tibet Bistro|burninetoile|5|2019-09-08
Tibet Bistro|Lololocococo|5|2019-05-21
Tibet Bistro|sromiel|5|2019-02-22
Tibet Bistro|bernardf135|5|2018-11-10
Tibet Bistro|Misch79|5|2018-10-09
Tibet Bistro|SusanneR1386|5|2018-09-02
Tibet Bistro|Mala82|4|2018-09-01
Tibet Bistro|sucioanimal|4|2018-07-04
Tibet Bistro|walterg8|5|2018-06-15
Tibet Bistro|S4541HTneilh|5|2018-03-04
Tibet Bistro|xli192019|4|2017-10-27
Tibet Bistro|salo_699|5|2017-09-17
Tibet Bistro|Gloor_M|4|2017-08-25
Tibet Bistro|LeaG443|5|2017-08-03
Tibet Bistro|tangimoana|5|2017-08-03
Tibet Bistro|Butzpilot|5|2017-07-26
Tibet Bistro|18Martina18|4|2017-05-09
Tibet Bistro|Tourist679301|2|2017-03-23
Tibet Bistro|marcelinauen|5|2017-03-04
Tibet Bistro|VanessaB269|5|2016-12-02
Tibet Bistro|Quincylein|5|2016-10-30
Tibet Bistro|RaschiK1|5|2016-09-23
Tibet Bistro|Foodi77|4|2016-05-04
Tibet Bistro|michaelrH9623PB|4|2016-02-08
Tibet Bistro|scarit|5|2015-12-20
Tibet Bistro|950willk|5|2015-11-28
Tibet Bistro|MinnieMcG|4|2015-11-09
Tibet Bistro|281andr_b|4|2015-10-26
Tibet Bistro|deniseg971|5|2015-03-26
Tibet Bistro|Wittyarwen|5|2014-10-10
Tibet Bistro|mrsorso|5|2014-10-03
Tibet Bistro|Springfloh|5|2012-10-19
Tibet Bistro|Ael2012|4|2012-08-21
Tibet Bistro|OliverS831|4|2012-04-27
Tibet Bistro|stephdo999|4|2011-07-28
Tibet Bistro|mercat52|5|2011-07-28
Tibet Bistro|Inspheration|5|2011-01-17
Tibet Bistro|JaCoWi|5|2020-07-21
Tibet Bistro|aretta2014|2|2019-05-09
Tibet Bistro|mrsfruitloops|5|2019-04-02
Tibet Bistro|100mathieuh|4|2017-07-26
Tibet Bistro|christianb465|5|2016-06-29
Tibet Bistro|539rahulj|5|2016-03-13
Gianni's Pizzeria|Inspire39176993841|4|2024-07-13
Gianni's Pizzeria|mishav148|5|2023-06-17
Gianni's Pizzeria|Baengeli|5|2023-02-28
Gianni's Pizzeria|mishav148|5|2023-02-28
Gianni's Pizzeria|absw_oberstufe|5|2021-11-22
Gianni's Pizzeria|cfeer|5|2020-03-21
Gianni's Pizzeria|Lubi1712|5|2019-11-03
Gianni's Pizzeria|SerpenT1|1|2018-07-12
Gianni's Pizzeria|799wernerd|4|2018-05-24
Gianni's Pizzeria|ClaudeJaermann|5|2017-10-27
Gianni's Pizzeria|123456789lisa|5|2017-05-08
Gianni's Pizzeria|XELA91|2|2016-12-26
Gianni's Pizzeria|Steevestevensens|5|2016-10-23
Gianni's Pizzeria|FabienneD855|5|2016-08-06
Gianni's Pizzeria|marinawinti|4|2016-03-28
Gianni's Pizzeria|3943HHcatherinef|5|2016-02-09
Gianni's Pizzeria|WernerB600|4|2014-12-08
Gianni's Pizzeria|Jochanan658|5|2014-03-22
Gianni's Pizzeria|757kenr|5|2019-08-07
Gianni's Pizzeria|55alir|5|2014-07-05
Big Burger|Traveler54336802857|4|2023-10-29
Big Burger|noneofy293|2|2023-08-04
Tres Amigos Winterthur|1franzip|2|2024-05-01
Tres Amigos Winterthur|LukasGerosa|1|2023-08-28
Tres Amigos Winterthur|417tinof|5|2023-07-31
Tres Amigos Winterthur|Romano_CH|2|2023-06-30
Tres Amigos Winterthur|vl|2|2023-05-28
Tres Amigos Winterthur|sabethsB7752CI|3|2023-04-24
Tres Amigos Winterthur|Lusohelvetica|1|2023-02-27
Tres Amigos Winterthur|hgutmann|4|2023-02-11
Tres Amigos Winterthur|Wunderbeiz|4|2022-08-26
Tres Amigos Winterthur|asokm|5|2022-05-27
Tres Amigos Winterthur|Wunderbeiz|4|2022-02-27
Tres Amigos Winterthur|Reunion100|3|2021-09-01
Tres Amigos Winterthur|hmh4u|2|2021-07-10
Tres Amigos Winterthur|Seuzacher|3|2021-06-11
Tres Amigos Winterthur|desi_okkibelli|2|2021-06-04
Tres Amigos Winterthur|3Jumper|4|2020-11-01
Tres Amigos Winterthur|hasannazimc|1|2020-07-12
Tres Amigos Winterthur|aolaG3303|5|2020-02-08
Tres Amigos Winterthur|Muuude|5|2019-09-08
Tres Amigos Winterthur|DaliyahA|3|2019-08-31
Tres Amigos Winterthur|SarahS13288|4|2019-08-13
Tres Amigos Winterthur|apk93|2|2019-03-08
Tres Amigos Winterthur|Muuude|5|2019-01-23
Tres Amigos Winterthur|manumarz|4|2019-01-19
Tres Amigos Winterthur|Jades007|1|2018-08-06
Tres Amigos Winterthur|gandalfw77|1|2018-07-05
Tres Amigos Winterthur|LeunamGJD|3|2018-04-18
Tres Amigos Winterthur|selinas803|5|2018-04-17
Tres Amigos Winterthur|Amsi6|4|2018-03-25
Tres Amigos Winterthur|patstau|1|2018-03-23
Tres Amigos Winterthur|huck0815|5|2018-02-06
Tres Amigos Winterthur|Mala82|3|2017-12-23
Tres Amigos Winterthur|Muuude|5|2017-12-15
Tres Amigos Winterthur|antoniopol2017|5|2017-12-13
Tres Amigos Winterthur|andreassS3626YT|4|2017-10-05
Tres Amigos Winterthur|Ruedi55|4|2017-10-02
Tres Amigos Winterthur|RolfKH|2|2017-09-29
Tres Amigos Winterthur|Saeck|5|2017-08-23
Tres Amigos Winterthur|MatTiger|4|2017-08-17
Tres Amigos Winterthur|Gabulinski|5|2017-08-12
Tres Amigos Winterthur|xr368|5|2017-08-07
Tres Amigos Winterthur|bluepatrick6|5|2017-07-31
Tres Amigos Winterthur|OliverA397|2|2017-06-10
Tres Amigos Winterthur|587matthiasz|4|2017-04-20
Tres Amigos Winterthur|ninasI3732FP|2|2017-04-11
Tres Amigos Winterthur|Verdant81|2|2017-02-23
Tres Amigos Winterthur|Waterpolo1s|4|2017-02-16
Tres Amigos Winterthur|peterroetheli|1|2016-12-08
Tres Amigos Winterthur|Jochanan658|4|2016-11-21
Tres Amigos Winterthur|794sahraa|5|2016-10-18
Tres Amigos Winterthur|mariobV6056SG|4|2016-10-02
Tres Amigos Winterthur|karinlindner|3|2016-09-28
Tres Amigos Winterthur|Jades007|4|2016-09-15
Tres Amigos Winterthur|178tijens|4|2016-07-29
Tres Amigos Winterthur|kindashian|4|2016-07-24
Tres Amigos Winterthur|Jengeli|4|2016-04-06
Tres Amigos Winterthur|Superhirn|3|2016-03-13
Tres Amigos Winterthur|ToberUs|4|2016-02-19
Tres Amigos Winterthur|queen_bee_winti|4|2016-02-17
Tres Amigos Winterthur|Andriiin|3|2016-01-18
Tres Amigos Winterthur|Zonkeydonkey|3|2016-01-17
Tres Amigos Winterthur|ndakota1988|2|2016-01-12
Tres Amigos Winterthur|Climbout|4|2016-01-07
Tres Amigos Winterthur|831matthiase|4|2015-11-11
Tres Amigos Winterthur|andreabX7349JR|4|2015-09-01
Tres Amigos Winterthur|Felizcomolombriz|4|2015-08-23
Tres Amigos Winterthur|ukyonline|3|2015-07-31
Tres Amigos Winterthur|uckassor|3|2015-05-22
Tres Amigos Winterthur|comewithus2|4|2015-05-18
Tres Amigos Winterthur|Echinacea01|3|2015-04-23
Tres Amigos Winterthur|Salvatore2608|3|2015-03-28
Tres Amigos Winterthur|OliverA397|3|2015-03-26
Tres Amigos Winterthur|Navigate810512|1|2015-02-02
Tres Amigos Winterthur|abir2014|5|2014-12-17
Tres Amigos Winterthur|nexussixrachael|5|2014-10-23
Tres Amigos Winterthur|schnitzelbrot|5|2014-10-14
Tres Amigos Winterthur|timop481|4|2014-09-01
Tres Amigos Winterthur|Mila9091|2|2014-05-04
Tres Amigos Winterthur|hilippS247|4|2013-11-30
Tres Amigos Winterthur|tsunrise|3|2013-07-02
Tres Amigos Winterthur|Bawidini|1|2013-04-06
Tres Amigos Winterthur|Mikey-Winti|4|2013-03-20
Tres Amigos Winterthur|OliverA397|3|2013-01-18
Tres Amigos Winterthur|tschaese|4|2012-12-19
Tres Amigos Winterthur|dkraft|4|2012-06-28
Tres Amigos Winterthur|OliverS831|4|2012-04-27
Tres Amigos Winterthur|gigiarosa|4|2011-12-26
Tres Amigos Winterthur|biddingpoints|4|2011-11-28
Tres Amigos Winterthur|jason7401|3|2011-08-26
Tres Amigos Winterthur|Markus_Schweiz|4|2011-05-26
Tres Amigos Winterthur|kayak1234|4|2010-12-13
Tres Amigos Winterthur|DanielaH1052|3|2008-04-29
Tres Amigos Winterthur|nab9828|4|2018-10-17
Tres Amigos Winterthur|Kven_1271|5|2017-06-14
Tres Amigos Winterthur|99Display_Name99|3|2017-05-20
Tres Amigos Winterthur|MortenToft|4|2016-11-05
Tres Amigos Winterthur|snaproll|5|2016-08-21
Tres Amigos Winterthur|X789NLanas|5|2016-06-25
Tres Amigos Winterthur|matthipam|4|2016-05-14
Tres Amigos Winterthur|S7094JCchrisl|4|2015-12-05
Tres Amigos Winterthur|n65|4|2015-10-01
Tres Amigos Winterthur|99Display_Name99|4|2015-06-22
Tres Amigos Winterthur|qr2013|2|2015-05-10
Tres Amigos Winterthur|alsina1922|1|2015-01-13
Tres Amigos Winterthur|HonestInfo|2|2014-11-09
Tres Amigos Winterthur|MrsPoldan|4|2014-05-27
Tres Amigos Winterthur|mattpink|4|2013-11-09
Tres Amigos Winterthur|aum625|5|2013-03-09
Tres Amigos Winterthur|TreeandDonkey|3|2012-11-01
Tres Amigos Winterthur|stelladellasenna|1|2012-07-15
Wirtschaft zur Eintracht|swissgolftraveller|5|2023-06-14
Wirtschaft zur Eintracht|Inspire37172271123|5|2023-05-03
Wirtschaft zur Eintracht|vorn2015|5|2023-02-12
Wirtschaft zur Eintracht|Georg1967|5|2023-01-26
Wirtschaft zur Eintracht|haraldbugmann|5|2022-11-26
Wirtschaft zur Eintracht|Melapos|5|2021-08-16
Wirtschaft zur Eintracht|Remapugi|5|2020-08-02
Wirtschaft zur Eintracht|542rogerr|4|2020-05-27
Wirtschaft zur Eintracht|Hanspi|5|2019-09-26
Wirtschaft zur Eintracht|baenz-49|4|2019-04-19
Wirtschaft zur Eintracht|Jochen557|5|2019-04-16
Wirtschaft zur Eintracht|Straumi|4|2019-03-24
Wirtschaft zur Eintracht|andn2010|5|2018-12-14
Wirtschaft zur Eintracht|n_s205|5|2018-11-06
Wirtschaft zur Eintracht|EveC588|5|2018-08-06
Wirtschaft zur Eintracht|chlinefoodlover|5|2017-08-15
Wirtschaft zur Eintracht|baleksi|5|2017-07-23
Wirtschaft zur Eintracht|Spreebogen11|2|2017-07-02
Wirtschaft zur Eintracht|mercedes109|4|2016-12-27
Wirtschaft zur Eintracht|thomasmG4895VY|5|2016-12-10
Wirtschaft zur Eintracht|T9194RTpatrickp|5|2016-07-31
Wirtschaft zur Eintracht|ab7111|5|2016-05-29
Wirtschaft zur Eintracht|aella123|5|2016-04-26
Wirtschaft zur Eintracht|RetoG248|5|2016-03-05
Wirtschaft zur Eintracht|RetoG248|5|2015-10-24
Wirtschaft zur Eintracht|Hanspi|5|2015-09-11
Wirtschaft zur Eintracht|RetoG248|5|2015-07-12
Wirtschaft zur Eintracht|arthurg23|1|2015-07-03
Wirtschaft zur Eintracht|h999|5|2012-05-20
Wirtschaft zur Eintracht|Felsi|5|2010-12-26
Wirtschaft zur Eintracht|8304WB|5|2019-04-13
Wirtschaft zur Eintracht|TastyHomer|4|2014-01-22
Thai Bistro|BarbaraF8000|5|2024-03-17
Thai Bistro|hanuf2017|5|2022-04-24
Thai Bistro|LaSue90|5|2021-07-11
Thai Bistro|jen_kolb|5|2020-11-25
Thai Bistro|Travelaround2016|4|2020-08-17
Thai Bistro|sanseuz|5|2020-08-10
Thai Bistro|TravelNishi|3|2020-06-23
Thai Bistro|HapeGe62|4|2020-03-12
Thai Bistro|haniiyah|1|2019-12-29
Thai Bistro|david-f-124267|5|2019-11-11
Thai Bistro|cundpc|1|2019-11-11
Thai Bistro|Gogg1|4|2019-10-15
Thai Bistro|tempcons|4|2019-10-05
Thai Bistro|ChristianB7368|4|2019-08-07
Thai Bistro|Anjalisp|4|2019-06-07
Thai Bistro|Ray81|4|2019-03-08
Thai Bistro|Weiss044|5|2019-02-26
Thai Bistro|LucaP3891|4|2019-02-17
Thai Bistro|puffinsandmuffins|4|2019-02-08
Thai Bistro|413ren_k|4|2018-12-26
Thai Bistro|Kate_Phanie|5|2018-12-12
Thai Bistro|Alessiogiuliano1|4|2018-09-21
Thai Bistro|LucaP3891|4|2018-08-27
Thai Bistro|Art_ZH8000|4|2018-07-30
Thai Bistro|XELA91|5|2018-05-28
Thai Bistro|xli192019|2|2018-03-31
Thai Bistro|marcow836|4|2018-03-14
Thai Bistro|112salvatores|3|2017-11-20
Thai Bistro|598stefanm|3|2017-11-18
Thai Bistro|aschwanden|5|2017-10-16
Thai Bistro|EarwenEarendil|4|2017-10-10
Thai Bistro|amelliger|4|2017-10-06
Thai Bistro|Choli74|4|2017-10-02
Thai Bistro|MatTiger|4|2017-08-14
Thai Bistro|MarkWinti|4|2017-06-23
Thai Bistro|Soledad6|4|2017-01-30
Thai Bistro|482claudiav|4|2017-02-02
les Wagons|S4321HTmarcoc|5|2021-07-05
les Wagons|auackerpflug|5|2019-11-22
les Wagons|pulmi04|4|2019-07-17
les Wagons|brigittek193|4|2019-06-24
les Wagons|Thebachmannfamily|5|2019-03-11
les Wagons|cheeky-kea|4|2019-02-23
les Wagons|515heleni|5|2019-02-13
les Wagons|486Ma_Ri|5|2018-11-05
les Wagons|arlicht55|4|2018-09-06
les Wagons|E4081MStoms|4|2018-08-03
les Wagons|_samuel_kern|5|2018-06-19
les Wagons|auackerpflug|5|2018-06-07
les Wagons|miroculix|5|2017-09-26
les Wagons|pumpeline|5|2017-06-17
les Wagons|carinastraehl|5|2017-05-22
les Wagons|anniberger|4|2017-05-14
les Wagons|MartinoSinitalia|5|2017-03-24
les Wagons|kevinlV2780LC|5|2016-09-11
les Wagons|amelliger|4|2016-09-09
les Wagons|MarkusG1855|5|2016-09-01
les Wagons|nicolefehrmann|5|2016-07-12
les Wagons|holenstone|5|2016-06-17
les Wagons|MeryGrape|3|2016-06-11
les Wagons|Satoriosaka|4|2016-04-21
les Wagons|pumpeline|5|2016-04-09
les Wagons|terS12684|5|2016-03-28
les Wagons|Sternkind|5|2016-03-20
les Wagons|246ursb|4|2016-03-06
les Wagons|630florianb|5|2016-01-26
les Wagons|777stefanu|5|2015-12-02
les Wagons|FormerCaliBoy|4|2017-02-13
les Wagons|ZO-O300|5|2016-05-25
les Wagons|Chrigel2014|4|2016-04-25
les Wagons|952tizians|4|2015-12-15
Rosen Restaurant Pizzeria|B1799PPandreasr|5|2024-08-16
Rosen Restaurant Pizzeria|gunzu|5|2023-04-12
Rosen Restaurant Pizzeria|amorany|5|2021-08-04
Rosen Restaurant Pizzeria|NoeSta37|5|2021-01-06
Rosen Restaurant Pizzeria|borgensnyborg|5|2020-07-16
Rosen Restaurant Pizzeria|Batman_lari|5|2020-05-15
Rosen Restaurant Pizzeria|saracJ2332PS|5|2020-01-03
Nachbarsgarten|JuergG|5|2024-04-29
Nachbarsgarten|buehrer2016|5|2024-03-10
Nachbarsgarten|grossluk|4|2024-03-02
Nachbarsgarten|356steffeng|5|2023-09-10
Nachbarsgarten|mkellerhatesteller|5|2023-07-04
Nachbarsgarten|LePierreEtViviane|4|2022-09-18
Nachbarsgarten|Grubear22|5|2022-06-07
Nachbarsgarten|0601va|4|2021-11-28
Nachbarsgarten|tangimoana|5|2021-09-29
Nachbarsgarten|BettyBalboa|5|2021-09-22
Nachbarsgarten|traO517|5|2021-08-31
Nachbarsgarten|Franziska09|5|2021-06-26
Nachbarsgarten|80MarianneR|4|2020-03-03
Nachbarsgarten|Restaurant-Geniesser|5|2020-02-22
Nachbarsgarten|Chantal_ZH70|5|2020-02-20
Nachbarsgarten|pulmi04|4|2020-01-28
Nachbarsgarten|Mala82|5|2019-11-16
Nachbarsgarten|josepht85|5|2019-11-05
Nachbarsgarten|905antjen|5|2019-09-22
Nachbarsgarten|giuseppesE3144YO|5|2019-09-09
Nachbarsgarten|U4229XMpatricka|5|2019-09-05
Nachbarsgarten|princess_schweiz|5|2019-09-02
Nachbarsgarten|MZ-CH|5|2019-08-27
Nachbarsgarten|323uh|3|2019-08-27
Nachbarsgarten|silversurfer130|5|2019-08-15
Nachbarsgarten|Tripavisor0876523641|5|2019-08-13
Nachbarsgarten|Suretipp|4|2019-08-06
Nachbarsgarten|TiKoWi|2|2019-08-02
Nachbarsgarten|Torte77|4|2019-07-08
Nachbarsgarten|waldhoff|5|2019-07-06
Nachbarsgarten|travel67441|4|2019-07-01
Nachbarsgarten|barbaradQ4613YS|5|2019-06-21
Nachbarsgarten|675angelikag|5|2019-06-05
Nachbarsgarten|karinli_binli|4|2019-05-25
Nachbarsgarten|19cupcake87|5|2019-04-04
Nachbarsgarten|schnei|4|2019-03-17
Nachbarsgarten|andreasoeldi|3|2019-02-07
Nachbarsgarten|Ilz-mat|5|2018-12-22
Nachbarsgarten|Z1432GQsimong|2|2018-11-11
Nachbarsgarten|kiwinads|2|2018-11-10
Nachbarsgarten|ukyonline|5|2018-11-07
Nachbarsgarten|Thierry_Luc|4|2018-10-25
Nachbarsgarten|Crine83|5|2018-10-22
Nachbarsgarten|MarleneS2671|5|2018-10-17
Nachbarsgarten|132_Roger|5|2018-09-26
Nachbarsgarten|SarahS13288|5|2018-09-15
Nachbarsgarten|beatas728|4|2018-08-27
Nachbarsgarten|xw22|4|2018-08-10
Nachbarsgarten|Anja_Schoeb|5|2018-07-09
Nachbarsgarten|marianne_locher_ch|4|2018-07-01
Nachbarsgarten|871haraldf|5|2018-06-21
Nachbarsgarten|MatTiger|5|2018-06-14
Nachbarsgarten|Wahlhessin|5|2018-05-20
Nachbarsgarten|bart_simpson46|3|2018-04-27
Nachbarsgarten|silugima|5|2018-04-12
Nachbarsgarten|694raphaelt|5|2018-04-02
Nachbarsgarten|dominics635|5|2018-04-01
Nachbarsgarten|Rovohi|5|2018-03-15
Nachbarsgarten|NicoleB83B|5|2018-03-05
Nachbarsgarten|IngredientsTraveller|5|2018-02-25
Nachbarsgarten|Gloor_M|4|2018-02-21
Nachbarsgarten|SarahS13288|5|2018-01-25
Nachbarsgarten|MauriceNaef|5|2018-01-22
Nachbarsgarten|bluegreenwoman|5|2018-01-16
Nachbarsgarten|MelNat87|4|2018-01-11
Nachbarsgarten|DaveHeggli|5|2017-12-27
Nachbarsgarten|CellaZimmi|5|2017-12-16
Nachbarsgarten|Martin_P6219|5|2017-12-10
Nachbarsgarten|mikesY2461LE|4|2017-12-05
Nachbarsgarten|ction42|5|2017-11-12
Nachbarsgarten|MarkWinti|4|2017-11-08
Nachbarsgarten|hussigg|5|2017-11-02
Nachbarsgarten|ChristianF3877|5|2017-10-12
Nachbarsgarten|Choli74|5|2017-10-02
Nachbarsgarten|235sandrab|5|2017-09-27
Nachbarsgarten|schnei|5|2017-09-10
Nachbarsgarten|Schoeggeler88|5|2017-08-29
Nachbarsgarten|U9582ILpetern|5|2017-08-29
Nachbarsgarten|Romifers|4|2017-08-28
Nachbarsgarten|andreabK8993VX|5|2017-08-27
Nachbarsgarten|heinzl109|4|2017-08-23
Nachbarsgarten|arlicht55|4|2017-08-22
Nachbarsgarten|moecklim|5|2017-08-02
Nachbarsgarten|barbara_x7|5|2017-07-21
Nachbarsgarten|gossweiler|5|2017-07-12
Nachbarsgarten|OliverB2722|5|2017-07-08
Nachbarsgarten|JanineH1223|5|2017-07-08
Nachbarsgarten|sarabX5046VF|5|2017-07-06
Nachbarsgarten|bart_simpson46|5|2017-06-30
Nachbarsgarten|Geristo|5|2017-06-28
Nachbarsgarten|mamahoch3|5|2017-06-22
Nachbarsgarten|suttvan|2|2017-06-20
Nachbarsgarten|konradm400|5|2017-06-20
Nachbarsgarten|Y9583BUlucaa|4|2017-06-18
Nachbarsgarten|I8650EFmicheller|5|2017-06-17
Nachbarsgarten|FredyK966|5|2017-06-01
Nachbarsgarten|Hantastisch|5|2017-05-09
Nachbarsgarten|mbrunner76|5|2017-05-07
Nachbarsgarten|ab7111|5|2017-04-18
Nachbarsgarten|markusb237|5|2017-04-15
Nachbarsgarten|mad69|4|2017-04-08
Nachbarsgarten|78pascalm|5|2017-04-05
Nachbarsgarten|Montelupoconsult|5|2017-03-14
Nachbarsgarten|jule_1990|5|2017-03-08
Nachbarsgarten|sandrow320|5|2017-03-05
Nachbarsgarten|Meldek_ch|5|2017-03-01
Nachbarsgarten|JoeU178|5|2017-02-25
Nachbarsgarten|wadagou|5|2017-02-20
Nachbarsgarten|Ray81|4|2017-02-13
Nachbarsgarten|bi52016|4|2017-02-13
Nachbarsgarten|Meerrauschen|5|2017-02-12
Nachbarsgarten|Aqua1973|4|2017-02-03
Nachbarsgarten|363|5|2017-01-30
Nachbarsgarten|Cosmopolitan384661|5|2016-12-25
Nachbarsgarten|Nomad674571|4|2016-12-19
Nachbarsgarten|amonam360|5|2016-12-06
Nachbarsgarten|298marcelk|5|2016-11-19
Nachbarsgarten|842MarkB|5|2016-11-15
Nachbarsgarten|andb996|3|2016-11-14
Nachbarsgarten|1903tripadviser|4|2016-11-12
Nachbarsgarten|Neuhof_B_2_2|5|2016-10-24
Nachbarsgarten|DinaP771|4|2016-10-19
Nachbarsgarten|185antoinetteg|4|2016-10-19
Nachbarsgarten|RitaS5176|5|2016-10-11
Nachbarsgarten|Nagelanne|5|2016-10-02
Nachbarsgarten|T7708SKthomasj|5|2016-10-01
Nachbarsgarten|kburkhard|5|2016-09-29
Nachbarsgarten|Nero25|5|2016-09-25
Nachbarsgarten|silugima|5|2016-09-17
Nachbarsgarten|I4157JVchrisj|3|2016-09-16
Nachbarsgarten|peggytime78|5|2016-09-09
Nachbarsgarten|TamaraR1950|5|2016-09-09
Nachbarsgarten|ChristianS2388|5|2016-09-06
Nachbarsgarten|aurafV6014XC|5|2016-09-04
Nachbarsgarten|Soledad6|5|2016-09-01
Nachbarsgarten|B2184JIdanb|5|2016-08-24
Nachbarsgarten|manw779|5|2016-08-20
Nachbarsgarten|vflaiban|5|2016-08-18
Nachbarsgarten|216stefanh|4|2016-08-11
Nachbarsgarten|aaline|5|2016-08-10
Nachbarsgarten|699andih|5|2016-08-02
Nachbarsgarten|385stefane|5|2016-07-26
Nachbarsgarten|_cea_piotrowski|1|2016-07-06
Nachbarsgarten|anneblockzurich|5|2016-07-05
Nachbarsgarten|uedin|4|2016-06-16
Nachbarsgarten|Erfolg12|5|2016-06-11
Nachbarsgarten|FlyGripen|5|2016-06-08
Nachbarsgarten|andresito1978|5|2016-05-19
Nachbarsgarten|Capricorn865|5|2016-05-14
Nachbarsgarten|Grinschel|5|2016-05-08
Nachbarsgarten|Nero25|5|2016-05-07
Nachbarsgarten|DesireeN945|5|2016-05-07
Nachbarsgarten|schroray|5|2016-04-29
Nachbarsgarten|aimundo769|5|2016-04-24
Nachbarsgarten|Mini-rockabella|5|2016-04-21
Nachbarsgarten|Trutt71|4|2016-04-09
Nachbarsgarten|TTo-the-Bike1964|5|2016-04-03
Nachbarsgarten|OlivierR639|4|2016-03-27
Nachbarsgarten|18noah|5|2016-03-23
Nachbarsgarten|322fritzw|4|2016-03-15
Nachbarsgarten|116mz|4|2016-03-15
Nachbarsgarten|Sceadu74|4|2016-03-07
Nachbarsgarten|markusk910|5|2016-03-06
Nachbarsgarten|246ursb|5|2016-03-06
Nachbarsgarten|Naftali69|4|2016-02-24
Nachbarsgarten|730inesh|5|2016-02-13
Nachbarsgarten|18hansf|5|2016-02-10
Nachbarsgarten|adith|5|2016-02-09
Nachbarsgarten|silviok754|5|2016-02-04
Nachbarsgarten|uebinater|5|2016-02-04
Nachbarsgarten|Aveelina|5|2016-02-03
Nachbarsgarten|SMichael12|5|2016-02-02
Nachbarsgarten|simonmM8310DK|5|2016-02-02
Nachbarsgarten|giga8005|5|2016-02-02
Nachbarsgarten|Gaisbogg|5|2016-01-02
Nachbarsgarten|Inappix|5|2016-01-02
Nachbarsgarten|Guex86|5|2016-01-01
Nachbarsgarten|domecia|5|2015-12-23
Nachbarsgarten|kathrinc2013|5|2015-12-16
Nachbarsgarten|RogerMeili|5|2015-12-15
Nachbarsgarten|terWahn|5|2015-12-15
Nachbarsgarten|nes19682015|5|2015-12-05
Nachbarsgarten|Satchmo1969|5|2015-11-25
Nachbarsgarten|JuergF67|5|2015-11-25
Nachbarsgarten|mariusfkraemer|5|2015-11-24
Nachbarsgarten|SpaTest|4|2015-11-16
Nachbarsgarten|Burjac|5|2015-10-29
Nachbarsgarten|JuiceJus|5|2015-10-27
Nachbarsgarten|921aem|5|2015-10-19
Nachbarsgarten|aura_hy196|5|2015-10-17
Nachbarsgarten|sabrinag120|5|2015-10-16
Nachbarsgarten|276patrikk|5|2015-10-15
Nachbarsgarten|Vren-Fisch|5|2015-10-15
Nachbarsgarten|nly56|4|2015-10-14
Nachbarsgarten|Nemanja2211|1|2015-10-13
Nachbarsgarten|Rud0lfG|5|2015-10-13
Nachbarsgarten|msspanda|5|2015-10-11
Nachbarsgarten|O8130ADmichelb|5|2015-10-10
Nachbarsgarten|SaraB8299|5|2015-10-08
Nachbarsgarten|damkato|5|2015-10-07
Nachbarsgarten|Fishermansfriend2015|4|2015-10-03
Nachbarsgarten|danielpP4359SH|5|2015-09-15
Nachbarsgarten|Mimi0000000_0|5|2015-09-06
Nachbarsgarten|18noah|5|2015-09-06
Nachbarsgarten|bischod|4|2015-09-02
Nachbarsgarten|armandoc115|5|2015-08-29
Nachbarsgarten|F4683PHmartinw|2|2015-08-29
Nachbarsgarten|474regulah|5|2015-08-28
Nachbarsgarten|alexsU1233OD|5|2015-08-27
Nachbarsgarten|Maienne|5|2015-08-27
Nachbarsgarten|486jeannineb|5|2015-08-17
Nachbarsgarten|jasmine_winti|5|2015-08-15
Nachbarsgarten|viktorb26|5|2015-08-15
Nachbarsgarten|334bet|5|2015-08-14
Nachbarsgarten|DrBBUster|4|2015-08-12
Nachbarsgarten|Floormiller|5|2015-07-24
Nachbarsgarten|sery99|5|2015-07-13
Nachbarsgarten|WATCH2013|4|2015-07-12
Nachbarsgarten|Bluec65|5|2015-07-04
Nachbarsgarten|marinho85|5|2015-06-22
Nachbarsgarten|Inefraesi|5|2015-06-10
Nachbarsgarten|nadines648|5|2015-05-20
Nachbarsgarten|865DanielC|5|2015-05-19
Nachbarsgarten|666ayselh|5|2015-05-19
Nachbarsgarten|Y7168IQnicoles|5|2015-04-21
Nachbarsgarten|Dingue_32|5|2015-04-17
Nachbarsgarten|Finocc|5|2015-04-05
Nachbarsgarten|LandeiKlafi|5|2015-04-02
Nachbarsgarten|Garon-bm|4|2015-03-29
Nachbarsgarten|18noah|5|2015-03-14
Nachbarsgarten|patrigo82|4|2015-03-11
Nachbarsgarten|Saendu24|5|2015-01-08
Nachbarsgarten|simoneb653|5|2015-01-07
Nachbarsgarten|Nizami_ch|5|2015-01-07
Nachbarsgarten|t18237|5|2014-12-17
Nachbarsgarten|D7124HTchristianb|5|2014-12-11
Nachbarsgarten|thomaspachl|5|2014-11-22
Nachbarsgarten|JuiceJus|5|2014-11-06
Nachbarsgarten|Gaisbogg|5|2014-11-05
Nachbarsgarten|Maienne|5|2014-10-24
Nachbarsgarten|katjao339|5|2014-10-23
Nachbarsgarten|Eddjjjjjj|5|2014-10-19
Nachbarsgarten|715melanief|4|2014-10-07
Nachbarsgarten|Il_Gatto_CH|3|2014-10-04
Nachbarsgarten|1879|4|2014-09-21
Nachbarsgarten|156damiank|4|2014-09-03
Nachbarsgarten|BrunoS807|5|2014-09-01
Nachbarsgarten|adrianw214|5|2017-03-30
Nachbarsgarten|SandraPazeller|5|2016-12-19
Nachbarsgarten|tutusc|5|2016-09-09
Nachbarsgarten|TheFabRitz|5|2016-05-18
Nachbarsgarten|MichaelV763|5|2015-10-02
Nachbarsgarten|sakira1|3|2015-09-27
Nachbarsgarten|parththepan|5|2015-07-08
Nachbarsgarten|344jurajs|4|2015-03-24
Castello|U7981NTdonc|2|2024-01-07
Castello|Frenchfresh|4|2023-07-06
Castello|Road61819107746|5|2023-02-05
Castello|aede59|4|2022-11-13
Castello|ANSGAR_SCHAEFER|2|2022-07-16
Castello|992pt|3|2020-09-20
Castello|Lottez|5|2020-09-16
Castello|CarolineZ1971|5|2020-07-26
Castello|Feinschm3ck3r|5|2019-10-14
Castello|amelliger|5|2019-10-12
Castello|StefanW3073|5|2019-07-15
Castello|985vincenzoc|3|2019-06-10
Castello|572ileniam|5|2019-05-09
Castello|nikolausk779|5|2019-01-20
Castello|vinunio|5|2018-10-22
Castello|dyvoseen|4|2018-10-05
Castello|vod723|5|2018-09-22
Castello|ThomasL7389|5|2018-09-14
Castello|bischod|5|2018-07-09
Castello|stefane512|5|2018-04-14
Castello|uggi69|5|2018-03-09
Castello|nchcichi85|5|2018-02-16
Castello|Toto763|3|2017-12-22
Castello|nikolausk779|3|2017-12-15
Castello|Romifers|5|2017-12-10
Castello|Slimakova|3|2017-11-07
Castello|snYps|4|2017-08-14
Castello|Dolomit1234|2|2017-07-04
Castello|Renata1954|3|2017-06-13
Castello|632kitos|3|2017-01-01
Castello|kindashian|4|2016-11-03
Castello|amelliger|4|2016-10-12
Castello|ANSGAR_SCHAEFER|5|2016-10-04
Castello|matthiass583|4|2016-06-24
Castello|VanessaG4691|5|2016-05-07
Castello|572livias|4|2016-04-04
Castello|GDICH|5|2016-03-31
Castello|Rinolezzo|5|2016-03-15
Castello|CaterinaA943|5|2016-03-07
Castello|denise_4800|4|2016-02-18
Castello|Regula_1968|5|2015-10-26
Castello|MikeLeeW|4|2015-10-11
Castello|WinstonWolf85|3|2015-10-01
Castello|SC-No-Wi|5|2015-08-16
Castello|zwaergli|1|2015-08-05
Castello|sandrawP9356TL|5|2015-04-03
Castello|RomanoR44|5|2015-03-29
Castello|tanilea|5|2015-03-24
Castello|CrastB|2|2015-03-23
Castello|FRANCOFONTE|3|2015-03-06
Castello|S6015TTannaw|4|2015-03-01
Castello|745saram|5|2015-02-26
Castello|GiuliettadiRoma|1|2015-01-02
Castello|168renef|1|2014-12-06
Castello|Vanguard49|1|2014-12-01
Castello|WernerB600|5|2014-11-20
Castello|WATCH2013|4|2014-11-02
Castello|smd2009|1|2014-11-01
Castello|Rolf_Holer|4|2014-10-26
Castello|aluzi|4|2014-01-07
Castello|Dutcher71|1|2013-06-29
Castello|ChristianM5168|3|2013-06-23
Castello|842MarkB|4|2013-05-11
Castello|Claudia1280|4|2013-02-04
Castello|704MichaelS704|5|2013-01-30
Negishi Sushi Bar|Camper29086361076|5|2023-12-29
Negishi Sushi Bar|Wander20477325790|2|2023-11-30
Negishi Sushi Bar|Voyage22815134220|3|2023-10-23
Negishi Sushi Bar|612patriku|5|2023-07-22
Negishi Sushi Bar|beha2|3|2022-11-10
Negishi Sushi Bar|atrickS7965|5|2022-04-09
Negishi Sushi Bar|Hugo_1b|1|2022-04-06
Negishi Sushi Bar|ngeli009|1|2022-02-16
Negishi Sushi Bar|copain63|5|2021-07-31
Negishi Sushi Bar|HeroUpdate|1|2021-04-03
Negishi Sushi Bar|thrawn73|4|2020-10-15
Negishi Sushi Bar|knautsche|2|2020-10-15
Negishi Sushi Bar|U4229XMpatricka|2|2020-08-08
Negishi Sushi Bar|D77VCmanuels|1|2020-07-19
Negishi Sushi Bar|669randyh|5|2020-02-19
Negishi Sushi Bar|Himmreich2013|2|2019-11-29
Negishi Sushi Bar|simones108|2|2019-08-13
Negishi Sushi Bar|t8812|3|2019-07-13
Negishi Sushi Bar|Whyback|5|2019-02-19
Negishi Sushi Bar|sereloe|3|2019-02-04
Negishi Sushi Bar|nnyb728|2|2019-01-03
Negishi Sushi Bar|742beatm|2|2018-12-11
Negishi Sushi Bar|Traveler33733667144|5|2018-11-14
Negishi Sushi Bar|Rosy-1994|5|2018-09-30
Negishi Sushi Bar|sarina_zwerglii|5|2018-09-28
Negishi Sushi Bar|chiaravissa|5|2018-09-14
Negishi Sushi Bar|naoomiw|5|2018-09-14
Negishi Sushi Bar|na672017|1|2018-08-30
Negishi Sushi Bar|malerba1406|1|2018-08-30
Negishi Sushi Bar|Tilliqua|4|2018-07-11
Negishi Sushi Bar|KleineFee87|5|2018-06-24
Negishi Sushi Bar|tannerch|4|2018-06-19
Negishi Sushi Bar|308filippof|3|2018-05-29
Negishi Sushi Bar|RebeccaM5648|5|2018-05-08
Negishi Sushi Bar|vorn2015|5|2018-04-13
Negishi Sushi Bar|cheeky-kea|4|2018-03-18
Negishi Sushi Bar|andn2010|4|2018-03-08
Negishi Sushi Bar|priskah2016|2|2018-02-24
Negishi Sushi Bar|SieRe84|2|2018-01-24
Negishi Sushi Bar|Chrigel2014|4|2018-01-24
Negishi Sushi Bar|kiaora1973|4|2017-11-30
Negishi Sushi Bar|janices879|4|2017-11-18
Negishi Sushi Bar|MilankaS20|1|2017-10-22
Negishi Sushi Bar|danielagE5083DD|4|2017-08-01
Negishi Sushi Bar|Neuzmirsk|1|2017-07-09
Negishi Sushi Bar|giramondo30|4|2017-06-30
Negishi Sushi Bar|armadill013|5|2017-06-17
Negishi Sushi Bar|177sus|5|2017-06-06
Negishi Sushi Bar|arpad79|2|2017-05-12
Negishi Sushi Bar|Hexlicat|5|2017-03-24
Negishi Sushi Bar|claudiagR1961EW|5|2017-03-19
Negishi Sushi Bar|steffenh784|5|2017-02-09
Negishi Sushi Bar|norap158|5|2017-01-13
Negishi Sushi Bar|Grischa26|3|2017-01-12
Negishi Sushi Bar|suessf|4|2017-01-10
Negishi Sushi Bar|ch0c0killer|1|2017-01-07
Negishi Sushi Bar|ThomasG789|3|2016-12-13
Negishi Sushi Bar|A5811UIvanessas|3|2016-12-01
Negishi Sushi Bar|Suri-from-Winterthur|4|2016-10-29
Negishi Sushi Bar|stiger|4|2016-09-30
Negishi Sushi Bar|TasteHunter71|3|2016-09-30
Negishi Sushi Bar|kindashian|1|2016-09-24
Negishi Sushi Bar|Nibosan|1|2016-08-26
Negishi Sushi Bar|Atha2|1|2016-07-31
Negishi Sushi Bar|mattolino1979|5|2016-04-29
Negishi Sushi Bar|Odibolz|4|2016-04-27
Negishi Sushi Bar|589asdfa|4|2016-04-20
Negishi Sushi Bar|peterkreuz2|5|2016-04-17
Negishi Sushi Bar|ydl2015|5|2016-04-08
Negishi Sushi Bar|Lautemar|4|2016-04-04
Negishi Sushi Bar|carmenlP1432FC|5|2016-02-28
Negishi Sushi Bar|pamelabD766HC|4|2016-02-24
Negishi Sushi Bar|nayachonh|4|2016-01-02
Negishi Sushi Bar|Manuela-Hasler|4|2015-11-16
Negishi Sushi Bar|673fredos|3|2015-10-16
Negishi Sushi Bar|valerieh251|2|2015-10-10
Negishi Sushi Bar|wehrli-sandra|5|2015-10-08
Negishi Sushi Bar|Nibosan|3|2015-09-15
Negishi Sushi Bar|selinah931|5|2015-09-13
Negishi Sushi Bar|kastark|5|2015-09-13
Negishi Sushi Bar|579maurol|5|2015-09-12
Negishi Sushi Bar|44sheas|4|2015-09-12
Negishi Sushi Bar|melodyy96|5|2015-09-12
Negishi Sushi Bar|kariren|4|2015-09-09
Negishi Sushi Bar|amermi|3|2015-08-23
Negishi Sushi Bar|Samy-ch|4|2015-07-28
Negishi Sushi Bar|kindashian|4|2015-07-11
Negishi Sushi Bar|728andyr|5|2015-04-06
Negishi Sushi Bar|TheNomoro|3|2015-03-29
Negishi Sushi Bar|Samy-ch|4|2015-03-24
Negishi Sushi Bar|Mala82|3|2015-03-14
Negishi Sushi Bar|OneLuvK2|5|2015-01-25
Negishi Sushi Bar|aco_Switzerland|3|2014-11-09
Negishi Sushi Bar|tamarag790|4|2014-10-29
Negishi Sushi Bar|sunny85_8|5|2014-10-16
Negishi Sushi Bar|CorneliaS927|4|2014-10-04
Negishi Sushi Bar|MeliMei14|4|2014-09-23
Negishi Sushi Bar|FatimaBrenner|4|2014-07-14
Negishi Sushi Bar|djscode|3|2014-06-22
Negishi Sushi Bar|RetoG248|4|2014-04-29
Negishi Sushi Bar|sarahbY9139WY|3|2014-04-24
Negishi Sushi Bar|nibelungen13|4|2014-03-30
Negishi Sushi Bar|Wenscher|1|2014-01-30
Negishi Sushi Bar|OneLuvK2|5|2014-01-29
Negishi Sushi Bar|jurgastettler_CH|2|2013-11-08
Negishi Sushi Bar|andreasgregro|3|2019-07-28
Negishi Sushi Bar|martinlinl2015|4|2017-04-27
Negishi Sushi Bar|323lalif|5|2015-10-08
Negishi Sushi Bar|unkyfiorella|4|2014-12-13
Negishi Sushi Bar|mrsorso|4|2014-12-01
Restaurant Schützenhaus|swiss_poseidon|2|2024-07-10
Restaurant Schützenhaus|989maila|1|2024-06-16
Restaurant Schützenhaus|cmoeller2016|5|2023-02-12
Restaurant Schützenhaus|495info|5|2023-01-01
Restaurant Schützenhaus|V7135ACmichaelk|2|2022-06-02
Restaurant Schützenhaus|sakas74|3|2018-10-15
Restaurant Schützenhaus|Widmausl|2|2017-07-26
Restaurant Schützenhaus|Alessiiiio|5|2017-06-29
Restaurant Schützenhaus|Martin_P6219|4|2017-06-28
Restaurant Schützenhaus|atlantik64|2|2017-02-26
Restaurant Schützenhaus|RetoK56|5|2017-02-14
Restaurant Schützenhaus|booker2016|1|2016-12-30
Restaurant Schützenhaus|hgutmann|3|2016-12-28
Restaurant Schützenhaus|njosifovic|5|2016-12-03
Restaurant Schützenhaus|AntonG519|5|2016-10-18
Restaurant Schützenhaus|Waterpolo1s|4|2016-09-12
Restaurant Schützenhaus|mytrip_31|5|2016-07-25
Gelateria Pura Vida|Sightsee66098322416|5|2024-07-26
Gelateria Pura Vida|GandG_Zurich|5|2023-07-21
Gelateria Pura Vida|156luziam|5|2022-07-22
Gelateria Pura Vida|Reinerpflanz|5|2021-05-08
Gelateria Pura Vida|BUW8400|5|2021-04-27
Gelateria Pura Vida|Icelandics|5|2020-06-27
Gelateria Pura Vida|Fibi83|5|2020-06-26
Pizzeria San Remo|Rinolezzo|5|2023-06-03
Pizzeria San Remo|andreassS3626YT|5|2022-02-14
Pizzeria San Remo|94philippeg|5|2022-01-19
Pizzeria San Remo|Gaesteschar|5|2021-11-09
Pizzeria San Remo|andn2010|4|2021-11-02
Pizzeria San Remo|kaegifrett07|5|2021-05-22
Pizzeria San Remo|TiKoWi|4|2018-09-18
Pizzeria San Remo|Spreebogen11|5|2018-06-11
Pizzeria San Remo|116mz|3|2017-07-12
Pizzeria San Remo|sakas74|3|2017-06-10
Pizzeria San Remo|GertraudL6|5|2016-10-20
Pizzeria San Remo|GertraudL6|5|2016-10-20
Pizzeria San Remo|queen_bee_winti|4|2016-02-17
Pizzeria San Remo|KuBaWi|3|2014-05-28
Pizzeria San Remo|NicoleI454|3|2013-06-09
Viêt-Long Take Away, Restaurant & Kurier|GerhardF646|5|2023-05-11
Coop Restaurant Winterthur Lokwerk|Winti_35|5|2020-08-19
Coop Restaurant Winterthur Lokwerk|schlemmermaul66|5|2019-09-04
Coop Restaurant Winterthur Lokwerk|claudiasA7680KV|2|2018-04-24
Coop Restaurant Winterthur Lokwerk|Waterpolo1s|4|2017-11-18
Coop Restaurant Winterthur Lokwerk|Waterpolo1s|4|2016-10-08
Coop Restaurant Winterthur Lokwerk|corinnegemperli|5|2016-04-02
Coop Restaurant Winterthur Lokwerk|abianp124|2|2015-12-26
Coop Restaurant Winterthur Lokwerk|dkraft|4|2011-09-05
Coop Restaurant Winterthur Lokwerk|Class-invictus|2|2017-06-30
Coop Restaurant Winterthur Lokwerk|trkrumm|3|2017-04-10
Coop Restaurant Winterthur Lokwerk|asokm|3|2016-08-20
Coop Restaurant Winterthur Lokwerk|viajara821|5|2014-07-17
Coop Restaurant Winterthur Lokwerk|poboxearth|2|2012-07-26
Caribbean Pearl|danielsR2871VT|5|2023-03-01
Vinothek Gran Reserva|n800|5|2018-04-07
Vinothek Gran Reserva|andreaskO9737RD|4|2018-02-03
Vinothek Gran Reserva|GinoV29|5|2017-07-29
Vinothek Gran Reserva|Zonkeydonkey|5|2016-01-17
Vinothek Gran Reserva|sch1189|2|2015-03-04
Vinothek Gran Reserva|Chrigel2014|5|2015-01-07
Rageboge Bistro|jjenwagner|4|2018-12-24
Rageboge Bistro|Waikoloha|4|2018-11-15
Rageboge Bistro|X9767JMmartint|2|2017-10-19
Rageboge Bistro|SwissGuyWinti|3|2017-07-05
Jimmy's Burger & Steak|RR_GmbH|5|2021-05-19
Jimmy's Burger & Steak|pedrinho2015|5|2020-11-17
Jimmy's Burger & Steak|150596|4|2020-10-31
Jimmy's Burger & Steak|swit1971|5|2020-10-29
Jimmy's Burger & Steak|calarcos|5|2020-10-09
Jimmy's Burger & Steak|Lifestylelover86|5|2020-09-10
Jimmy's Burger & Steak|bananejoe|5|2020-09-02
Jimmy's Burger & Steak|Barbara031969|5|2020-08-02
Jimmy's Burger & Steak|gerngutEsserIn|5|2020-07-15
Jimmy's Burger & Steak|Widmausl|4|2020-07-14
Jimmy's Burger & Steak|DEEZN10|2|2020-07-11
Jimmy's Burger & Steak|HanspeterF938|1|2020-07-11
Jimmy's Burger & Steak|Suri-from-Winterthur|4|2020-06-30
Bistro Alte Kaserne Kulturzentrum|WimT944|1|2022-03-05
Bistro Alte Kaserne Kulturzentrum|gruenhorn|4|2017-11-05
Bistro Alte Kaserne Kulturzentrum|martinrS3868BK|4|2017-06-02
Bistro Alte Kaserne Kulturzentrum|ChristianW377|5|2017-01-09
Bistro Alte Kaserne Kulturzentrum|Slimakova|4|2016-12-31
Bistro Alte Kaserne Kulturzentrum|LeaD723|3|2016-07-30
Bistro Alte Kaserne Kulturzentrum|84marcf|4|2016-04-27
Bistro Alte Kaserne Kulturzentrum|Staunender|4|2018-03-29
Bistro Alte Kaserne Kulturzentrum|sazy2015|3|2016-09-13
Paddy O'Brien's Old Irish Pub|curly686|3|2022-01-03
Paddy O'Brien's Old Irish Pub|455samuelm|4|2021-12-17
Paddy O'Brien's Old Irish Pub|BUW8400|3|2021-06-14
Paddy O'Brien's Old Irish Pub|RicoMock|5|2020-02-13
Paddy O'Brien's Old Irish Pub|Vespertilio|5|2019-11-24
Paddy O'Brien's Old Irish Pub|190martini|1|2019-06-08
Paddy O'Brien's Old Irish Pub|BienZh|4|2019-02-12
Paddy O'Brien's Old Irish Pub|pionier8|5|2018-07-22
Paddy O'Brien's Old Irish Pub|n800|5|2018-04-07
Paddy O'Brien's Old Irish Pub|JustineL1382|5|2018-03-16
Paddy O'Brien's Old Irish Pub|Jorina91|5|2018-01-27
Paddy O'Brien's Old Irish Pub|Cubalibre90|4|2017-10-29
Paddy O'Brien's Old Irish Pub|alfredfeuz2017|4|2017-08-24
Paddy O'Brien's Old Irish Pub|TheKringel|4|2017-08-14
Paddy O'Brien's Old Irish Pub|Widmausl|3|2017-07-26
Paddy O'Brien's Old Irish Pub|DanBit88|4|2017-05-21
Paddy O'Brien's Old Irish Pub|Martin_P6219|3|2017-04-21
Paddy O'Brien's Old Irish Pub|Jochanan658|4|2017-04-08
Paddy O'Brien's Old Irish Pub|542rogerr|4|2017-02-19
Paddy O'Brien's Old Irish Pub|MatTiger|5|2016-12-10
Paddy O'Brien's Old Irish Pub|sefroschk|2|2016-11-21
Paddy O'Brien's Old Irish Pub|mirop743|5|2016-11-19
Paddy O'Brien's Old Irish Pub|Slavie|5|2016-09-14
Paddy O'Brien's Old Irish Pub|spoony954|4|2016-08-02
Paddy O'Brien's Old Irish Pub|timop481|5|2016-05-23
Paddy O'Brien's Old Irish Pub|peterkreuz2|4|2016-04-18
Paddy O'Brien's Old Irish Pub|upopluss|4|2016-04-08
Paddy O'Brien's Old Irish Pub|Fisch11|5|2016-04-01
Paddy O'Brien's Old Irish Pub|Sternkind|5|2016-03-20
Paddy O'Brien's Old Irish Pub|322fritzw|5|2016-03-15
Paddy O'Brien's Old Irish Pub|sunnysideoflife83|2|2016-02-26
Paddy O'Brien's Old Irish Pub|Lynissea|5|2016-02-22
Paddy O'Brien's Old Irish Pub|schnitzelbrot|5|2016-01-13
Paddy O'Brien's Old Irish Pub|Soledad6|5|2015-12-16
Paddy O'Brien's Old Irish Pub|Alexander-Bindig|5|2015-11-01
Paddy O'Brien's Old Irish Pub|ASchweri|5|2015-09-27
Paddy O'Brien's Old Irish Pub|comewithus2|4|2015-05-18
Paddy O'Brien's Old Irish Pub|FatimaBrenner|4|2014-09-10
Paddy O'Brien's Old Irish Pub|1879|4|2014-08-05
Paddy O'Brien's Old Irish Pub|Robertocrast|5|2014-05-27
Paddy O'Brien's Old Irish Pub|GeriM489|5|2014-01-22
Paddy O'Brien's Old Irish Pub|andreassS3626YT|5|2013-11-30
Paddy O'Brien's Old Irish Pub|ucullax|4|2013-08-10
Paddy O'Brien's Old Irish Pub|tsunrise|5|2013-07-02
Paddy O'Brien's Old Irish Pub|Culturetraveller12|4|2013-04-12
Paddy O'Brien's Old Irish Pub|Mikey-Winti|5|2013-03-20
Paddy O'Brien's Old Irish Pub|terB548|4|2013-01-30
Paddy O'Brien's Old Irish Pub|Satoriosaka|4|2012-10-15
Paddy O'Brien's Old Irish Pub|Steibock|3|2012-08-22
Paddy O'Brien's Old Irish Pub|SteffenH930|5|2012-05-02
Paddy O'Brien's Old Irish Pub|Hyppo53|4|2012-02-27
Paddy O'Brien's Old Irish Pub|gobehok|5|2012-02-03
Paddy O'Brien's Old Irish Pub|gigiarosa|4|2011-12-26
Paddy O'Brien's Old Irish Pub|aco_Switzerland|5|2011-12-17
Paddy O'Brien's Old Irish Pub|biddingpoints|5|2011-11-27
Paddy O'Brien's Old Irish Pub|MG8000|5|2011-11-13
Paddy O'Brien's Old Irish Pub|Choli74|5|2011-10-20
Paddy O'Brien's Old Irish Pub|jason7401|3|2011-08-26
Paddy O'Brien's Old Irish Pub|swissy1983|4|2011-07-27
Paddy O'Brien's Old Irish Pub|piiit|4|2010-10-22
Paddy O'Brien's Old Irish Pub|mrsorso|5|2010-10-04
Paddy O'Brien's Old Irish Pub|DanielaH1052|5|2008-04-29
Paddy O'Brien's Old Irish Pub|DelPantalone|4|2020-02-20
Paddy O'Brien's Old Irish Pub|dominich631|1|2019-12-08
Paddy O'Brien's Old Irish Pub|siholly|3|2019-05-06
Paddy O'Brien's Old Irish Pub|MazMacLeod1511|5|2017-03-12
Paddy O'Brien's Old Irish Pub|SteveC262|5|2016-07-05
Paddy O'Brien's Old Irish Pub|nab88|4|2016-03-03
Paddy O'Brien's Old Irish Pub|keesfluitman|5|2016-02-11
Paddy O'Brien's Old Irish Pub|B3570ELnataliew|5|2015-09-23
Paddy O'Brien's Old Irish Pub|TheFabRitz|5|2015-09-01
Paddy O'Brien's Old Irish Pub|ChristinaKorsgaard|4|2015-08-21
Paddy O'Brien's Old Irish Pub|969lukass|5|2015-05-16
Paddy O'Brien's Old Irish Pub|Stevetheshrews|4|2015-05-03
Paddy O'Brien's Old Irish Pub|22secilk|4|2014-12-15
Paddy O'Brien's Old Irish Pub|StaceyLouPrior|4|2014-06-14
Paddy O'Brien's Old Irish Pub|XK150-wanderers|4|2014-04-27
Paddy O'Brien's Old Irish Pub|IanJ433|5|2013-01-15
Paddy O'Brien's Old Irish Pub|Smoke_Trees|3|2012-12-28
Paddy O'Brien's Old Irish Pub|LakeHouse53081|4|2011-11-11
Thai Lotos Garden|EdiBa683|4|2021-02-28
Thai Lotos Garden|subtill2020|1|2021-02-04
Thai Lotos Garden|ab7111|5|2021-01-31
Thai Lotos Garden|Yapa0406|1|2020-06-27
Thai Lotos Garden|TamaraSu20|5|2019-06-19
Thai Lotos Garden|908judithm|3|2018-10-20
Thai Lotos Garden|Suri-from-Winterthur|5|2018-02-12
Thai Lotos Garden|mrgoagoa|5|2017-09-28
Thai Lotos Garden|HermannWettmer|4|2017-03-13
Thai Lotos Garden|ThomasK144|1|2017-02-23
Thai Lotos Garden|Buyer1900|5|2017-02-19
Thai Lotos Garden|mircoheule|5|2016-10-19
Thai Lotos Garden|Suri-from-Winterthur|4|2016-08-12
Thai Lotos Garden|denisek227|5|2016-07-14
Thai Lotos Garden|Suri-from-Winterthur|4|2016-05-17
Thai Lotos Garden|Sceadu74|5|2016-03-07
Thai Lotos Garden|mrgoagoa|5|2016-02-26
Thai Lotos Garden|Michelis_8360|5|2016-02-24
Thai Lotos Garden|nutnik70|5|2016-02-20
Thai Lotos Garden|13ManuelaG|5|2016-02-02
Thai Lotos Garden|EEK-ZH|5|2015-09-15
Thai Lotos Garden|angelasQ2109ZU|4|2014-10-14
Thai Lotos Garden|stephanr107|5|2014-09-05
Thai Lotos Garden|BellaBavaria|3|2013-06-06
Thai Lotos Garden|Bzw|3|2013-05-21
Thai Lotos Garden|Radvila|4|2011-10-15
Thai Lotos Garden|asiafantasy|5|2016-08-13
Cafe Conditorei Backerei SPATZ|Stavicelena|2|2022-11-05
Cafe Conditorei Backerei SPATZ|AksoyLevy1234|1|2022-10-13
Cafe Conditorei Backerei SPATZ|seli|1|2018-12-01
Cafe Conditorei Backerei SPATZ|Waterpolo1s|4|2016-11-16
Cafe Conditorei Backerei SPATZ|Waterpolo1s|4|2016-09-08
Cafe Conditorei Backerei SPATZ|travelyonkis|1|2016-06-08
Cafe Conditorei Backerei SPATZ|HP_Onit52|5|2015-09-02
Cafe Conditorei Backerei SPATZ|t0c|4|2015-07-27
Royal Restaurant|jasmins963|4|2017-11-24
Royal Restaurant|augundohr1|5|2016-02-12
Royal Restaurant|295ClaudiaS295|5|2016-02-11
Royal Restaurant|xelman46|5|2015-12-18
Das Schmale Handtuch|Anjalisp|4|2018-09-14
Das Schmale Handtuch|Basti47|4|2018-04-06
Das Schmale Handtuch|Romifers|5|2017-09-27
Das Schmale Handtuch|O2451OHclaudiab|5|2017-01-09
Das Schmale Handtuch|Wesley31072004|5|2016-04-24
Das Schmale Handtuch|408fl|4|2015-09-16
Das Schmale Handtuch|FatimaBrenner|5|2018-08-06
Coop Restaurant|paulmI6440YK|1|2024-08-19
Riva Bar|Sightsee689954|5|2023-05-21
Riva Bar|Ferienratte|4|2020-09-27
Riva Bar|Miri5T|1|2019-12-09
Riva Bar|miket2201|1|2019-12-06
Riva Bar|WATCH2013|3|2018-07-01
Riva Bar|HP_Onit52|4|2018-06-20
Riva Bar|FloWantsToEAT|5|2018-02-21
Riva Bar|abianp124|5|2017-12-22
Riva Bar|sbethe|5|2017-12-07
Riva Bar|Frankiholiday1969|4|2017-10-25
Riva Bar|augundohr1|4|2017-04-10
Riva Bar|542rogerr|4|2017-04-01
Viet-Long|SilviaH2003|5|2024-02-04
Viet-Long|G8097YMbarbarag|5|2021-06-17
Viet-Long|nfachNachschlagen|1|2021-04-05
Viet-Long|Vielfalt18|5|2020-06-23
Viet-Long|Fading0815|1|2020-01-05
Viet-Long|MarkWinti|4|2018-07-09
Viet-Long|timtim88|1|2018-04-23
Viet-Long|BurninColours|4|2018-04-18
Viet-Long|IngridG5|5|2018-03-15
Viet-Long|puffinsandmuffins|4|2018-02-26
Viet-Long|Widmausl|4|2018-01-14
Viet-Long|alatinusZH|1|2017-10-29
Viet-Long|Salvatore2608|4|2017-10-28
Viet-Long|AndiC430|3|2017-08-08
Viet-Long|kyro123|4|2017-08-08
Viet-Long|aaronrH3291GV|3|2017-07-24
Viet-Long|vinceg313|2|2017-07-23
Viet-Long|danig991|5|2017-07-17
Viet-Long|Skygardener_01|4|2017-06-25
Viet-Long|CherryDarling33|4|2017-05-21
Viet-Long|123456789lisa|5|2017-05-08
Viet-Long|ab7111|3|2017-04-18
Viet-Long|n895|5|2017-02-18
Viet-Long|0bheller|5|2017-01-19
Viet-Long|KathrinU32|2|2016-12-27
Viet-Long|Milchkafi|5|2016-11-08
Viet-Long|Steevestevensens|5|2016-10-23
Viet-Long|samsungg745|5|2016-08-25
Viet-Long|Widmausl|4|2016-08-05
Viet-Long|MaxDolda|5|2016-05-05
Viet-Long|880basilm|5|2016-04-29
Viet-Long|grossluk|4|2016-02-09
Viet-Long|amermi|4|2015-08-23
Viet-Long|genkiroll|2|2015-06-29
Viet-Long|tobiasn961|5|2015-03-21
Viet-Long|Irma1978|5|2015-03-01
Viet-Long|aco_Switzerland|2|2015-01-10
Viet-Long|645nw|5|2014-10-24
Viet-Long|kindashian|5|2014-08-05
Viet-Long|sbrassel|4|2014-08-03
Viet-Long|TastyHomer|4|2014-03-10
Viet-Long|zellamx|4|2018-10-10
Viet-Long|VincentL576|5|2015-05-06
Wirtschaft zum Lindenhof|Wander64097064780|5|2023-09-10
Wirtschaft zum Lindenhof|Gastroreferenz|4|2022-10-28
Wirtschaft zum Lindenhof|WERMEI|5|2022-05-15
Wirtschaft zum Lindenhof|BBlattmer|5|2020-10-03
Wirtschaft zum Lindenhof|umueller|5|2020-08-24
Wirtschaft zum Lindenhof|manuschweizer|5|2020-05-20
Wirtschaft zum Lindenhof|Gastroreferenz|4|2020-01-19
Wirtschaft zum Lindenhof|Trance275|5|2019-12-15
Wirtschaft zum Lindenhof|Feinschm3ck3r|5|2019-10-14
Wirtschaft zum Lindenhof|BBlattmer|5|2019-10-10
Wirtschaft zum Lindenhof|BewerterGastro|5|2019-07-07
Wirtschaft zum Lindenhof|AMD-Travel-CH|5|2019-03-18
Wirtschaft zum Lindenhof|schtummi|5|2019-03-07
Wirtschaft zum Lindenhof|Gochlinger|5|2018-10-31
Wirtschaft zum Lindenhof|DRG301|5|2018-05-21
Wirtschaft zum Lindenhof|BBlattmer|5|2018-04-14
Wirtschaft zum Lindenhof|Gastroreferenz|4|2017-12-22
Wirtschaft zum Lindenhof|CherryDarling33|5|2017-11-08
Wirtschaft zum Lindenhof|dgarmeili|5|2017-11-06
Wirtschaft zum Lindenhof|VeronJung|5|2017-08-26
Wirtschaft zum Lindenhof|G8722FPthomasm|5|2017-08-19
Wirtschaft zum Lindenhof|auraseif|5|2017-08-13
Wirtschaft zum Lindenhof|werni53|5|2017-07-02
Wirtschaft zum Lindenhof|auackerpflug|4|2017-04-27
Wirtschaft zum Lindenhof|Bari8542|4|2017-03-24
Wirtschaft zum Lindenhof|58Heinz|4|2017-03-05
Wirtschaft zum Lindenhof|utzmunter|4|2017-02-12
Wirtschaft zum Lindenhof|manw779|4|2016-08-23
Wirtschaft zum Lindenhof|AngelaN86|4|2016-05-25
Wirtschaft zum Lindenhof|Katharinamey|5|2016-02-17
Wirtschaft zum Lindenhof|Heinz667|2|2015-12-12
Wirtschaft zum Lindenhof|Fulau-City|5|2015-08-12
Wirtschaft zum Lindenhof|233herbertg|5|2015-05-04
Wirtschaft zum Lindenhof|21marianneb|4|2014-11-20
Wirtschaft zum Lindenhof|ChrigiR|4|2014-04-14
Café Kunterbunt|CateZurigo|5|2023-09-11
Café Kunterbunt|Niramoon|5|2022-12-17
Café Kunterbunt|gernotboiger|5|2022-10-02
Café Kunterbunt|winti93|5|2021-02-10
Café Kunterbunt|601elam|5|2020-09-13
Café Kunterbunt|Cantfindanick|5|2020-06-09
Restaurant Sonnenfeld|3sabinel|4|2018-09-09
Restaurant Sonnenfeld|sakas74|5|2018-02-27
Restaurant Sonnenfeld|martinsG6895ET|4|2015-04-19
Restaurant Sonnenfeld|JuergH466|5|2013-12-16
Club zur Geduld|KrisiLasi|5|2024-06-17
Club zur Geduld|Ciccolino999|5|2018-11-12
Club zur Geduld|120marcels|5|2018-01-10
Club zur Geduld|322fritzw|5|2017-03-21
Club zur Geduld|michelebI9579FO|5|2016-04-20
Club zur Geduld|StrandCH|5|2015-11-13
Club zur Geduld|coci16|5|2015-05-21
Club zur Geduld|andreassS3626YT|5|2014-12-02
Club zur Geduld|hilippS247|5|2013-04-02
Club zur Geduld|FlorinH634|5|2013-01-30
Club zur Geduld|upepa|5|2010-06-29
Club zur Geduld|Cellino|5|2008-11-05
DA MÈ Ristorante|gurktaler|5|2023-06-26
DA MÈ Ristorante|casta80|5|2023-05-13
DA MÈ Ristorante|gurktaler|5|2023-03-06
DA MÈ Ristorante|billy00005|5|2022-10-09
DA MÈ Ristorante|Monopolygeld|5|2022-04-21
DA MÈ Ristorante|BUW8400|5|2021-10-25
DA MÈ Ristorante|janinesG8132OX|5|2021-08-31
DA MÈ Ristorante|vincenzoc630|5|2020-12-13
DA MÈ Ristorante|sabi-i-h1978|5|2020-08-25
DA MÈ Ristorante|begaho|5|2020-06-10
DA MÈ Ristorante|Meerrauschen|5|2020-06-07
DA MÈ Ristorante|schpence123|5|2020-05-15
DA MÈ Ristorante|kdfhzus|3|2020-01-26
DA MÈ Ristorante|schnei|5|2019-11-24
DA MÈ Ristorante|TiKoWi|4|2019-11-06
DA MÈ Ristorante|va5860|4|2019-11-05
DA MÈ Ristorante|metameta|5|2019-09-06
DA MÈ Ristorante|bir|5|2019-09-02
DA MÈ Ristorante|geniesser512|5|2019-08-26
DA MÈ Ristorante|StephanM1475|5|2019-06-11
DA MÈ Ristorante|steverO1169HG|5|2019-06-09
DA MÈ Ristorante|NivesE3|5|2019-05-18
DA MÈ Ristorante|A1601GTthomasw|5|2019-05-06
DA MÈ Ristorante|Millennium01|3|2019-05-02
DA MÈ Ristorante|n800|5|2019-04-29
DA MÈ Ristorante|dropitlikeitshottt|5|2019-04-22
DA MÈ Ristorante|JeanneZ45|5|2019-04-06
DA MÈ Ristorante|Lilalila12|5|2019-03-20
DA MÈ Ristorante|hutter2018|5|2019-03-20
DA MÈ Ristorante|GabrielaB4042|5|2019-03-14
DA MÈ Ristorante|G-nusss|5|2019-02-12
DA MÈ Ristorante|Carcos89|5|2019-02-10
DA MÈ Ristorante|vanos677|5|2020-06-08
Restaurant Goldenberg|Millennium01|1|2024-07-30
Restaurant Goldenberg|Weissmueller|4|2024-07-07
Restaurant Goldenberg|Wunderbeiz|5|2024-06-26
Restaurant Goldenberg|Duchmand17|5|2024-06-16
Restaurant Goldenberg|Getaway33501189648|5|2024-05-06
Restaurant Goldenberg|Mogli1989|5|2024-01-07
Restaurant Goldenberg|philippekeller|2|2023-08-09
Restaurant Goldenberg|Trail17361968920|5|2023-06-17
Restaurant Goldenberg|Explore16898644437|5|2023-06-17
Restaurant Goldenberg|246annettep|5|2023-05-14
Restaurant Goldenberg|k8555|2|2023-05-12
Restaurant Goldenberg|Scenic66485141632|5|2023-04-16
Restaurant Goldenberg|vorn2015|5|2023-02-12
Restaurant Goldenberg|Kurt-ChristianT|5|2022-11-09
Restaurant Goldenberg|448michaelat|4|2022-08-14
Restaurant Goldenberg|CellaZimmi|5|2022-07-26
Restaurant Goldenberg|Vespertilio|4|2022-07-04
Restaurant Goldenberg|84marcf|5|2022-06-13
Restaurant Goldenberg|hampi8413|5|2021-12-05
Restaurant Goldenberg|652wernerf|5|2021-09-26
Restaurant Goldenberg|CatrinaM82|4|2021-09-18
Restaurant Goldenberg|blauersieg|2|2021-09-08
Restaurant Goldenberg|Kurt_Widmer66|1|2021-08-22
Restaurant Goldenberg|alme-1987|5|2021-07-10
Restaurant Goldenberg|Dide319364|5|2021-07-09
Restaurant Goldenberg|gioia2323|1|2021-07-08
Restaurant Goldenberg|7Maitai|2|2021-06-26
Restaurant Goldenberg|DanielaR1974|2|2021-06-12
Restaurant Goldenberg|arefaire|5|2021-06-09
Restaurant Goldenberg|380marcelg|5|2021-05-31
Restaurant Goldenberg|DashikaP1|5|2021-05-28
Restaurant Goldenberg|KochMari|5|2021-05-11
Restaurant Goldenberg|danali01|5|2021-05-09
Restaurant Goldenberg|Nisch7|5|2021-05-08
Restaurant Goldenberg|Nikson_Nikki|5|2021-05-07
Restaurant Goldenberg|FabianBaehler|5|2021-05-05
Restaurant Goldenberg|433tijanat|5|2021-05-04
Restaurant Goldenberg|andreaspeter1991|5|2021-05-02
Restaurant Goldenberg|michelleschr22|5|2021-05-02
Restaurant Goldenberg|Mounthop|5|2021-05-01
Restaurant Goldenberg|341ivanak|5|2021-05-01
Restaurant Goldenberg|Cartooo|5|2021-05-01
Restaurant Goldenberg|SerenaC2619|5|2021-04-30
Restaurant Goldenberg|Saveta_zh|5|2021-04-30
Restaurant Goldenberg|Venture26430644389|5|2021-04-28
Restaurant Goldenberg|Simon-Nessensohn|5|2021-04-23
Restaurant Goldenberg|SegelclubSchweiz|1|2020-10-25
Restaurant Goldenberg|Fige2057|5|2020-09-16
Restaurant Goldenberg|33evelynez|4|2020-09-14
Restaurant Goldenberg|LittleJoe6|5|2020-09-13
Restaurant Goldenberg|sabi-i-h1978|2|2020-08-23
Restaurant Goldenberg|862raphaelh|1|2020-08-13
Restaurant Goldenberg|HanspeterF938|3|2020-08-09
Restaurant Goldenberg|Explore690748|1|2020-07-26
Restaurant Goldenberg|manl2a|1|2020-07-20
Restaurant Goldenberg|20-5shana|2|2020-07-05
Restaurant Goldenberg|brunbeat|5|2020-06-21
Restaurant Goldenberg|Bohrpe|4|2020-06-05
Restaurant Goldenberg|AstridMeier51|2|2020-05-26
Restaurant Goldenberg|peterroetheli|3|2020-05-24
Restaurant Goldenberg|Marion100574|1|2020-03-01
Restaurant Goldenberg|Argili|5|2020-02-23
Restaurant Goldenberg|marioxk67|2|2020-01-05
Restaurant Goldenberg|8611948|4|2019-12-31
Restaurant Goldenberg|457yannika|5|2019-12-22
Restaurant Goldenberg|Busi65|5|2019-12-17
Restaurant Goldenberg|Feinschm3ck3r|4|2019-10-15
Restaurant Goldenberg|Steibock|5|2019-10-08
Restaurant Goldenberg|torianer99|5|2019-09-15
Restaurant Goldenberg|111urse|4|2019-09-09
Restaurant Goldenberg|schtummi|4|2019-09-03
Restaurant Goldenberg|24255453|5|2019-07-20
Restaurant Goldenberg|mutsch|4|2019-07-03
Restaurant Goldenberg|grossluk|3|2019-07-02
Restaurant Goldenberg|TravelNishi|4|2019-06-24
Restaurant Goldenberg|Risigriff|5|2019-06-23
Restaurant Goldenberg|jasmins963|3|2019-06-16
Restaurant Goldenberg|Meili44|4|2019-06-15
Restaurant Goldenberg|Dicke1774|5|2019-06-02
Restaurant Goldenberg|CH-ZH-EM|1|2019-05-31
Restaurant Goldenberg|RebWas|5|2019-05-29
Restaurant Goldenberg|Konfirmation|5|2019-05-26
Restaurant Goldenberg|tonybellwald|4|2019-05-07
Restaurant Goldenberg|dyvoseen|5|2019-04-27
Restaurant Goldenberg|poho2011|1|2019-04-19
Restaurant Goldenberg|Vims19|2|2019-03-25
Restaurant Goldenberg|ae1955|2|2019-03-24
Restaurant Goldenberg|hansbaumg|4|2019-03-14
Restaurant Goldenberg|dariangodi|5|2019-03-08
Restaurant Goldenberg|542rogerr|4|2019-03-02
Restaurant Goldenberg|Skarholt|5|2019-02-23
Restaurant Goldenberg|Wolf505|2|2019-02-15
Restaurant Goldenberg|nnyb728|3|2019-02-15
Restaurant Goldenberg|Benni_winterthurseen|5|2019-02-14
Restaurant Goldenberg|ziskaemily|5|2019-02-13
Restaurant Goldenberg|693manuelas|3|2019-02-13
Restaurant Goldenberg|Kathikathi123|5|2019-02-10
Restaurant Goldenberg|0601va|4|2019-02-07
Restaurant Goldenberg|MelNat87|2|2019-02-05
Restaurant Goldenberg|Anna201912|5|2019-02-03
Restaurant Goldenberg|Jochanan658|5|2019-01-29
Restaurant Goldenberg|UweE162|4|2019-01-20
Restaurant Goldenberg|mike22_117|1|2019-01-19
Restaurant Goldenberg|5marianne16|5|2019-01-01
Restaurant Goldenberg|ursrenzo|1|2018-12-31
Restaurant Goldenberg|Curious47914406680|5|2018-11-17
Restaurant Goldenberg|Nobel33|4|2018-11-07
Restaurant Goldenberg|992pt|4|2018-11-07
Restaurant Goldenberg|ErnestoLibero|4|2018-10-23
Restaurant Goldenberg|Mala82|2|2018-10-20
Restaurant Goldenberg|608renatal|5|2018-10-20
Restaurant Goldenberg|bbamert|5|2018-10-19
Restaurant Goldenberg|x_hasler|1|2018-10-08
Restaurant Goldenberg|D9259CPfrancescad|3|2018-09-18
Restaurant Goldenberg|walter_sch75|5|2018-09-10
Restaurant Goldenberg|AMD-Travel-CH|4|2018-09-09
Restaurant Goldenberg|Kevin_Kramer23|5|2018-09-01
Restaurant Goldenberg|Romifers|4|2018-08-31
Restaurant Goldenberg|EdithR251|4|2018-08-31
Restaurant Goldenberg|jwettstein|4|2018-08-30
Restaurant Goldenberg|goglee_|5|2018-08-29
Restaurant Goldenberg|selma_sofia123|5|2018-08-26
Restaurant Goldenberg|KlausSchlipf|5|2018-08-26
Restaurant Goldenberg|0601va|4|2018-08-25
Restaurant Goldenberg|hannameise|5|2018-08-24
Restaurant Goldenberg|Z1432GQsimong|2|2018-08-19
Restaurant Goldenberg|alfredr476|5|2018-08-19
Restaurant Goldenberg|bo2018|3|2018-08-06
Restaurant Goldenberg|gaby19532018|2|2018-08-06
Restaurant Goldenberg|Suri-from-Winterthur|2|2018-07-27
Restaurant Goldenberg|dorytravels85|3|2018-07-22
Restaurant Goldenberg|affaelem808|2|2018-07-12
Restaurant Goldenberg|Orca-Belva|2|2018-07-04
Restaurant Goldenberg|gandalfw77|3|2018-07-04
Restaurant Goldenberg|Widmausl|5|2018-06-19
Restaurant Goldenberg|pionier8|4|2018-06-10
Restaurant Goldenberg|CellaZimmi|3|2018-06-03
Restaurant Goldenberg|DonUebe|4|2018-04-21
Restaurant Goldenberg|ato92018|1|2018-04-15
Restaurant Goldenberg|WATCH2013|3|2018-04-09
Restaurant Goldenberg|hepaadri|2|2018-04-08
Restaurant Goldenberg|TiKoWi|4|2018-03-20
Restaurant Goldenberg|Hantastisch|1|2018-03-18
Restaurant Goldenberg|IngredientsTraveller|4|2018-02-25
Restaurant Goldenberg|Jades007|5|2017-11-18
Restaurant Goldenberg|miohi|4|2017-11-11
Restaurant Goldenberg|DaniK698|5|2017-11-05
Restaurant Goldenberg|Restaurant-Geniesser|4|2017-10-24
Restaurant Goldenberg|bertpS9323BK|1|2017-10-18
Restaurant Goldenberg|jsd2109|5|2017-09-10
Restaurant Goldenberg|IngredientsTraveller|4|2017-08-29
Restaurant Goldenberg|Radvila|2|2017-08-25
Restaurant Goldenberg|Tilliqua|2|2017-08-07
Restaurant Goldenberg|col120|3|2017-07-28
Restaurant Goldenberg|gossweiler|5|2017-07-12
Restaurant Goldenberg|Dolomit1234|5|2017-07-12
Restaurant Goldenberg|Kenou29|3|2017-07-02
Restaurant Goldenberg|KrokodilCCS|5|2017-06-25
Restaurant Goldenberg|tiwi711|1|2017-06-24
Restaurant Goldenberg|SabrinaC4053|1|2017-06-15
Restaurant Goldenberg|usii96|4|2017-06-15
Restaurant Goldenberg|S9447ARtomw|3|2017-06-05
Restaurant Goldenberg|E7390PUmarcol|1|2017-06-05
Restaurant Goldenberg|282danieli|5|2017-06-02
Restaurant Goldenberg|guido1967hesse|1|2017-06-01
Restaurant Goldenberg|Basil1412|1|2017-05-31
Restaurant Goldenberg|t18237|3|2017-05-29
Restaurant Goldenberg|MonikaK9238|1|2017-05-22
Restaurant Goldenberg|777stefanu|5|2017-05-06
Restaurant Goldenberg|michelbZ9655CQ|4|2017-04-28
Restaurant Goldenberg|HeinzD403|4|2017-04-27
Restaurant Goldenberg|doenzli|2|2017-04-23
Restaurant Goldenberg|Argili|5|2017-04-21
Restaurant Goldenberg|Jochanan658|5|2017-04-20
Restaurant Goldenberg|dyvoseen|5|2017-04-11
Restaurant Goldenberg|ab7111|5|2017-04-02
Restaurant Goldenberg|Queen1999|2|2017-03-31
Restaurant Goldenberg|Orgetorix|1|2017-03-27
Restaurant Goldenberg|Renata1954|3|2017-03-16
Restaurant Goldenberg|Jochanan658|5|2017-03-16
Restaurant Goldenberg|RD528|1|2017-03-15
Restaurant Goldenberg|V7135ACmichaelk|2|2017-03-09
Restaurant Goldenberg|nehauri|1|2017-02-07
Restaurant Goldenberg|amelliger|5|2016-12-01
Restaurant Goldenberg|ha1044|3|2016-11-16
Restaurant Goldenberg|SatashaS|3|2016-10-10
Restaurant Goldenberg|Zoran-K|3|2016-10-02
Restaurant Goldenberg|RolandHEdinburgh|4|2016-09-29
Restaurant Goldenberg|Waterpolo1s|4|2016-09-12
Restaurant Goldenberg|sunseeker_CH|4|2016-09-12
Restaurant Goldenberg|Tilliqua|4|2016-09-09
Restaurant Goldenberg|Friederike58|3|2016-08-26
Restaurant Goldenberg|Eulachtal|4|2016-08-08
Restaurant Goldenberg|Schattore|5|2016-08-04
Restaurant Goldenberg|jamese664|5|2016-07-30
Restaurant Goldenberg|mariobV6056SG|5|2016-07-26
Restaurant Goldenberg|martinwinti1000|3|2016-07-26
Restaurant Goldenberg|MarkusG1855|5|2016-07-21
Restaurant Goldenberg|304maurizioa|3|2016-07-02
Restaurant Goldenberg|manzanapicante|5|2016-06-14
Restaurant Goldenberg|kleingoku|5|2016-06-14
Restaurant Goldenberg|sabrinabY6939WY|5|2016-06-09
Restaurant Goldenberg|Martin_P6219|3|2016-06-01
Restaurant Goldenberg|abianp124|4|2016-05-08
Restaurant Goldenberg|1177rubi|5|2016-04-20
Restaurant Goldenberg|Jengeli|4|2016-04-06
Restaurant Goldenberg|Roadsurfer1|4|2016-04-06
Restaurant Goldenberg|AntonB1909|5|2016-04-03
Restaurant Goldenberg|sandrawP9356TL|4|2016-03-28
Restaurant Goldenberg|tanyagossweiler|5|2016-01-22
Restaurant Goldenberg|715melanief|4|2016-01-22
Restaurant Goldenberg|Zonkeydonkey|3|2016-01-17
Restaurant Goldenberg|110juergr|5|2016-01-16
Restaurant Goldenberg|zimda|4|2015-12-31
Restaurant Goldenberg|9mdo|5|2015-12-04
Restaurant Goldenberg|Grinschel|4|2015-11-16
Restaurant Goldenberg|mytrip_31|5|2015-11-14
Restaurant Goldenberg|Cosmopolitan384661|5|2015-10-28
Restaurant Goldenberg|FRANCOFONTE|2|2015-10-05
Restaurant Goldenberg|uch577|2|2015-09-27
Restaurant Goldenberg|Cosmopolitan384661|5|2015-09-24
Restaurant Goldenberg|kariren|5|2015-09-10
Restaurant Goldenberg|amelliger|5|2015-09-09
Restaurant Goldenberg|momuwi|4|2015-09-09
Restaurant Goldenberg|TS_Switzerland|5|2015-09-07
Restaurant Goldenberg|ch-weltenbummler|3|2015-09-06
Restaurant Goldenberg|550we|1|2015-08-31
Restaurant Goldenberg|karinli_binli|3|2015-08-09
Restaurant Goldenberg|sevrei|3|2015-08-04
Restaurant Goldenberg|BBlattmer|5|2015-07-17
Restaurant Goldenberg|queen_bee_winti|4|2015-07-16
Restaurant Goldenberg|MZ-CH|5|2015-07-07
Restaurant Goldenberg|salviasa|3|2015-07-04
Restaurant Goldenberg|Belinda1919|5|2015-06-30
Restaurant Goldenberg|johannesw108|5|2015-05-22
Restaurant Goldenberg|WernerandM-C|3|2015-05-14
Restaurant Goldenberg|juvmerten|4|2015-05-10
Restaurant Goldenberg|Marvvelous|5|2015-05-09
Restaurant Goldenberg|Jochanan658|5|2015-01-13
Restaurant Goldenberg|Michelis_8360|5|2015-01-10
Restaurant Goldenberg|GallusB_13|4|2015-01-07
Restaurant Goldenberg|ab7111|5|2014-12-01
Restaurant Goldenberg|hasenfratz53|5|2014-11-08
Restaurant Goldenberg|das|2|2014-09-28
Restaurant Goldenberg|ukyonline|4|2014-08-04
Restaurant Goldenberg|giantusker|4|2014-04-07
Restaurant Goldenberg|WernerB600|5|2013-12-29
Restaurant Goldenberg|kiwinads|2|2013-09-04
Restaurant Goldenberg|msspanda|3|2013-02-09
Restaurant Goldenberg|Lara_LadinaK|5|2013-02-02
Restaurant Goldenberg|SpeckerJ|5|2012-09-18
Restaurant Goldenberg|h999|4|2012-06-12
Restaurant Goldenberg|aco_Switzerland|5|2012-05-12
Restaurant Goldenberg|OliverS831|4|2012-04-27
Restaurant Goldenberg|mitte|3|2012-03-23
Restaurant Goldenberg|danielw10|5|2011-12-13
Restaurant Goldenberg|MG8000|5|2011-08-14
Restaurant Goldenberg|cougar060|4|2011-07-28
Restaurant Goldenberg|IWB2009|4|2011-07-02
Restaurant Goldenberg|stejan|4|2008-07-15
Restaurant Goldenberg|agglowinti|3|2008-06-20
Restaurant Goldenberg|Baerli50|4|2017-07-11
Restaurant Goldenberg|UlsanHappyMan|4|2017-07-09
Restaurant Goldenberg|Elodistar74|2|2017-06-19
Restaurant Goldenberg|JudyP520|5|2017-06-03
Restaurant Goldenberg|cliveb548|4|2017-04-16
Restaurant Goldenberg|benjaminbZ4157LQ|4|2017-01-29
Restaurant Goldenberg|matthipam|4|2016-10-18
Restaurant Goldenberg|Tony_Frae|5|2016-09-22
Restaurant Goldenberg|HaggisCH|4|2016-08-14
Restaurant Goldenberg|Danyyre|5|2016-07-26
Restaurant Goldenberg|X789NLanas|5|2015-11-23
Restaurant Goldenberg|MarkyMark58|3|2015-09-28
Restaurant Goldenberg|DerMargash|5|2015-06-26
Restaurant Goldenberg|viad43|4|2015-05-24
Restaurant Goldenberg|Greggstustell|5|2014-09-19
Restaurant Goldenberg|Largo78|4|2014-05-05
Restaurant Goldenberg|HerbertDi|4|2013-09-29
Restaurant Sonneck|aradise27446233974|1|2023-08-18
Restaurant Sonneck|Suri-from-Winterthur|5|2019-07-30
Restaurant Sonneck|pionier8|4|2019-06-16
Restaurant Sonneck|plusminus22|3|2019-04-08
Restaurant Sonneck|claudiaforster|4|2018-10-16
Restaurant Sonneck|SabineI563|5|2018-05-10
Restaurant Sonneck|Jochen557|5|2018-03-06
Restaurant Sonneck|Neuzmirsk|2|2017-02-25
Restaurant Sonneck|Waterpolo1s|5|2016-10-02
Restaurant Sonneck|mariobV6056SG|5|2016-07-26
Restaurant Sonneck|Sunshine1303|5|2016-04-26
Restaurant Sonneck|abianp124|4|2015-11-27
Restaurant Sonneck|StephanV6745|5|2015-11-15
Restaurant Sonneck|dyvoseen|3|2015-10-26
Restaurant Sonneck|796retoh|5|2015-09-30
Restaurant Sonneck|Alyna1982|5|2015-09-10
Restaurant Sonneck|ClaudiaW438|5|2015-07-24
Restaurant Sonneck|RetoG248|5|2015-03-28
Restaurant Sonneck|8911602|5|2015-03-04
Restaurant Sonneck|WildMarcel|4|2014-05-17
Restaurant Sonneck|Fodax|5|2013-09-29
Restaurant Sonneck|99Display_Name99|4|2014-09-20
Bonne maman|Wanderer791191|5|2023-04-18
Bonne maman|CellaZimmi|5|2023-02-05
Bonne maman|845natashau|5|2022-02-26
Bonne maman|907bettinas|2|2021-11-04
Bonne maman|Flyer625968|5|2020-11-30
Bonne maman|anilem95|2|2020-10-06
Bonne maman|usB30|5|2020-09-04
Bonne maman|C3991AKdenisef|5|2019-08-21
Bonne maman|L0nelyTravel0r|5|2019-05-08
Hasan's Sandwich|nadia_zh|5|2023-10-14
Hasan's Sandwich|neegraf|5|2023-09-20
Hasan's Sandwich|ttnina2016|5|2022-11-17
Hasan's Sandwich|kogimogi|4|2021-12-03
Hasan's Sandwich|BaronChris|4|2021-07-15
Li-Beirut Restaurant by Boudi |WinterthurMuseums|5|2024-05-04
Li-Beirut Restaurant by Boudi |samiiiih|5|2024-02-29
Li-Beirut Restaurant by Boudi |FreiClaudia|5|2023-12-12
Li-Beirut Restaurant by Boudi |MarioB3077|5|2023-10-20
Li-Beirut Restaurant by Boudi |Resort35340193428|5|2023-07-20
Maharaja Curry|vonmeyenburg|5|2023-11-11
Maharaja Curry|k8555|5|2023-01-12
Maharaja Curry|satsangi83|5|2023-01-04
Maharaja Curry|thommyt379|2|2022-12-07
Maharaja Curry|asokm|4|2022-05-27
Maharaja Curry|542rogerr|3|2022-02-03
Maharaja Curry|69philippm|5|2021-08-30
Maharaja Curry|Vediah25|3|2021-07-24
Maharaja Curry|deborahsS6219UD|3|2020-11-19
Maharaja Curry|RobbyWit|1|2020-09-03
Maharaja Curry|ThierryLaRo|5|2020-09-02
Maharaja Curry|MartinWinti-1-|4|2020-07-21
Maharaja Curry|nhardb311|5|2020-02-29
Maharaja Curry|sabelb100|5|2020-02-29
Maharaja Curry|Seryy|4|2020-02-17
Maharaja Curry|thomasaO2502WN|5|2020-02-14
Maharaja Curry|StefanW3073|5|2020-01-11
Maharaja Curry|ATomTerry|2|2019-12-18
Maharaja Curry|karmicguy7|3|2019-12-08
Maharaja Curry|snowflake2018|2|2019-11-29
Maharaja Curry|Liranda|3|2019-11-09
Maharaja Curry|niwinti|5|2019-10-21
Maharaja Curry|Gogg1|5|2019-10-15
Maharaja Curry|Familieb8|5|2019-09-06
Maharaja Curry|R1597SIsaraha|5|2019-06-18
Maharaja Curry|Gujgt|5|2019-05-01
Maharaja Curry|sandraammon|4|2019-04-23
Maharaja Curry|Z6481DTdanieler|5|2019-04-12
Maharaja Curry|tindli81|4|2019-04-08
Maharaja Curry|Aaron1999|5|2019-01-05
Maharaja Curry|TravelNishi|5|2018-12-02
Maharaja Curry|desanti85|3|2018-11-10
Maharaja Curry|Duval8161|2|2018-09-14
Maharaja Curry|Renata1954|5|2018-08-15
Maharaja Curry|Z6455XPmikes|4|2018-04-12
Maharaja Curry|anoukmira94|4|2018-02-21
Maharaja Curry|Belinda1919|5|2017-10-26
Maharaja Curry|allamo86|4|2017-09-08
Maharaja Curry|tom8005tom|5|2017-08-29
Maharaja Curry|BurninColours|4|2017-08-01
Maharaja Curry|MaximilianP199|5|2017-07-31
Maharaja Curry|sirosunke|5|2017-07-16
Maharaja Curry|bart_simpson46|3|2017-07-15
Maharaja Curry|459c_lines|5|2017-06-19
Maharaja Curry|1xSwiss|3|2017-04-23
Maharaja Curry|RonnyN312|5|2017-04-11
Maharaja Curry|Vienna_60|5|2017-01-02
Maharaja Curry|alexandrosp593|5|2016-12-08
Maharaja Curry|carmenbB699MV|3|2016-11-26
Maharaja Curry|Sweetypie-reisend|5|2016-11-02
Maharaja Curry|Z6481DTdanieler|5|2016-10-08
Maharaja Curry|Maps669261|4|2016-09-25
Maharaja Curry|NaradaR5|5|2016-09-23
Maharaja Curry|940brunoh|5|2016-09-15
Maharaja Curry|TravelNishi|5|2016-07-31
Maharaja Curry|arbear0715|4|2016-07-27
Maharaja Curry|claudiagR1961EW|5|2016-06-12
Maharaja Curry|773hansr|5|2016-06-01
Maharaja Curry|67mariannez|4|2016-04-24
Maharaja Curry|AntonB1909|5|2016-04-03
Maharaja Curry|wellenabreiter|5|2016-03-16
Maharaja Curry|Superhirn|4|2016-03-13
Maharaja Curry|751leonw|5|2016-03-11
Maharaja Curry|chavdard2016|5|2016-03-10
Maharaja Curry|553srdjanc|5|2016-03-06
Maharaja Curry|L5708HOsandral|3|2016-02-27
Maharaja Curry|pekkaxcv|5|2016-02-19
Maharaja Curry|stephanw307|4|2016-01-13
Maharaja Curry|mmacD8519GZ|5|2016-01-05
Maharaja Curry|Charlotte242015|5|2015-11-24
Maharaja Curry|QueenHatschepsut|2|2015-11-23
Maharaja Curry|mrys22|2|2015-11-15
Maharaja Curry|zurigo-cg|4|2015-11-01
Maharaja Curry|Liwiusz|4|2015-10-23
Maharaja Curry|geoseeker|3|2015-09-28
Maharaja Curry|kariren|5|2015-09-10
Maharaja Curry|michaelkV2124JH|5|2015-09-07
Maharaja Curry|Myriel94|5|2015-07-31
Maharaja Curry|Signedan|5|2015-07-31
Maharaja Curry|cheeky-kea|4|2015-07-26
Maharaja Curry|Birgul1969|4|2015-07-21
Maharaja Curry|nonu1960|5|2015-06-20
Maharaja Curry|salY6143RY|5|2015-05-09
Maharaja Curry|197sibylles|5|2015-04-24
Maharaja Curry|Mabrawe|4|2015-03-28
Maharaja Curry|MichaelWinterthurCH|5|2015-01-06
Maharaja Curry|Aribella66|5|2014-12-30
Maharaja Curry|uki2525|5|2014-12-12
Maharaja Curry|nadja423|4|2014-11-08
Maharaja Curry|Aqua1973|3|2014-11-04
Maharaja Curry|madlen_1984|4|2014-10-26
Maharaja Curry|Tersicore87|5|2014-10-11
Maharaja Curry|kloten|5|2014-09-13
Maharaja Curry|Mikey-Winti|4|2014-07-29
Maharaja Curry|Stellael|4|2014-07-09
Maharaja Curry|243ruid|5|2014-06-04
Maharaja Curry|968hanss|5|2014-05-08
Maharaja Curry|stephschweiz|1|2014-04-26
Maharaja Curry|t0c|5|2014-04-10
Maharaja Curry|ukyonline|4|2014-04-04
Maharaja Curry|mayag900|5|2014-03-14
Maharaja Curry|92avam|5|2014-02-04
Maharaja Curry|924bertab|4|2014-01-31
Maharaja Curry|CorneliaS898|5|2014-01-06
Maharaja Curry|melonapple5|5|2013-12-17
Maharaja Curry|55amirs|5|2013-11-23
Maharaja Curry|qz5|4|2013-10-26
Maharaja Curry|ucullax|4|2013-08-10
Maharaja Curry|bulelfelf|3|2013-06-24
Maharaja Curry|ErikaB532|5|2013-05-25
Maharaja Curry|HelenB263|5|2013-05-16
Maharaja Curry|2Frankie|3|2013-05-01
Maharaja Curry|Mazlum-CH|4|2013-04-07
Maharaja Curry|caruslausen|5|2013-03-30
Maharaja Curry|JanineV224|5|2013-03-30
Maharaja Curry|Fantagiroh|5|2013-03-30
Maharaja Curry|tschaese|4|2012-12-19
Maharaja Curry|LinCHK|2|2012-10-12
Maharaja Curry|Ael2012|3|2012-06-11
Maharaja Curry|OliverS831|4|2012-04-27
Maharaja Curry|dhair87|5|2012-04-18
Maharaja Curry|Baetscher|4|2012-01-31
Maharaja Curry|Viaggista|5|2011-02-27
Maharaja Curry|victoriat938|5|2019-04-03
Maharaja Curry|kwj0|5|2018-12-10
Maharaja Curry|Niramoon|5|2017-05-16
Maharaja Curry|KatharinaNi|5|2017-05-06
Maharaja Curry|Natalielovestotravel|3|2017-04-12
Maharaja Curry|VaibhavR150|4|2017-01-22
Maharaja Curry|denitzah2016|5|2016-12-27
Maharaja Curry|Cap_S-501|3|2016-11-17
Maharaja Curry|Mike_S_Switzerland|4|2016-11-12
Maharaja Curry|MarkyMark58|4|2016-09-20
Maharaja Curry|thomo08|4|2016-08-30
Maharaja Curry|KrishnaD345|4|2016-08-26
Maharaja Curry|321claudiak|5|2016-05-29
Maharaja Curry|Elyse24|5|2015-11-08
Maharaja Curry|301fahdr|5|2015-10-17
Maharaja Curry|MichaelV763|3|2015-10-01
Maharaja Curry|thenitai|4|2015-07-10
Maharaja Curry|MananUppal|4|2015-06-30
Maharaja Curry|461praveenr|5|2015-06-29
Maharaja Curry|Dpkvghl|5|2015-06-27
Maharaja Curry|JUstNothiNG|5|2015-06-27
Maharaja Curry|parallelthought|3|2015-05-27
Maharaja Curry|Sammy_A_78|4|2015-03-08
Maharaja Curry|HaT73|3|2014-12-03
Maharaja Curry|Nitinkus|5|2014-11-24
Maharaja Curry|Abyzkjp|4|2014-10-08
Maharaja Curry|IanJ433|5|2014-07-11
Maharaja Curry|19Impala59|4|2014-07-02
Maharaja Curry|TimMarshall29|5|2014-06-07
Maharaja Curry|Bhavnu|4|2014-03-01
Maharaja Curry|Ivayl0G|5|2013-11-23
Maharaja Curry|Kambesa|5|2013-05-09
By Elvis|994nishand|5|2023-11-06
By Elvis|K7117MAjulianr|5|2023-10-06
By Elvis|956kirazb|1|2023-09-30
By Elvis|daettli|5|2022-06-01
By Elvis|daettli|5|2021-12-08
By Elvis|djorga|5|2021-07-24
By Elvis|nadiazanetti|5|2020-12-13
By Elvis|Biber82|5|2020-05-14
Die Loge Bar|Basti47|4|2022-02-26
Die Loge Bar|SteveGoldgap|3|2019-10-14
Die Loge Bar|andremQ2505NK|4|2018-05-20
Die Loge Bar|Vespertilio|4|2017-06-27
Die Loge Bar|martinrS3868BK|4|2017-06-02
Die Loge Bar|EstherW551|3|2017-02-15
Die Loge Bar|D9259CPfrancescad|3|2015-11-10
Die Loge Bar|F4683PHmartinw|2|2015-08-23
Die Loge Bar|dyvoseen|4|2015-07-08
Die Loge Bar|beccahG6287GV|4|2015-06-21
Die Loge Bar|ChrisMoo76|3|2014-08-18
Die Loge Bar|angelasQ2109ZU|5|2014-08-15
Die Loge Bar|Kleinspiggy|4|2014-05-28
Die Loge Bar|120marcels|5|2014-02-07
Die Loge Bar|Bohrpe|4|2013-12-10
Die Loge Bar|Regula_1968|4|2013-01-11
Die Loge Bar|Satoriosaka|4|2011-10-04
Die Loge Bar|dennis-fischlin|1|2011-06-20
Die Loge Bar|dkraft|5|2011-02-19
Die Loge Bar|ssiiiirrii|5|2010-07-25
Die Loge Bar|georgiou-julian|4|2017-10-07
Die Loge Bar|bxx2|4|2015-01-08
Die Loge Bar|zepkar|4|2013-09-12
 Hans im Glück|t0c|4|2024-03-30
Fu Ji Restaurant |mickey99199|5|2023-12-21
Fu Ji Restaurant |aradise27446233974|1|2023-08-18
Fu Ji Restaurant |RoApril|4|2022-09-18
Fu Ji Restaurant |CellaZimmi|5|2022-08-30
Fu Ji Restaurant |Y4162OGannag|3|2022-08-02
Fu Ji Restaurant |Saffaronrainbow|5|2022-02-25
Fu Ji Restaurant |AlpinCH|4|2022-01-08
Fu Ji Restaurant |alexyE4761FJ|1|2021-11-05
Fu Ji Restaurant |LilaLexi007|1|2021-10-31
Fu Ji Restaurant |Swissrobin|2|2020-10-14
Fu Ji Restaurant |kiePookies|1|2020-09-27
Fu Ji Restaurant |travel67441|5|2020-02-12
Fu Ji Restaurant |Vespertilio|5|2019-11-24
Fu Ji Restaurant |598stefanm|3|2019-10-26
Fu Ji Restaurant |gabrielka71|4|2019-09-21
Fu Ji Restaurant |nnyb728|4|2019-01-03
Fu Ji Restaurant |ukyonline|3|2018-11-07
Fu Ji Restaurant |MelanieH3410|5|2018-08-24
Fu Ji Restaurant |594fritzd|2|2018-08-10
Fu Ji Restaurant |WATCH2013|4|2018-05-10
Fu Ji Restaurant |bemika62|1|2018-05-04
Fu Ji Restaurant |Salvatore2608|4|2018-03-13
Fu Ji Restaurant |Manuela-Ella|5|2018-03-12
Fu Ji Restaurant |selsel3|5|2018-02-03
Fu Ji Restaurant |ChristianO2064|4|2018-01-21
Fu Ji Restaurant |621ahn|1|2017-12-07
Fu Ji Restaurant |LucH363|1|2017-12-04
Fu Ji Restaurant |boeboes1|5|2017-11-19
Fu Ji Restaurant |ngineers814|4|2017-11-06
Fu Ji Restaurant |uersu44|1|2017-09-18
Fu Ji Restaurant |CellaZimmi|4|2017-08-21
Fu Ji Restaurant |kovkaj|4|2017-08-10
Fu Ji Restaurant |Reto04|4|2017-05-26
Fu Ji Restaurant |Mary_v73|3|2016-11-26
Fu Ji Restaurant |758RJmarcop|1|2016-09-25
Fu Ji Restaurant |slickking|4|2016-09-21
Fu Ji Restaurant |ArnoR160|5|2016-09-19
Fu Ji Restaurant |aldo9289|3|2016-09-17
Fu Ji Restaurant |JJ_Puudl|5|2016-08-06
Fu Ji Restaurant |bart_simpson46|5|2016-07-14
Fu Ji Restaurant |abianp124|4|2016-07-13
Fu Ji Restaurant |World_Traveller_8633|4|2016-07-03
Fu Ji Restaurant |RiFli|5|2016-05-25
Fu Ji Restaurant |MaxDolda|2|2016-05-03
Fu Ji Restaurant |Suri-from-Winterthur|1|2016-03-05
Fu Ji Restaurant |cheeky-kea|3|2016-03-05
Fu Ji Restaurant |angelasQ2109ZU|3|2016-02-03
Fu Ji Restaurant |momuwi|4|2016-01-31
Fu Ji Restaurant |N1707NGsarahl|2|2016-01-28
Fu Ji Restaurant |taby2014|3|2016-01-18
Fu Ji Restaurant |mvsk8|5|2015-12-03
Fu Ji Restaurant |Grischa26|3|2015-11-06
Fu Ji Restaurant |bepa2|5|2015-10-28
Fu Ji Restaurant |sabkramina|2|2015-08-22
Fu Ji Restaurant |EarwenEarendil|4|2015-06-22
Fu Ji Restaurant |Friitig|3|2015-02-26
Fu Ji Restaurant |Michelis_8360|5|2014-12-30
Fu Ji Restaurant |IrisT627|4|2014-11-13
Fu Ji Restaurant |mrgoagoa|2|2014-09-09
Fu Ji Restaurant |pekkaxcv|4|2014-09-03
Fu Ji Restaurant |marcosN5757WD|5|2014-08-12
Fu Ji Restaurant |mhaefeli|4|2014-07-01
Fu Ji Restaurant |Kleinspiggy|2|2014-05-28
Fu Ji Restaurant |hrlin|5|2014-05-01
Fu Ji Restaurant |steffischeidegger|4|2014-03-15
Fu Ji Restaurant |takepic|1|2014-03-01
Fu Ji Restaurant |117|1|2014-01-07
Fu Ji Restaurant |Friitig|4|2013-08-14
Fu Ji Restaurant |ucullax|4|2013-08-10
Fu Ji Restaurant |842MarkB|4|2013-07-28
Fu Ji Restaurant |SarahS508|4|2013-05-22
Fu Ji Restaurant |sandra572|5|2013-03-26
Fu Ji Restaurant |Sakkura|4|2013-03-22
Fu Ji Restaurant |tschaese|3|2012-12-19
Fu Ji Restaurant |stephdo999|3|2012-12-01
Fu Ji Restaurant |Steibock|5|2012-08-22
Fu Ji Restaurant |dany_dee|4|2012-08-18
Fu Ji Restaurant |SatashaS|2|2012-08-08
Fu Ji Restaurant |Weltenhuhn|4|2012-05-20
Fu Ji Restaurant |gigiarosa|4|2012-03-25
Fu Ji Restaurant |TheRealBaGEL|4|2018-12-01
Fu Ji Restaurant |thomo08|4|2016-08-30
Fu Ji Restaurant |benguc625|4|2016-07-13
Fu Ji Restaurant |Michel_1982|3|2015-07-22
Fu Ji Restaurant |Koalacb|1|2015-04-05
Fu Ji Restaurant |_laparoto|1|2014-09-10
Fu Ji Restaurant |gimo2010|5|2013-10-13
Fu Ji Restaurant |NixB|5|2012-10-18
Da Cristina|Mustermax_7|5|2021-09-03
Da Cristina|assenger29545794935|5|2020-11-21
Da Cristina|christianw3833|5|2020-11-14
Da Cristina|Lunge20|1|2020-10-16
Da Cristina|McSonic82|5|2019-07-20
Da Cristina|schtummi|5|2019-04-14
Da Cristina|niels1965|5|2019-03-02
Da Cristina|Veldenzer|5|2018-11-17
Da Cristina|via8000|5|2018-10-10
Da Cristina|bawiwe|5|2017-12-10
Da Cristina|bawiwe|5|2017-10-14
Da Cristina|houwelingjacqueline|5|2017-06-01
Da Cristina|118christinas|5|2017-02-04
Da Cristina|482claudiav|5|2017-01-17
Da Cristina|859oliverg|5|2016-07-11
Da Cristina|621barbarag|5|2016-06-04
Da Cristina|Tengattini|5|2016-06-03
Da Cristina|Meliott|5|2016-06-03
Da Cristina|JoachimShe|4|2018-11-22
Jesus Rice!|Hantastisch|4|2020-11-22
Jesus Rice!|Mahalo05|5|2019-02-06
Jesus Rice!|IlIlIlIlIlIlIlIlIIlI|5|2020-09-07
Bistro MAX|samuelm401|5|2020-06-24
Bistro MAX|Frawizue|1|2018-12-20
Bistro MAX|ab7111|4|2018-06-08
Bistro MAX|Suri-from-Winterthur|4|2018-05-26
Bistro MAX|368Judith|3|2017-08-31
Bistro MAX|casta80|4|2017-06-16
Bistro MAX|NaradaR5|5|2017-04-03
Bistro MAX|RuthH1775|5|2017-03-03
Bistro MAX|363|5|2017-01-30
Bistro MAX|756dominics|5|2016-07-13
Bistro MAX|758RJmarcop|5|2016-04-08
Bistro MAX|Superhirn|4|2016-02-17
Bistro MAX|unic2128|4|2016-01-22
Bistro MAX|themuellair|5|2015-12-10
Bistro MAX|JosephineT_12|5|2015-11-04
Bistro MAX|452RonaldA|4|2015-10-30
Bistro MAX|Yars1974|4|2015-09-27
Mcdonald's Restaurant|Animore3|1|2023-05-04
Restaurant zur Sonne AG Winterthur|Excursion44488593686|5|2024-04-22
Restaurant zur Sonne AG Winterthur|diePinguh|5|2024-04-05
Restaurant zur Sonne AG Winterthur|Trek55989546723|5|2023-06-17
Restaurant zur Sonne AG Winterthur|163Stefan|4|2023-05-18
Restaurant zur Sonne AG Winterthur|jeanth0masw|4|2022-04-05
Restaurant zur Sonne AG Winterthur|dune1899|5|2022-04-04
Restaurant zur Sonne AG Winterthur|hgutmann|3|2022-03-19
Restaurant zur Sonne AG Winterthur|dofexcellence|5|2022-01-03
Restaurant zur Sonne AG Winterthur|peterroetheli|5|2021-12-05
Restaurant zur Sonne AG Winterthur|sandromX807TK|5|2021-08-03
Restaurant zur Sonne AG Winterthur|Fibi83|5|2021-06-26
Restaurant zur Sonne AG Winterthur|Lora889|5|2021-05-01
Restaurant zur Sonne AG Winterthur|22torstenm|5|2020-12-07
Restaurant zur Sonne AG Winterthur|Fibi83|5|2020-11-28
Restaurant zur Sonne AG Winterthur|dofexcellence|5|2020-11-27
Restaurant zur Sonne AG Winterthur|ghue48|5|2020-11-19
Restaurant zur Sonne AG Winterthur|NiciHas|5|2020-11-03
Restaurant zur Sonne AG Winterthur|Tabeafischer|5|2020-08-11
Restaurant zur Sonne AG Winterthur|DomeH20|3|2020-02-14
Restaurant zur Sonne AG Winterthur|aloishol|4|2020-02-08
Restaurant zur Sonne AG Winterthur|Bentancure|2|2020-02-07
Restaurant zur Sonne AG Winterthur|Travelaround2016|4|2020-01-05
Restaurant zur Sonne AG Winterthur|alfred12222|5|2020-01-01
Restaurant zur Sonne AG Winterthur|513j_rgene|5|2019-12-08
Restaurant zur Sonne AG Winterthur|AmaliaSara7|5|2019-12-06
Restaurant zur Sonne AG Winterthur|MALUNSA|5|2019-11-06
Restaurant zur Sonne AG Winterthur|WERMEI|4|2019-11-04
Restaurant zur Sonne AG Winterthur|titeppa|4|2019-10-18
Restaurant zur Sonne AG Winterthur|448matthiast|5|2019-10-03
Restaurant zur Sonne AG Winterthur|corinnebH7400HK|5|2019-08-18
Restaurant zur Sonne AG Winterthur|Marlisvanderbergen|5|2019-07-20
Restaurant zur Sonne AG Winterthur|saeykey|5|2019-06-05
Restaurant zur Sonne AG Winterthur|af837|4|2019-05-13
Restaurant zur Sonne AG Winterthur|71ff|4|2019-05-11
Restaurant zur Sonne AG Winterthur|SweeperOO7|5|2019-04-21
Restaurant zur Sonne AG Winterthur|Reinerpflanz|4|2019-02-04
Restaurant zur Sonne AG Winterthur|hardwezel|4|2019-02-04
Restaurant zur Sonne AG Winterthur|Meret_1979|1|2019-01-27
Restaurant zur Sonne AG Winterthur|LucaP3891|4|2019-01-15
Restaurant zur Sonne AG Winterthur|871haraldf|4|2018-12-26
Restaurant zur Sonne AG Winterthur|StefanC1707|1|2018-11-25
Restaurant zur Sonne AG Winterthur|ValeP18|5|2018-11-11
Restaurant zur Sonne AG Winterthur|antonija33|5|2018-10-21
Restaurant zur Sonne AG Winterthur|johndX6695NR|5|2018-08-17
Restaurant zur Sonne AG Winterthur|733florianh|4|2018-06-27
Restaurant zur Sonne AG Winterthur|Heinz_Prag|4|2018-06-19
Restaurant zur Sonne AG Winterthur|jasmins963|3|2018-05-03
Restaurant zur Sonne AG Winterthur|christophm259|1|2018-04-21
Restaurant zur Sonne AG Winterthur|Ratistella|3|2018-01-19
Restaurant zur Sonne AG Winterthur|777Funkychicken|4|2018-01-19
Restaurant zur Sonne AG Winterthur|120marcels|4|2018-01-10
Restaurant zur Sonne AG Winterthur|MarkWinti|4|2017-12-08
Restaurant zur Sonne AG Winterthur|dyvoseen|5|2017-11-18
Restaurant zur Sonne AG Winterthur|TravelExpertSwiss|3|2017-11-05
Restaurant zur Sonne AG Winterthur|jhopra|4|2017-10-21
Restaurant zur Sonne AG Winterthur|52swissy|5|2017-09-11
Restaurant zur Sonne AG Winterthur|140heinz|5|2017-08-11
Restaurant zur Sonne AG Winterthur|sakas74|3|2017-06-22
Restaurant zur Sonne AG Winterthur|StefWoo|4|2017-03-02
Restaurant zur Sonne AG Winterthur|mspoki|5|2017-02-18
Restaurant zur Sonne AG Winterthur|bertz560|1|2016-12-05
Restaurant zur Sonne AG Winterthur|X3453PGsilviam|3|2016-11-29
Restaurant zur Sonne AG Winterthur|alfredr476|4|2016-11-20
Restaurant zur Sonne AG Winterthur|242andyi|5|2016-10-18
Restaurant zur Sonne AG Winterthur|aphaelr722|3|2016-10-15
Restaurant zur Sonne AG Winterthur|793jacquelinew|5|2016-08-27
Restaurant zur Sonne AG Winterthur|RomanG1747|5|2016-07-15
Restaurant zur Sonne AG Winterthur|Mcsklaus|3|2016-04-28
Restaurant zur Sonne AG Winterthur|KurtM10|4|2016-04-13
Restaurant zur Sonne AG Winterthur|alphil84|2|2016-03-20
Restaurant zur Sonne AG Winterthur|a_i_d_u_a_l_c_6_7|5|2016-03-15
Restaurant zur Sonne AG Winterthur|dy1988|4|2016-02-09
Restaurant zur Sonne AG Winterthur|Jochanan658|4|2016-01-09
Restaurant zur Sonne AG Winterthur|ChrisDeLaPaz|2|2016-01-02
Restaurant zur Sonne AG Winterthur|d_travel1886|4|2015-12-08
Restaurant zur Sonne AG Winterthur|REEtrek|2|2015-11-29
Restaurant zur Sonne AG Winterthur|abianp124|5|2015-11-27
Restaurant zur Sonne AG Winterthur|comewithus2|4|2015-11-15
Restaurant zur Sonne AG Winterthur|M3902OZandream|5|2015-10-29
Restaurant zur Sonne AG Winterthur|Cosmopolitan384661|4|2015-10-18
Restaurant zur Sonne AG Winterthur|774brigittem|5|2015-10-14
Restaurant zur Sonne AG Winterthur|verm204|5|2015-10-12
Restaurant zur Sonne AG Winterthur|WinstonWolf85|5|2015-10-02
Restaurant zur Sonne AG Winterthur|Andriiin|5|2015-09-18
Restaurant zur Sonne AG Winterthur|998uelip|5|2015-09-17
Restaurant zur Sonne AG Winterthur|winterthur2015|5|2015-09-15
Restaurant zur Sonne AG Winterthur|O376BYmichaelk|4|2015-08-17
Restaurant zur Sonne AG Winterthur|777stefanu|4|2015-08-16
Restaurant zur Sonne AG Winterthur|timop481|5|2015-07-04
Restaurant zur Sonne AG Winterthur|FrankKirchheim|5|2015-01-04
Restaurant zur Sonne AG Winterthur|Iswiss|5|2015-01-02
Restaurant zur Sonne AG Winterthur|Inefraesi|4|2014-11-25
Restaurant zur Sonne AG Winterthur|sch1189|4|2014-11-04
Restaurant zur Sonne AG Winterthur|Res164|5|2014-09-27
Restaurant zur Sonne AG Winterthur|KuBaWi|1|2014-05-31
Restaurant zur Sonne AG Winterthur|petero328|5|2014-05-18
Restaurant zur Sonne AG Winterthur|andreassS3626YT|5|2014-03-21
Restaurant zur Sonne AG Winterthur|Animatze|5|2014-01-31
Restaurant zur Sonne AG Winterthur|SwissTraveler123|5|2013-11-19
Restaurant zur Sonne AG Winterthur|Sakkura|4|2013-10-08
Restaurant zur Sonne AG Winterthur|ammediss|4|2013-04-16
Restaurant zur Sonne AG Winterthur|Zonkeymonkey|4|2013-01-27
Restaurant zur Sonne AG Winterthur|La_Ginette|5|2012-10-26
Restaurant zur Sonne AG Winterthur|OliverS831|5|2012-04-27
Restaurant zur Sonne AG Winterthur|MarionE64|4|2011-12-31
Restaurant zur Sonne AG Winterthur|RolfS637|4|2011-10-02
Restaurant zur Sonne AG Winterthur|cougar060|5|2011-07-21
Restaurant zur Sonne AG Winterthur|cougar060|5|2011-07-21
Restaurant zur Sonne AG Winterthur|kiliandana|1|2011-02-04
Restaurant zur Sonne AG Winterthur|not4alltheteainchina|5|2020-08-05
Restaurant zur Sonne AG Winterthur|smithemptynest|5|2017-07-10
Restaurant zur Sonne AG Winterthur|KayFam_305|4|2017-06-23
Restaurant zur Sonne AG Winterthur|sandroc250|3|2017-04-21
Restaurant zur Sonne AG Winterthur|EleniP632|4|2016-11-23
Restaurant zur Sonne AG Winterthur|w945106|4|2016-09-22
Restaurant zur Sonne AG Winterthur|mathewhoney|5|2016-09-03
Restaurant zur Sonne AG Winterthur|Abyzkjp|4|2016-06-17
Restaurant zur Sonne AG Winterthur|Shelley_in_toronto|5|2016-06-15
Restaurant zur Sonne AG Winterthur|mari6o4ek|4|2016-05-03
Restaurant zur Sonne AG Winterthur|Sammy_A_78|5|2016-03-02
Restaurant zur Sonne AG Winterthur|smarkanda|5|2015-10-16
Restaurant zur Sonne AG Winterthur|99Display_Name99|4|2015-09-15
Restaurant zur Sonne AG Winterthur|mikemX3407GZ|4|2015-09-01
Restaurant zur Sonne AG Winterthur|dromasca|4|2015-08-21
Restaurant zur Sonne AG Winterthur|KennyTanTw|4|2015-07-14
Restaurant zur Sonne AG Winterthur|dadego|4|2015-06-15
Restaurant zur Sonne AG Winterthur|StaceyLouPrior|4|2014-12-09
Restaurant zur Sonne AG Winterthur|achel69inman|5|2014-04-30
Restaurant zur Sonne AG Winterthur|dadego|4|2014-04-12
Restaurant zur Sonne AG Winterthur|AGuyfromBristol|4|2013-08-01
Restaurant zur Sonne AG Winterthur|SP6873|5|2012-09-19
Restaurant zur Sonne AG Winterthur|hdemirer|5|2012-09-06
Il Piccolo Mondo|cwinterthur|5|2021-06-26
Il Piccolo Mondo|AndreaP9132|5|2021-06-26
Il Piccolo Mondo|amelliger|4|2017-06-05
Il Piccolo Mondo|Chrigel2014|4|2016-02-16
Il Piccolo Mondo|96heidif|3|2016-02-11
Il Piccolo Mondo|houwisteffi|5|2015-11-12
Il Piccolo Mondo|865DanielC|5|2013-11-27
Il Piccolo Mondo|Viaggista|5|2011-03-16
Il Piccolo Mondo|andreasgregro|4|2019-07-22
Argentina Steakhouse|martinf541|5|2024-02-27
Argentina Steakhouse|SirahM09|5|2023-11-10
Argentina Steakhouse|Meander13171572961|2|2023-07-04
Argentina Steakhouse|65hansj_rgm|5|2023-06-21
Argentina Steakhouse|Gastroreferenz|4|2023-01-26
Argentina Steakhouse|swissgolftraveller|4|2022-12-16
Argentina Steakhouse|Nomad619836|5|2022-10-27
Argentina Steakhouse|jeanth0masw|3|2022-04-05
Argentina Steakhouse|Muuude|5|2022-04-02
Argentina Steakhouse|jen_kolb|5|2020-11-25
Argentina Steakhouse|njoj|5|2020-11-08
Argentina Steakhouse|MWHCR22|5|2020-03-05
Argentina Steakhouse|ncipessa86|5|2020-02-18
Argentina Steakhouse|Travelaround2016|3|2020-01-19
Argentina Steakhouse|Gastroreferenz|4|2019-11-09
Argentina Steakhouse|Venture59325990048|5|2019-09-30
Argentina Steakhouse|Malojaner80|1|2019-09-19
Argentina Steakhouse|AmaliaSara7|5|2019-07-25
Argentina Steakhouse|KuBaWi|5|2019-05-21
Argentina Steakhouse|herbertberther|5|2019-04-14
Argentina Steakhouse|wallaby1973|4|2019-03-19
Argentina Steakhouse|gregyyyy|5|2019-03-14
Argentina Steakhouse|625patm|5|2019-03-14
Argentina Steakhouse|Ray81|3|2019-03-08
Argentina Steakhouse|Micsal|1|2019-02-02
Argentina Steakhouse|prisum1961|1|2019-01-15
Argentina Steakhouse|EveC588|2|2018-12-14
Argentina Steakhouse|mdoutaz|1|2018-11-25
Argentina Steakhouse|Choli74|2|2018-11-22
Argentina Steakhouse|Departure22953062160|5|2018-11-01
Argentina Steakhouse|UM2019|4|2018-09-12
Argentina Steakhouse|cloudy666|1|2018-09-04
Argentina Steakhouse|ClaudeJaermann|4|2018-06-06
Argentina Steakhouse|Tilliqua|4|2018-05-23
Argentina Steakhouse|cheeky-kea|4|2018-03-09
Argentina Steakhouse|Sonja1962|5|2018-02-10
Argentina Steakhouse|hgutmann|4|2018-01-27
Argentina Steakhouse|winti93|3|2018-01-22
Argentina Steakhouse|Schlosswiler|5|2017-11-27
Argentina Steakhouse|shipslover|4|2017-11-22
Argentina Steakhouse|DonUebe|4|2017-11-13
Argentina Steakhouse|miohi|4|2017-11-11
Argentina Steakhouse|BoardingPass738877|5|2017-11-04
Argentina Steakhouse|416andreasr|4|2017-09-05
Argentina Steakhouse|Urku57|5|2017-08-28
Argentina Steakhouse|177sus|3|2017-06-06
Argentina Steakhouse|Admira8400|3|2017-06-03
Argentina Steakhouse|Flattom|4|2017-05-29
Argentina Steakhouse|ucullax|2|2017-04-11
Argentina Steakhouse|miohi|4|2017-04-06
Argentina Steakhouse|777stefanu|4|2017-03-27
Argentina Steakhouse|stammbach|4|2017-03-17
Argentina Steakhouse|amelliger|4|2017-03-06
Argentina Steakhouse|Waldispanien|5|2017-02-09
Argentina Steakhouse|Askin_CH|3|2017-01-23
Argentina Steakhouse|pw001-ch|5|2016-12-30
Argentina Steakhouse|madlainab2013|5|2016-12-28
Argentina Steakhouse|tanzfee94|1|2016-12-17
Argentina Steakhouse|Travel_nd_fitness|3|2016-12-11
Argentina Steakhouse|Maxofswitzerland|4|2016-10-13
Argentina Steakhouse|Superhirn|4|2016-09-19
Argentina Steakhouse|ArnoR160|1|2016-09-12
Argentina Steakhouse|AdrianW3187|3|2016-09-04
Argentina Steakhouse|FungoLungo|3|2016-08-08
Argentina Steakhouse|samhW4010TL|3|2016-06-22
Argentina Steakhouse|O4714OObenjaminm|4|2016-06-08
Argentina Steakhouse|Mike-Special|4|2016-05-30
Argentina Steakhouse|mol-luge|2|2016-05-28
Argentina Steakhouse|dieterjp|2|2016-02-27
Argentina Steakhouse|U4229XMpatricka|2|2016-02-24
Argentina Steakhouse|vicylisious|5|2016-02-17
Argentina Steakhouse|597peters597|4|2016-02-01
Argentina Steakhouse|Widmausl|4|2016-01-02
Argentina Steakhouse|Timotheus2014|5|2015-12-30
Argentina Steakhouse|kariren|4|2015-12-13
Argentina Steakhouse|kongen1|1|2015-11-13
Argentina Steakhouse|nly56|2|2015-10-14
Argentina Steakhouse|monika_schuepbach|5|2015-09-09
Argentina Steakhouse|RobertRiesen|5|2015-09-01
Argentina Steakhouse|956rebeccaf|2|2015-06-28
Argentina Steakhouse|WATCH2013|4|2015-06-14
Argentina Steakhouse|KuBaWi|2|2015-05-20
Argentina Steakhouse|Samy-ch|4|2015-03-24
Argentina Steakhouse|Jochanan658|1|2015-03-22
Argentina Steakhouse|vanessap189|4|2015-03-09
Argentina Steakhouse|proxteam|4|2014-12-25
Argentina Steakhouse|RattAdvisor|2|2014-11-27
Argentina Steakhouse|dieterschuerer|4|2014-11-23
Argentina Steakhouse|Toblerohne|3|2014-10-25
Argentina Steakhouse|Dwaininho|4|2014-10-20
Argentina Steakhouse|Jochanan658|5|2014-10-17
Argentina Steakhouse|RudolfJ_13|4|2014-10-07
Argentina Steakhouse|mikeybuur|1|2014-08-16
Argentina Steakhouse|ukyonline|2|2014-07-31
Argentina Steakhouse|UrsPGlaus|5|2014-07-18
Argentina Steakhouse|RomanG84|4|2014-07-10
Argentina Steakhouse|Stellael|4|2014-07-09
Argentina Steakhouse|Largo78|1|2014-06-04
Argentina Steakhouse|miggu65|4|2014-04-08
Argentina Steakhouse|ukyonline|4|2014-04-04
Argentina Steakhouse|skala4u|5|2014-03-15
Argentina Steakhouse|ucullax|5|2013-08-10
Argentina Steakhouse|aems23|1|2013-01-21
Argentina Steakhouse|22SandroF|4|2013-01-20
Argentina Steakhouse|mage2llan|4|2012-12-13
Argentina Steakhouse|caribe-1967|4|2012-07-07
Argentina Steakhouse|chroemi|4|2012-06-07
Argentina Steakhouse|tzb_12|4|2012-05-23
Argentina Steakhouse|OliverS831|4|2012-04-27
Argentina Steakhouse|petonic|3|2012-04-07
Argentina Steakhouse|Theo_Holger_Geist|5|2012-03-22
Argentina Steakhouse|susan65ch|4|2012-02-22
Argentina Steakhouse|aco_Switzerland|5|2011-12-19
Argentina Steakhouse|MG8000|4|2011-05-17
Argentina Steakhouse|galcounsel2018|4|2018-10-08
Argentina Steakhouse|JudyP520|4|2017-06-03
Argentina Steakhouse|Love2Travel708|4|2017-05-31
Argentina Steakhouse|LucySkrovan|4|2017-02-21
Argentina Steakhouse|Ratish_11|4|2017-02-12
Argentina Steakhouse|Chiurce|4|2016-10-29
Argentina Steakhouse|Oscar_Zur77|4|2016-02-11
Argentina Steakhouse|drichardf|2|2016-01-27
Argentina Steakhouse|ghtw6|4|2015-10-11
Argentina Steakhouse|n65|4|2015-10-01
Argentina Steakhouse|99Display_Name99|4|2015-09-15
Argentina Steakhouse|Dejongmj|4|2014-09-03
Argentina Steakhouse|brigitk2014|3|2014-04-21
Argentina Steakhouse|Chiurce|4|2014-03-24
Argentina Steakhouse|HerbertDi|2|2013-09-29
Argentina Steakhouse|Chiurce|4|2013-06-25
Argentina Steakhouse|SwissCharm1917|5|2013-04-04
Argentina Steakhouse|WYJ2012|4|2012-08-31
Argentina Steakhouse|BlueCheese69|3|2012-07-10
Argentina Steakhouse|Dawn032|5|2012-05-08
Freieck-Seen|Latinalady87|5|2023-05-29
Freieck-Seen|Jusarama10|5|2023-04-30
Freieck-Seen|IngeE157|5|2020-05-01
Freieck-Seen|Armida44|5|2020-04-05
Freieck-Seen|Metalbirdb707|5|2020-03-30
Freieck-Seen|johannesw764|4|2020-03-04
Freieck-Seen|stegi4rex|5|2019-10-19
Freieck-Seen|dyvoseen|5|2019-08-31
Freieck-Seen|hofi1981|4|2019-01-19
Freieck-Seen|995klausb|5|2018-11-26
Freieck-Seen|V7135ACmichaelk|5|2018-11-24
Freieck-Seen|dyvoseen|5|2018-09-29
Freieck-Seen|xofromtoxo|5|2018-08-27
Freieck-Seen|Martin_P6219|4|2018-06-24
Freieck-Seen|CholoM18|5|2018-03-17
Freieck-Seen|UrsA85|5|2017-12-04
Freieck-Seen|dyvoseen|5|2017-09-10
Freieck-Seen|kurtr332|5|2017-07-29
Freieck-Seen|555tanjag|3|2017-05-16
Freieck-Seen|saharawaldi|5|2017-04-18
Freieck-Seen|urstagliavini|5|2017-01-17
Freieck-Seen|NiciW30|5|2017-01-14
Freieck-Seen|h_meier_wthur|5|2017-01-08
Freieck-Seen|dyvoseen|5|2016-12-07
Freieck-Seen|andher347|5|2016-11-09
Freieck-Seen|dyvoseen|5|2016-05-22
Freieck-Seen|marinawinti|5|2016-04-05
Freieck-Seen|Widmausl|4|2016-04-01
Freieck-Seen|schnitzelbrot|5|2016-01-08
Freieck-Seen|246giovannis|4|2015-12-06
Freieck-Seen|MargaG763|2|2015-10-22
Freieck-Seen|stegi4rex|4|2015-10-17
Freieck-Seen|jan_gunti|5|2015-09-19
Freieck-Seen|246giovannis|5|2015-07-25
Freieck-Seen|364markusv|4|2015-01-04
Freieck-Seen|MikeG783|5|2011-11-27
Freieck-Seen|swisspigs|5|2017-03-26
Freieck-Seen|HerbertDi|5|2013-09-29
Ristorante Entreprenere|martin_www_1990|5|2019-05-15
Ristorante Entreprenere|wrfbqwreg343|5|2019-05-14
Beck Lyner|BaronChris|4|2021-07-15
Backwerk|TheKringel|1|2018-01-23
Backwerk|Satoriosaka|3|2017-07-12
Backwerk|amelliger|4|2016-11-07
Backwerk|asokm|3|2016-09-15
Backwerk|peterkreuz2|4|2016-04-18
Backwerk|corinnegemperli|5|2016-04-02
Backwerk|Mustardkitten|4|2014-08-20
Sporrer|christinelE6122EN|5|2024-05-25
Sporrer|501silvank|1|2024-05-25
Sporrer|stereu|5|2024-05-10
Sporrer|Roxymaus|2|2024-05-06
Sporrer|Fidelio_Z|5|2023-08-27
Sporrer|Compass65861034249|3|2023-08-20
Sporrer|RenatoW_13|4|2023-08-14
Sporrer|S1559QKsusannef|1|2023-07-24
Sporrer|Vielreisende_Family|2|2023-06-03
Sporrer|Andigo20|3|2023-05-27
Sporrer|SH82XX|5|2023-05-14
Sporrer|varallo|5|2023-01-25
Sporrer|MarkWinti|4|2022-11-27
Sporrer|stereu|5|2022-10-23
Sporrer|3sabinel|4|2022-08-27
Sporrer|FrauGwunder|3|2022-06-20
Sporrer|G3200YEandreasr|5|2022-06-08
Sporrer|Feinschm3ck3r|5|2022-02-04
Sporrer|542rogerr|5|2022-02-04
Sporrer|philiprajic|5|2021-09-13
Sporrer|Aschi007|5|2021-07-05
Sporrer|Traveler28330615807|5|2021-07-04
Sporrer|Stay06349628134|5|2021-07-03
Sporrer|Wunderbeiz|4|2021-06-20
Sporrer|RitaS5176|3|2021-06-18
Sporrer|Coastal54467361394|3|2021-04-21
Sporrer|snncrr|5|2020-10-18
Sporrer|Travelaround2016|4|2020-10-14
Sporrer|chrismcgough|5|2020-10-07
Sporrer|kosta_21|5|2020-10-05
Sporrer|Filipm9111|5|2020-10-03
Sporrer|RenaBro77|5|2020-09-30
Sporrer|zuri1313|5|2020-09-28
Sporrer|Sepidehw|5|2020-09-27
Sporrer|KarimH1989|5|2020-09-24
Sporrer|Milchi8|5|2020-09-24
Sporrer|MA00000000|5|2020-09-23
Sporrer|ucarzzz|5|2020-09-21
Sporrer|markusa754|5|2020-09-20
Sporrer|GasnelC|5|2020-09-20
Sporrer|DanTheBarman1987|5|2020-09-19
Sporrer|moenassif|5|2020-09-19
Sporrer|mhekel|5|2020-09-19
Sporrer|Human1990|5|2020-09-19
Sporrer||2|2020-08-26
Sporrer|HanspeterF938|4|2020-08-21
Sporrer|BKU304|5|2020-08-21
Sporrer|293bettibossy|5|2020-08-03
Sporrer|cocos527|3|2020-07-30
Sporrer|michaelnH874BQ|3|2020-07-26
Sporrer|KuBaWi|5|2020-07-14
Sporrer|MarkWinti|4|2020-06-24
Sporrer|REMADY|5|2020-06-11
Sporrer|AugusteGusteauX|5|2020-06-06
Sporrer|zimmi95|5|2020-05-25
Sporrer|dianav357|5|2020-05-24
Sporrer|Denizthemenace|5|2020-05-24
Sporrer|Chillijazz|5|2020-05-23
Sporrer|peterpeter1400|5|2020-05-23
Sporrer|725katharinac|5|2020-05-22
Sporrer|Ninjakos|5|2020-01-26
Sporrer|Nikohh89|5|2020-01-26
Sporrer|Weinmaker79|5|2020-01-18
Sporrer|jnnfrstrbl|5|2019-12-17
Sporrer|536simoneb|5|2019-12-07
Sporrer|amelliger|5|2019-10-12
Sporrer|col120|4|2019-09-20
Sporrer|Xamu_ch|5|2019-09-11
Sporrer|martom2017|5|2019-09-10
Sporrer|Vitudurum19|5|2019-09-10
Sporrer|Dream02566479251|5|2019-09-10
Sporrer|KuBaWi|1|2019-09-09
Sporrer|TiKoWi|5|2019-07-26
Sporrer|MazdaSchweiz|5|2019-07-06
Sporrer|544ursm|5|2019-05-30
Sporrer|66Norbert|5|2019-05-10
Sporrer|Muellerine|5|2019-05-06
Sporrer|mezzle99|5|2019-05-05
Sporrer|vespadrive|3|2019-05-01
Sporrer|Autistica|4|2019-04-13
Sporrer|Admira8400|5|2019-03-23
Sporrer|setupme|5|2019-03-23
Sporrer|SirahM09|5|2018-12-30
Sporrer|412MarkusS|4|2018-12-08
Sporrer|5marianne16|5|2018-12-02
Sporrer|urs12016|5|2018-11-05
Sporrer|Finsti|3|2018-10-14
Sporrer|peterbZ3522EQ|5|2018-10-07
Sporrer|R80_12|4|2018-09-23
Sporrer|soniarosa63|5|2018-09-02
Sporrer|MatthiasSWISS|4|2018-08-26
Sporrer|UrsulaW349|3|2018-08-24
Sporrer|152ursb|4|2018-08-17
Sporrer|Ysis|4|2018-08-07
Sporrer|Art_ZH8000|5|2018-07-30
Sporrer|patric29|4|2018-07-28
Sporrer|TravelNishi|3|2018-07-24
Sporrer|andg222|5|2018-07-08
Sporrer|KleineFee87|5|2018-06-24
Sporrer|babelhega|5|2018-04-23
Sporrer|anyway|5|2018-04-11
Sporrer|Muuude|5|2018-03-03
Sporrer|mansN8885WT|5|2018-02-25
Sporrer|Finsti|5|2018-02-03
Sporrer|ThomasG591|5|2018-02-03
Sporrer|ChristianO2064|5|2018-01-21
Sporrer|gourmella_ev|5|2018-01-08
Sporrer|237estebanc|5|2017-12-09
Sporrer|janices879|4|2017-11-18
Sporrer|933monikaz|5|2017-11-09
Sporrer|475kristinaw|5|2017-11-05
Sporrer|barbararZ8327EK|4|2017-10-08
Sporrer|OttoU23|5|2017-10-02
Sporrer|CellaZimmi|5|2017-08-21
Sporrer|skuehne|2|2017-08-08
Sporrer|CristinaF3957|5|2017-07-21
Sporrer|tr12017|5|2017-07-21
Sporrer|barbara_x7|3|2017-07-20
Sporrer|claudiahoefle|5|2017-07-08
Sporrer|FabrizioA1271|5|2017-06-13
Sporrer|Nefti2012|5|2017-06-05
Sporrer|253stephand|4|2017-05-26
Sporrer|ThomastheBiker|5|2017-05-25
Sporrer|Finsti|5|2017-05-23
Sporrer|19estherb|5|2017-05-23
Sporrer|andher347|4|2017-05-03
Sporrer|777stefanu|4|2017-04-27
Sporrer|SwissTraveller60|4|2017-04-01
Sporrer|AntoinetteG161|4|2017-03-13
Sporrer|auackerpflug|5|2017-03-05
Sporrer|Ratistella|3|2017-02-25
Sporrer|Verdant81|5|2017-02-23
Sporrer|237estebanc|5|2017-02-18
Sporrer|CristinaF3957|5|2017-02-16
Sporrer|aSwissTraveller|4|2017-02-14
Sporrer|kariren|5|2017-02-12
Sporrer|mrgoagoa|5|2016-12-29
Sporrer|MichaelF8502|5|2016-12-10
Sporrer|baummann|4|2016-12-10
Sporrer|andher347|5|2016-11-25
Sporrer|Brauerra|4|2016-11-20
Sporrer|heidib714|5|2016-11-09
Sporrer|Sweetypie-reisend|5|2016-11-02
Sporrer|AssuntaB88|5|2016-10-20
Sporrer|812ernstl|5|2016-10-19
Sporrer|BremoMo|5|2016-10-03
Sporrer|teaage|5|2016-10-02
Sporrer|Starone01|4|2016-09-28
Sporrer|dithschellenberg|5|2016-09-24
Sporrer|andher347|5|2016-09-18
Sporrer|sbethe|4|2016-09-12
Sporrer|Waterpolo1s|5|2016-09-07
Sporrer|Schlingelmami|2|2016-09-06
Sporrer|huck0815|5|2016-09-04
Sporrer|RenatoW_13|3|2016-08-29
Sporrer|Samnaun|5|2016-08-24
Sporrer|820astridm|5|2016-08-24
Sporrer|720annettep|5|2016-08-22
Sporrer|schmiri2016|5|2016-08-01
Sporrer|Soledad6|3|2016-07-28
Sporrer|unny23|5|2016-07-28
Sporrer|Rotom69|5|2016-07-26
Sporrer|petep376|5|2016-07-25
Sporrer|73jacquelines|5|2016-07-20
Sporrer|Mibelomi|5|2016-07-20
Sporrer|Gartenburg|4|2016-07-10
Sporrer|stegi4rex|4|2016-07-10
Sporrer|HeinzD403|4|2016-06-27
Sporrer|Orphilia|5|2016-05-18
Sporrer|880basilm|3|2016-04-29
Sporrer|DanielS616|5|2016-04-25
Sporrer|boddien|5|2016-04-21
Sporrer|pumpeline|5|2016-04-09
Sporrer|Lautemar|5|2016-04-04
Sporrer|Friitig|4|2016-03-27
Sporrer|Meno82|4|2016-02-15
Sporrer|birdi18|5|2016-02-03
Sporrer|Lexia1985|5|2016-01-31
Sporrer|237estebanc|5|2016-01-30
Sporrer|tobiast880|5|2015-12-16
Sporrer|hilippS226|5|2015-11-25
Sporrer|seli|4|2015-11-24
Sporrer|Roebi71|4|2015-11-13
Sporrer|stegi4rex|4|2015-10-17
Sporrer|ttoketis|5|2015-09-14
Sporrer|237estebanc|5|2015-09-03
Sporrer|dyvoseen|3|2015-09-02
Sporrer|882alicen|5|2015-09-01
Sporrer|tan-w|2|2015-08-29
Sporrer|Lautemar|5|2015-08-20
Sporrer|momuwi|5|2015-08-08
Sporrer|Jasyen|4|2015-08-06
Sporrer|BellaBavaria|4|2015-07-11
Sporrer|yafee|5|2015-07-09
Sporrer|517caesarw|4|2015-07-02
Sporrer|henauerm|5|2015-06-19
Sporrer|Widmausl|4|2015-06-14
Sporrer|KuBaWi|5|2015-05-20
Sporrer|gula_fu|5|2015-05-12
Sporrer|233herbertg|5|2015-05-04
Sporrer|Flnem|1|2015-05-02
Sporrer|xjeanmaire|5|2015-04-20
Sporrer|674gabrielac|4|2015-03-29
Sporrer|223alexandral|5|2015-03-18
Sporrer|21thomasn|5|2015-03-08
Sporrer|wn2015|5|2015-03-07
Sporrer|8911602|3|2015-03-04
Sporrer|simonegD4941CR|4|2015-01-20
Sporrer|Mala82|4|2015-01-19
Sporrer|gabrieleg123|5|2015-01-18
Sporrer|jacquelinem668|5|2014-12-19
Sporrer|dominiquew171|5|2014-12-02
Sporrer|507clarat|5|2014-11-27
Sporrer|582carmenm|5|2014-11-27
Sporrer|655|5|2014-11-22
Sporrer|ElliVonSchindel|1|2014-11-22
Sporrer|382g_ntherg|5|2014-11-20
Sporrer|21marianneb|5|2014-11-20
Sporrer|hasenfratz53|5|2014-11-08
Sporrer|ClaudiaD1967|3|2014-11-04
Sporrer|14ursh|5|2014-11-03
Sporrer|593gustavl|5|2014-10-28
Sporrer|DoroD_13|3|2014-10-26
Sporrer|proxteam|5|2014-10-24
Sporrer|Lolla29|5|2014-10-19
Sporrer|520evelineg|5|2014-10-15
Sporrer|ueegger42|5|2014-10-14
Sporrer|manukk|5|2014-10-12
Sporrer|weed2011|4|2014-10-08
Sporrer|338lukasg|5|2014-09-30
Sporrer|Heinzito|5|2014-09-14
Sporrer|Superhirn|5|2014-09-13
Sporrer|NickS626|4|2014-06-30
Sporrer|Naftali69|4|2014-06-12
Sporrer|sandracZ3083RA|5|2014-06-04
Sporrer|Leukbad|5|2014-06-02
Sporrer|jordank642|1|2014-06-02
Sporrer|kiaora1973|4|2014-05-14
Sporrer|BellaBavaria|5|2014-04-26
Sporrer|Mikey-Winti|5|2014-03-29
Sporrer|162jasmins|5|2014-03-11
Sporrer|223alexandral|5|2014-03-09
Sporrer|Schmidski|5|2014-03-02
Sporrer|117|5|2014-02-21
Sporrer|RogerF8|5|2013-11-24
Sporrer|Bel5430|5|2013-10-30
Sporrer|Castleguard|5|2013-09-28
Sporrer|Ratatouille474|5|2013-09-21
Sporrer|IrisT627|5|2013-07-24
Sporrer|AnGaAl|5|2013-03-05
Sporrer|Jac-hoby|5|2012-09-25
Sporrer|ClaudiaB98|5|2011-08-09
Sporrer|ysmile|5|2011-06-03
Sporrer|Cellino|5|2008-08-24
Sporrer|Flowwolf|4|2016-07-08
Sporrer|TheFabRitz|4|2015-11-11
Sporrer|Sil543|3|2015-03-17
Sporrer|326ritad|4|2014-12-09
Sporrer|966susannep|4|2014-10-01
Sporrer|ThomasFL2014|4|2014-07-31
Sporrer|Gironzolone1|5|2014-05-17
Restaurant Neuburg|Guide19541707653|5|2024-06-05
Restaurant Neuburg|Global19881107804|5|2023-04-15
Restaurant Neuburg|Ichbinjulia88|5|2023-04-15
Restaurant Neuburg|thmarg2022|5|2022-02-02
Restaurant Neuburg|MaryBee14|5|2022-01-23
Restaurant Neuburg|DimdiCarnivora|5|2021-06-14
Restaurant Neuburg|Wander20477325790|5|2020-12-17
Restaurant Neuburg|Ichbinjulia88|5|2020-08-15
Restaurant Neuburg|0601va|3|2020-05-31
Restaurant Neuburg|ulver666|5|2019-11-11
Restaurant Neuburg|claba118|5|2019-06-07
Restaurant Neuburg|Saldi01|5|2019-06-01
Restaurant Neuburg|Moema-Love|5|2019-05-11
Restaurant Neuburg|ta828|5|2019-05-11
Restaurant Neuburg|hhuubbeerr|5|2019-05-09
Restaurant Neuburg|Debatte80|1|2019-05-09
Restaurant Neuburg|amonac415|5|2018-12-15
Restaurant Neuburg|aenzisteinmann79|5|2018-10-28
Restaurant Neuburg|242andyi|5|2018-09-05
Restaurant Neuburg|JennyJ2579|5|2018-08-20
Restaurant Neuburg|RenatoW_13|4|2018-06-20
Restaurant Neuburg|T9194RTpatrickp|5|2018-06-04
Restaurant Neuburg|9501DorisS|5|2018-05-11
Restaurant Neuburg|nitanita|5|2018-03-03
Restaurant Neuburg|Salvatore2608|5|2017-12-15
Restaurant Neuburg|nataliam187|5|2017-09-17
Restaurant Neuburg|xieT10|5|2017-09-17
Restaurant Neuburg|petdak|5|2017-07-23
Restaurant Neuburg|JennyJ2579|5|2017-05-08
Restaurant Neuburg|MonaC763|5|2017-04-13
Restaurant Neuburg|angova1|5|2017-04-06
Restaurant Neuburg|yane|5|2017-04-04
Restaurant Neuburg|pandaxox|5|2017-04-04
Restaurant Neuburg|cob151|3|2017-02-21
Restaurant Neuburg|Klaeus|3|2016-11-20
Restaurant Neuburg|jsibear|5|2016-09-15
Restaurant Neuburg|winterthur2015|5|2016-09-11
Restaurant Neuburg|242andyi|5|2016-08-29
Restaurant Neuburg|thozer|4|2016-08-13
Restaurant Neuburg|264gabriellat|5|2016-04-03
Restaurant Neuburg|kevinhuber8989|5|2016-04-02
Restaurant Neuburg|ta828|5|2016-04-01
Restaurant Neuburg|strindli|4|2015-11-22
Restaurant Neuburg|BeatriXyla|3|2015-04-26
Rice Up! Winterthur|pierrepaulk2024|5|2024-01-23
Rice Up! Winterthur|Shqipy|4|2023-03-06
Insieme|Travelaround2016|4|2020-01-16
Insieme|dyvoseen|5|2017-12-13
Insieme|nbalte|5|2017-11-12
Insieme|N-Gisler|5|2017-04-29
Insieme|mlw94|5|2015-10-17
Insieme|ursinae|5|2015-06-30
Insieme|632regulag|4|2015-05-03
Insieme|543gast|4|2015-01-17
Insieme|Serina-777|5|2015-01-12
Insieme|BrianA960|5|2018-02-22
Don Camillo|aco_Switzerland|1|2024-04-21
Don Camillo|Hanno2000|4|2023-12-16
Don Camillo|MarkWinti|5|2022-11-27
Don Camillo|Happymaker2|1|2019-08-28
Don Camillo|MarinaCaeciliaK|5|2019-06-04
Don Camillo|sarahbY9139WY|5|2019-02-12
Don Camillo|Mezler|1|2019-01-22
Don Camillo|Mala82|4|2019-01-12
Don Camillo|Oeschgi|4|2018-12-10
Don Camillo|MeuterY|5|2018-11-10
Don Camillo|andreabI3144WV|5|2018-10-07
Don Camillo|777stefanu|5|2018-05-17
Don Camillo|Mezler|1|2018-05-06
Don Camillo|GabriellaS992|5|2018-03-10
Don Camillo|bindli82|4|2018-02-10
Don Camillo|Gloor_M|2|2017-12-13
Don Camillo|alemeier2016|3|2017-11-19
Don Camillo|OsmanY551|1|2017-09-23
Don Camillo|Suri-from-Winterthur|5|2017-09-14
Don Camillo|G4500YFrolfh|5|2017-09-10
Don Camillo|alfredfeuz2017|4|2017-08-24
Don Camillo|Smilla_Bee|5|2017-08-16
Don Camillo|Nachgetreten|4|2017-08-03
Don Camillo|654christophw|4|2017-06-28
Don Camillo|moochundearl|4|2017-04-06
Don Camillo|Reto_Kaeser|4|2016-11-17
Don Camillo|Suri-from-Winterthur|4|2016-10-30
Don Camillo|Superhirn|3|2016-09-23
Don Camillo|Waterpolo1s|4|2016-09-08
Don Camillo|anette1984|5|2016-09-03
Don Camillo|martinwinti1000|5|2016-07-02
Don Camillo|sli|5|2016-06-09
Don Camillo|Aveelina|5|2016-05-01
Don Camillo|Carolu1964|4|2016-02-29
Don Camillo|Zonkeydonkey|4|2016-01-17
Don Camillo|542rogerr|4|2016-01-02
Don Camillo|Mezler|1|2015-11-29
Don Camillo|andylK2405RU|3|2015-11-13
Don Camillo|Sternkind|4|2015-05-31
Don Camillo|Q5463QMdanielr|5|2015-01-11
Don Camillo|tonig904|5|2014-05-10
Don Camillo|Steevestevensens|5|2014-04-05
Don Camillo|svhubmann|5|2013-06-07
Don Camillo|KrishnaD345|5|2016-08-26
Don Camillo|Minic13|4|2016-05-18
Don Camillo|gimo2010|5|2016-01-16
Don Camillo|Staunender|4|2014-04-16
Don Camillo|Zonkeydonkey|4|2014-02-02
Don Camillo|NicoleI454|5|2013-10-03
Ethno Bistro|ChristianZ1257|5|2017-02-21
Ethno Bistro|peterruf2017|4|2017-02-21
Ethno Bistro|WernerandM-C|3|2016-07-13
Manta Bar|natec826|3|2023-05-02
Manta Bar|Wunderbeiz|5|2023-03-16
Manta Bar|Selin_zh_333|1|2022-06-29
Manta Bar|cwinterthur|5|2021-09-28
Manta Bar|LOTUS-HASLIBERG|1|2021-05-14
Manta Bar|BUW8400|4|2021-05-11
Manta Bar|monicahegner|2|2020-10-20
Manta Bar|steinegger|3|2020-01-15
Manta Bar|hello_world78|2|2019-12-27
Manta Bar|Cabrio44|4|2019-06-10
Manta Bar|una1818|1|2019-01-21
Manta Bar|UAEmate|4|2018-08-03
Manta Bar|dorytravels85|5|2018-07-22
Manta Bar|white-charlie-girl|4|2018-04-14
Manta Bar|jessluna1970|2|2018-02-21
Manta Bar|alinipralini|5|2018-02-19
Manta Bar|120marcels|5|2018-01-10
Manta Bar|Anjalisp|4|2017-11-30
Manta Bar|berishil|3|2017-11-15
Manta Bar|Susy4102|4|2017-11-07
Manta Bar|Slimakova|5|2017-10-22
Manta Bar|mggp2017|2|2017-05-19
Manta Bar|pumpeline|4|2016-11-22
Manta Bar|monikap770|4|2016-10-20
Manta Bar|304maurizioa|5|2016-09-10
Manta Bar|jurgastettler_CH|4|2016-07-17
Manta Bar|sandramueller_84|3|2016-07-08
Manta Bar|angelabO1265MW|5|2016-04-07
Manta Bar|marinawinti|5|2016-03-28
Manta Bar|angelasQ2109ZU|4|2016-02-03
Manta Bar|comewithus2|3|2015-11-15
Manta Bar|trra24|4|2015-10-11
Manta Bar|Nicoletta2018|5|2015-10-09
Manta Bar|758RJmarcop|2|2015-08-23
Manta Bar|777stefanu|4|2015-08-23
Manta Bar|mausi123|5|2015-07-04
Manta Bar|Samba2007|4|2015-06-21
Manta Bar|Riogrande4|4|2015-03-01
Manta Bar|t0c|3|2015-01-24
Manta Bar|EEK-ZH|5|2015-09-15
Manta Bar|RogerW934|4|2015-07-27
Restaurant Fredi|paulnZ8746TE|5|2024-08-20
Restaurant Fredi|216sabinei|5|2023-04-28
Restaurant Fredi|clang2016|5|2024-08-07
Restaurant Fredi|neer55907182847|5|2024-07-30
Restaurant Fredi|tinabW1625TD|5|2024-07-11
Restaurant Fredi|DerGast111|4|2024-06-27
Restaurant Fredi|Oertli|5|2024-06-23
Restaurant Fredi|ClaRaMiYaNo|2|2024-06-23
Restaurant Fredi|simackhei|5|2024-05-21
Restaurant Fredi|C1334IDfelixd|5|2024-05-13
Restaurant Fredi|K3493CStinab|5|2024-05-12
Restaurant Fredi|Explore68546|5|2024-05-06
Restaurant Fredi|nicolekK1516ER|5|2024-05-04
Restaurant Fredi|Voyager46190316621|5|2024-05-04
Restaurant Fredi|Fred_Krueger|3|2024-04-26
Restaurant Fredi|Fruehlingsgruen|4|2024-04-25
Restaurant Fredi|NiLi0912|5|2024-04-25
Restaurant Fredi|annettehO842XW|5|2024-04-24
Restaurant Fredi|Footbaltraveler|5|2024-04-24
Restaurant Fredi|haefelin|5|2024-04-22
Restaurant Fredi|brigittebB1117AK|5|2024-04-22
Restaurant Fredi|Adventure64305991507|5|2024-04-21
Restaurant Fredi|Trail33405034592|5|2024-04-07
Restaurant Fredi|Navigate27282305299|5|2024-03-26
Restaurant Fredi|assenger63546876123|5|2024-03-23
Restaurant Fredi|EvaB4518|5|2024-03-21
Restaurant Fredi|claudiaw805|5|2024-03-10
Restaurant Fredi|Culture15303979927|5|2024-02-08
Restaurant Fredi|Navigator66727353734|5|2024-02-05
Restaurant Fredi|922estherh|5|2024-02-05
Restaurant Fredi|JohannesB277|5|2024-02-03
Restaurant Fredi|Venture44786153306|5|2024-02-01
Restaurant Fredi|anitawenk|5|2024-01-30
Restaurant Fredi|manueladS9232AJ|3|2024-01-18
Restaurant Fredi|78beati|5|2024-01-12
Restaurant Fredi|Swissteel|2|2023-12-25
Restaurant Fredi|Q1671ASroberts|1|2023-12-17
Restaurant Fredi|barbarabK445GQ|5|2023-12-14
Restaurant Fredi|doemikohler|4|2023-12-13
Restaurant Fredi|hilippeL2987|4|2023-12-08
Restaurant Fredi|Nomad39057104174|5|2023-11-24
Restaurant Fredi|Coastal41919669091|5|2023-11-23
Restaurant Fredi|kiaora1973|3|2023-11-22
Restaurant Fredi|Safari50192367872|5|2023-11-19
Restaurant Fredi|Freedom08309198365|5|2023-11-02
Restaurant Fredi|907katjap|4|2023-10-31
Restaurant Fredi|sagean|5|2023-10-21
Restaurant Fredi|j_rgw379|5|2023-10-20
Restaurant Fredi|AGlomb|5|2023-10-17
Restaurant Fredi|OnAir24401837847|5|2023-10-08
Restaurant Fredi|claudia602017|5|2023-10-07
Restaurant Fredi|MArnold63|5|2023-10-03
Restaurant Fredi|KarinImobersteg|5|2023-09-23
Restaurant Fredi|Mobile59697549138|4|2023-09-21
Restaurant Fredi|Dreamer65572703652|5|2023-09-21
Restaurant Fredi|terL7760|5|2023-09-17
Restaurant Fredi|beer4|5|2023-09-08
Restaurant Fredi|sheilab446|5|2023-09-08
Restaurant Fredi|aede59|4|2023-08-28
Restaurant Fredi|Andy0511|5|2023-08-25
Restaurant Fredi|Vreny64|5|2023-08-23
Restaurant Fredi|annsofiei326|5|2023-08-09
Restaurant Fredi|Oertli|5|2023-07-04
Restaurant Fredi|k8555|5|2023-06-20
Restaurant Fredi|Roving11184015628|5|2023-06-08
Restaurant Fredi|aradise14323680020|5|2023-06-07
Restaurant Fredi|114melaniez|5|2023-06-01
Restaurant Fredi|142marcandr_r|4|2023-06-01
Restaurant Fredi|Guide01535140845|5|2023-05-23
Restaurant Fredi|Nomad64599820722|4|2023-05-09
Restaurant Fredi|Mobile58965459716|5|2023-05-08
Restaurant Fredi|RomanB189|5|2023-04-22
Restaurant Fredi|Couleurs19|4|2023-04-17
Restaurant Fredi|veilchen11|5|2023-04-16
Restaurant Fredi|Wander03863592839|5|2023-04-14
Restaurant Fredi|monicam90|3|2023-04-05
Restaurant Fredi|Uehlinger|4|2023-04-02
Restaurant Fredi|Wander59958252402|2|2023-04-01
Restaurant Fredi|Ayx123|5|2023-03-29
Restaurant Fredi|StefanieAB|4|2023-03-22
Restaurant Fredi|Dreamnordic|3|2023-03-22
Restaurant Fredi|M7965BKandreasg|5|2023-03-20
Restaurant Fredi|U96MBmichelb|4|2023-03-03
Restaurant Fredi|Looptor14|4|2023-02-20
Restaurant Fredi|281christophl|5|2023-02-04
Restaurant Fredi|Re_123321|5|2023-01-26
Restaurant Fredi|SwissTraveller60|4|2022-12-31
Restaurant Fredi|197madeleineb|5|2022-12-30
Restaurant Fredi|susannesU8324IB|5|2022-12-28
Restaurant Fredi|Saimaa48|5|2022-12-23
Restaurant Fredi|bb_win|5|2022-12-20
Restaurant Fredi|Garomesili|4|2022-12-16
Restaurant Fredi|ViolettaundRaphael|5|2022-12-15
Restaurant Fredi|371siegfriedw|5|2022-12-08
Restaurant Fredi|Vacation599410|4|2022-11-29
Restaurant Fredi|patrick_hoefer|4|2022-11-28
Restaurant Fredi|hugobuchs53|4|2022-11-27
Restaurant Fredi|Toto763|5|2022-11-25
Restaurant Fredi|112miriamw|5|2022-10-27
Restaurant Fredi|sylv_kok|5|2022-10-22
Restaurant Fredi|herbert565|5|2022-10-16
Restaurant Fredi|baumannu|3|2022-10-06
Restaurant Fredi|Switzerland1999|5|2022-09-22
Restaurant Fredi|uedin|4|2022-09-14
Restaurant Fredi|jolandas811|5|2022-09-03
Restaurant Fredi|Gabriella_Borrello|5|2022-08-28
Restaurant Fredi|106mariann|5|2022-06-20
Restaurant Fredi|7984MJmonikas|4|2022-06-19
Restaurant Fredi|HelgaL260|5|2022-06-07
Restaurant Fredi|355hertal|4|2022-06-05
Restaurant Fredi|vanessa_thegourmand|4|2022-05-17
Restaurant Fredi|haesli40|5|2022-05-15
Restaurant Fredi|Chilnicle|5|2022-05-11
Restaurant Fredi|Keiser7|4|2022-05-09
Restaurant Fredi|grundrunner|5|2022-05-08
Restaurant Fredi|SuO_ZH|4|2022-05-08
Restaurant Fredi|pakeller1|4|2022-05-01
Restaurant Fredi|Q5432FWwendyt|4|2022-04-15
Restaurant Fredi|Spark4711|2|2022-04-14
Restaurant Fredi|delreguglielmo|4|2022-04-12
Restaurant Fredi|danielsR2871VT|5|2022-04-07
Restaurant Fredi|dr8400|5|2022-03-29
Restaurant Fredi|ursyh2022|5|2022-03-11
Restaurant Fredi|281christophl|5|2022-03-06
Restaurant Fredi|TurriR|5|2022-02-18
Restaurant Fredi|Oertli|5|2022-02-17
Restaurant Fredi|S6649XUirenel|5|2022-02-09
Restaurant Fredi|353priskag|5|2022-02-02
Restaurant Fredi|281christophl|5|2021-12-20
Restaurant Fredi|Markus1180|5|2021-12-19
Restaurant Fredi|GernGast2015|3|2021-12-14
Restaurant Fredi|Nickarli|2|2021-12-12
Restaurant Fredi|Sandholzer2020|5|2021-11-30
Restaurant Fredi|968marcov|5|2021-11-24
Restaurant Fredi|cyrinetoumi|5|2021-11-18
Restaurant Fredi|Ernie17G|5|2021-11-17
Restaurant Fredi|985PaulM985|5|2021-11-16
Restaurant Fredi|Journey826005|5|2021-11-15
Restaurant Fredi|hoteliereeee|5|2021-11-10
Restaurant Fredi|beccarW3088SC|5|2021-11-07
Restaurant Fredi|ChristaH473|1|2021-11-05
Restaurant Fredi|danielaeH4077OT|5|2021-11-04
Restaurant Fredi|wildnismark|5|2021-11-04
Restaurant Fredi|assport743597|5|2021-10-29
Restaurant Fredi|niffen|5|2021-10-29
Restaurant Fredi|chruselchopf|5|2021-10-26
Restaurant Fredi|Monneypenny2020|5|2021-10-09
Restaurant Fredi|297markusp|5|2021-10-06
Restaurant Fredi|RetoG248|4|2021-10-02
Restaurant Fredi|ter_Meierhans|5|2021-10-01
Restaurant Fredi|SwissTraveller60|5|2021-09-27
Restaurant Fredi|M3957UAdianal|5|2021-09-26
Restaurant Fredi|158valentinol|5|2021-09-26
Restaurant Fredi|Odyssey62112120481|5|2021-09-10
Restaurant Fredi|312patrickk|5|2021-09-02
Restaurant Fredi|678regulaw|4|2021-09-01
Restaurant Fredi|SusHae|5|2021-08-26
Restaurant Fredi|MZ_Z333|5|2021-08-13
Restaurant Fredi|Claudyeah|5|2021-08-10
Restaurant Fredi|Lillet2|5|2021-08-04
Restaurant Fredi|Afiflyer|5|2021-07-31
Restaurant Fredi|werz-eschlikon|5|2021-07-22
Restaurant Fredi|andrah2016|5|2021-07-21
Restaurant Fredi|Doxe1969|5|2021-07-20
Restaurant Fredi|chrimatter|5|2021-07-19
Restaurant Fredi|MaNi0715|5|2021-07-19
Restaurant Fredi|35beatricej|5|2021-07-15
Restaurant Fredi|hrd49|5|2021-07-14
Restaurant Fredi|Melapos|5|2021-07-12
Restaurant Fredi|Anja-Oppli|5|2021-06-30
Restaurant Fredi|hacker1950|4|2021-06-26
Restaurant Fredi|Zoradierote|5|2021-06-23
Restaurant Fredi|H1873PGkarinw|5|2021-06-23
Restaurant Fredi|stehuber|5|2021-06-22
Restaurant Fredi|zumstlen|5|2021-06-22
Restaurant Fredi|5marianne16|5|2021-06-22
Restaurant Fredi|XLR_2|5|2021-06-22
Restaurant Fredi|Julia2029|5|2021-06-22
Restaurant Fredi|Connector67445319494|5|2021-06-21
Restaurant Fredi|BasilA178|5|2021-06-21
Restaurant Fredi|kimmiebear01|5|2021-06-21
Restaurant Fredi|torrellisa|5|2021-06-21
Restaurant Fredi|SPGiuliana|5|2021-06-19
Restaurant Fredi|887ptw|5|2021-06-17
Restaurant Fredi|Winti1234|5|2021-06-17
Restaurant Fredi|nafrische|5|2021-05-31
Restaurant Fredi|594fritzd|5|2021-05-27
Restaurant Fredi|Oertli|5|2021-05-23
Restaurant Fredi|Ruth_Ulrich1|5|2021-05-07
Restaurant Fredi|CH_Pascal_CH|5|2021-04-28
Restaurant Fredi|steinrainer21|5|2021-04-22
Restaurant Fredi|Macron_OZ|5|2020-12-01
Restaurant Fredi|Mala82|4|2020-11-27
Restaurant Fredi|321claudiak|2|2020-11-11
Restaurant Fredi|TamaraR1950|5|2020-11-04
Restaurant Fredi|SarahS13288|5|2020-10-14
Restaurant Fredi|bernardf135|1|2020-09-26
Restaurant Fredi|Meliott|5|2020-08-19
Restaurant Fredi|SarahS13288|5|2020-08-11
Restaurant Fredi|manof26|1|2020-07-10
Restaurant Fredi|Chrigel2014|5|2020-07-08
Restaurant Fredi|hello_again_1|4|2020-06-14
Restaurant Fredi|Oertli|5|2020-06-12
Restaurant Fredi|LiChang1990|5|2020-06-09
Restaurant Fredi|acast71|5|2020-05-29
Restaurant Fredi|RolfC_12|5|2020-05-25
Restaurant Fredi|snah_regim|5|2020-03-12
Restaurant Fredi|22SandroF|5|2020-03-07
Restaurant Fredi|zubar4|5|2020-02-29
Restaurant Fredi|Seebi-Tower|5|2020-01-23
Restaurant Fredi|Oertli|5|2020-01-12
Restaurant Fredi|christophkueng|5|2019-12-19
Restaurant Fredi|CorinnevB|5|2019-11-23
Restaurant Fredi|Mala82|4|2019-11-23
Restaurant Fredi|atomuwka|5|2019-11-07
Restaurant Fredi|Marlisvanderbergen|5|2019-10-21
Restaurant Fredi|Loxiran|3|2019-10-21
Restaurant Fredi|creativework_pascal|5|2019-09-30
Restaurant Fredi|the0nem|5|2019-09-29
Restaurant Fredi|393judithm|5|2019-09-27
Restaurant Fredi|292alexandras|5|2019-09-25
Restaurant Bahnhöfli Oberi|death75|5|2024-02-14
Restaurant Bahnhöfli Oberi|DaliyahA|5|2023-10-13
Restaurant Bahnhöfli Oberi|Sightseer14065512661|5|2023-09-19
Restaurant Bahnhöfli Oberi|Navigator02708940063|5|2023-09-19
Restaurant Bahnhöfli Oberi|Mariranna|4|2023-09-10
Restaurant Bahnhöfli Oberi|Tour36080998088|3|2023-07-21
Restaurant Bahnhöfli Oberi|Resort54023572861|5|2023-07-01
Restaurant Bahnhöfli Oberi|Trip45911374978|5|2023-06-02
Restaurant Bahnhöfli Oberi|Departure25277530155|5|2023-04-17
Restaurant Bahnhöfli Oberi|Navigate05032474159|5|2023-04-05
Restaurant Bahnhöfli Oberi|Wolf505|5|2022-10-25
Restaurant Bahnhöfli Oberi|heinzw401|5|2022-04-01
Restaurant Bahnhöfli Oberi|Ricklin112|4|2022-03-13
Restaurant Bahnhöfli Oberi|ginogb|4|2022-02-18
Restaurant Bahnhöfli Oberi|Safari31967595145|5|2022-02-02
Restaurant Bahnhöfli Oberi|Suri-from-Winterthur|4|2018-06-04
Restaurant Bahnhöfli Oberi|671beatriceh|5|2018-05-12
Restaurant Bahnhöfli Oberi|corinnem859|4|2017-12-22
Restaurant Bahnhöfli Oberi|777stefanu|4|2017-09-25
Restaurant Bahnhöfli Oberi|arlicht55|4|2017-09-20
Restaurant Bahnhöfli Oberi|mitte|5|2017-04-20
Restaurant Bahnhöfli Oberi|chkx|3|2017-03-12
Restaurant Bahnhöfli Oberi|BBlattmer|5|2017-03-08
Restaurant Bahnhöfli Oberi|cheeky-kea|4|2017-02-27
Eschenberg|Odyssey06517583631|1|2023-09-10
Eschenberg|anastasiagP128AR|5|2023-09-10
Eschenberg|aede59|5|2023-08-28
Eschenberg|wyss|1|2023-08-14
Eschenberg|andreah462|5|2023-08-03
Eschenberg|505tobiass|5|2023-07-08
Eschenberg|Wychrwin|5|2023-06-15
Eschenberg|drichh133|2|2023-06-07
Eschenberg|UrsS75|1|2023-06-01
Eschenberg|Z1841XVmattheww|1|2023-05-29
Eschenberg|Flyer26862740876|4|2023-05-28
Eschenberg|Asereth|2|2023-04-30
Eschenberg|527elektras|5|2023-03-09
Eschenberg|amueller123|2|2023-02-04
Eschenberg|MosiSteve|4|2022-12-18
Eschenberg|thomas_bless|4|2022-11-19
Eschenberg|Jona_Mueller|5|2022-09-09
Eschenberg|Hexli15|4|2022-08-26
Eschenberg|Tramjem|2|2022-08-25
Eschenberg|Themazu|1|2022-07-21
Eschenberg|Sitka55|5|2021-05-24
Eschenberg|LuLyChr|5|2020-10-18
Eschenberg|Fluppi1975|2|2020-09-28
Eschenberg|HanspeterF938|2|2020-08-09
Eschenberg|miraebi|1|2020-07-21
Eschenberg|cocotripadv|1|2020-07-11
Eschenberg|christiansH8791VK|5|2020-06-28
Eschenberg|MarkusG1855|1|2020-06-21
Eschenberg|wyss|4|2020-06-02
Eschenberg|uhestoerer|5|2020-02-09
Eschenberg|b-wila|5|2020-01-16
Eschenberg|valbertinchen|5|2019-08-25
Eschenberg|AndreasB898|4|2019-08-08
Eschenberg|BBlattmer|5|2019-08-05
Eschenberg|Moosacker|2|2019-06-27
Eschenberg|johannesw764|4|2019-06-07
Eschenberg|Jochanan658|4|2019-04-29
Eschenberg|hermilo47|4|2019-01-16
Eschenberg|AMD-Travel-CH|4|2018-09-09
Eschenberg|Sightseer745659|5|2018-08-07
Eschenberg|peterbZ3522EQ|5|2018-07-08
Eschenberg|AlbaTroS_BaePuh|5|2018-06-23
Eschenberg|Lavendeli|5|2017-11-04
Eschenberg|EllenbergerC|5|2017-10-31
Eschenberg|Salvatore2608|5|2017-10-28
Eschenberg|54cara|5|2017-09-21
Eschenberg|EdiBa683|4|2017-08-29
Eschenberg|ChristophH1529|5|2017-08-27
Eschenberg|Gloor_M|4|2017-08-25
Eschenberg|kariren|5|2017-08-12
Eschenberg|andreasw930|4|2017-06-25
Eschenberg|123456789lisa|5|2017-06-16
Eschenberg|SebYv|5|2017-03-04
Eschenberg|Tromix11|5|2016-12-30
Eschenberg|th0mas_wi|5|2016-12-18
Eschenberg|nimarokeller|5|2016-12-14
Eschenberg|ChristianM916|4|2016-11-08
Eschenberg|_regional_saisonal_|4|2016-09-16
Eschenberg|andher347|3|2016-09-15
Eschenberg|Sirupsister|5|2016-08-04
Eschenberg|Wander657344|5|2016-07-14
Eschenberg|Bear-Adventure1200|4|2016-05-26
Eschenberg|ElDudinero|5|2016-02-21
Eschenberg|Vespertilio|4|2015-11-27
Eschenberg|Dichterdran|4|2015-10-24
Eschenberg|232philippp|5|2015-09-27
Eschenberg|martinwinti1000|4|2015-09-18
Eschenberg|Jochanan658|4|2015-01-24
Eschenberg|timop481|5|2015-01-11
Eschenberg|petersX8994SC|3|2014-12-19
Eschenberg|Tolla00|3|2014-11-09
Eschenberg|go2014|1|2014-11-08
Eschenberg|SwissTraveller60|3|2014-09-25
Eschenberg|md11_asia|4|2014-08-10
Eschenberg|The_Andronics|1|2014-06-19
Eschenberg|monikap770|1|2014-06-09
Eschenberg|JuergH466|5|2013-01-28
Eschenberg|mamba59|5|2012-09-21
Eschenberg|swissgolftraveller|4|2012-05-21
Eschenberg|344jurajs|3|2019-07-12
Eschenberg|188048Michael|3|2017-01-28
Eschenberg|871haraldf|4|2017-01-01
Restaurant Nägelsee|gurktaler|5|2024-02-02
Restaurant Nägelsee|103ren_w|5|2023-11-02
Restaurant Nägelsee|Hanspeter_Elmer|5|2023-02-25
Restaurant Nägelsee|gurktaler|5|2022-12-29
Restaurant Panetteria|k8555|2|2023-02-23
Restaurant Panetteria|blauersieg|5|2021-09-08
Restaurant Panetteria|Winti_Chris|4|2020-11-15
Restaurant Panetteria|AndreasB4856|5|2020-11-07
Restaurant Panetteria|MarkWinti|1|2020-10-31
Restaurant Panetteria|steinegger|1|2019-11-27
Restaurant Panetteria|yvonnez30|1|2019-04-16
Restaurant Panetteria|Animore3|5|2019-02-04
Restaurant Panetteria|GabriellaS992|5|2018-03-10
Restaurant Panetteria|Ale0000000|4|2017-11-25
Restaurant Panetteria|mullerm65|5|2017-06-12
Restaurant Panetteria|christianb465|5|2017-03-01
Restaurant Panetteria|42katih|4|2017-02-21
Restaurant Panetteria|Dany_K_26|5|2017-02-11
Restaurant Panetteria|NinaD2283|5|2016-08-25
Restaurant Panetteria|MarkusG1855|4|2016-07-21
Restaurant Panetteria|Carmelitaaa|5|2016-04-23
Restaurant Panetteria|LorenaBrunner|5|2016-03-11
Restaurant Panetteria|arfallina1994|5|2016-03-02
Restaurant Panetteria|254theresaa|5|2016-02-10
Restaurant Panetteria|633regulak|4|2016-01-05
Restaurant Panetteria|K9868TJpeters|5|2015-10-07
Restaurant Panetteria|Nibosan|5|2015-09-10
Restaurant Panetteria|Bineo3|5|2015-09-07
Restaurant Panetteria|Stiefel2015|3|2015-09-04
Restaurant Panetteria|562majad|5|2015-09-04
Restaurant Panetteria|583pascaleh|4|2015-09-01
Restaurant Panetteria|F4683PHmartinw|3|2015-08-23
Restaurant Panetteria|Whyback|5|2015-08-18
Restaurant Panetteria|chinchill1|5|2015-08-08
Restaurant Panetteria|Chrigel2014|4|2015-01-07
Restaurant Panetteria|unchBasel|4|2014-12-22
Restaurant Panetteria|nightlyop|5|2014-11-25
Restaurant Panetteria|sch1189|3|2014-11-02
Restaurant Panetteria|mrgoagoa|3|2014-09-09
Restaurant Panetteria|takepic|5|2014-03-01
Restaurant Panetteria|kalikuhe|4|2013-07-26
Restaurant Panetteria|Sakkura|4|2013-03-24
Restaurant Panetteria|Mousheep|5|2016-11-14
Restaurant Panetteria|TheFabRitz|4|2015-10-18
Asia King Nepalesisches Restaurant|EstherP292|5|2024-03-23
Asia King Nepalesisches Restaurant|Tour11918202512|5|2023-05-06
Asia King Nepalesisches Restaurant|277licac|1|2023-04-28
Asia King Nepalesisches Restaurant|cestlaviie|5|2022-11-26
Asia King Nepalesisches Restaurant|danielasV5580CO|5|2022-10-29
Asia King Nepalesisches Restaurant|SBHA77|5|2022-09-12
Asia King Nepalesisches Restaurant|gutlgutl|5|2022-02-04
Asia King Nepalesisches Restaurant|F4683PHmartinw|5|2021-06-09
Asia King Nepalesisches Restaurant|Roxymaus|3|2021-03-06
Asia King Nepalesisches Restaurant|ginawinti|5|2021-02-09
Asia King Nepalesisches Restaurant|wonled|5|2020-10-30
Asia King Nepalesisches Restaurant|Geniesseundlebe1966|4|2020-10-18
Asia King Nepalesisches Restaurant|anda561|5|2020-08-04
Asia King Nepalesisches Restaurant|Krisadhikari|5|2020-07-26
Asia King Nepalesisches Restaurant|Sukra|4|2020-05-30
Asia King Nepalesisches Restaurant|ManuSwiss1|5|2020-02-08
Asia King Nepalesisches Restaurant|ab7111|4|2020-02-04
Asia King Nepalesisches Restaurant|prabin061|5|2020-02-02
Asia King Nepalesisches Restaurant|MarcoDirk|5|2020-01-16
Asia King Nepalesisches Restaurant|Travelaround2016|4|2019-12-26
Asia King Nepalesisches Restaurant|asokm|4|2019-12-04
Asia King Nepalesisches Restaurant|hermilo47|4|2019-10-21
Asia King Nepalesisches Restaurant|beatus1|5|2019-09-08
Asia King Nepalesisches Restaurant|_Jaenne_2019|5|2019-08-03
Asia King Nepalesisches Restaurant|TiKoWi|4|2019-04-01
Asia King Nepalesisches Restaurant|HoudinisQuest|5|2019-03-25
Asia King Nepalesisches Restaurant|nbQ7049VN|5|2019-01-03
Asia King Nepalesisches Restaurant|ttomisto74|5|2018-11-25
Asia King Nepalesisches Restaurant|marinawinti|5|2018-11-15
Asia King Nepalesisches Restaurant|strke|4|2018-11-13
Asia King Nepalesisches Restaurant|nadjacarina|5|2018-10-09
Asia King Nepalesisches Restaurant|Storyteller814834|5|2018-09-12
Asia King Nepalesisches Restaurant|UrsB207|5|2018-08-23
Asia King Nepalesisches Restaurant|807rolfh|5|2018-08-03
Asia King Nepalesisches Restaurant|ClaudiaT2398|5|2018-07-29
Asia King Nepalesisches Restaurant|monikadN4407RJ|5|2018-07-29
Asia King Nepalesisches Restaurant|besnikgamer320|5|2018-07-23
Asia King Nepalesisches Restaurant|atrickI365|5|2018-07-14
Asia King Nepalesisches Restaurant|monikaz696|5|2018-07-14
Asia King Nepalesisches Restaurant|671beatriceh|5|2018-07-14
Asia King Nepalesisches Restaurant|Suryabast|5|2018-07-04
Asia King Nepalesisches Restaurant|nbQ7049VN|5|2018-07-04
Asia King Nepalesisches Restaurant|Eviafra|5|2018-07-02
Asia King Nepalesisches Restaurant|ThomasH8908|5|2018-07-02
Asia King Nepalesisches Restaurant|689clowi|5|2018-06-29
Asia King Nepalesisches Restaurant|364ugyend|5|2020-07-23
Asia King Nepalesisches Restaurant|tandinyesheyd|5|2020-07-16
Asia King Nepalesisches Restaurant|samdrupn2020|5|2020-07-16
Asia King Nepalesisches Restaurant|puzza1234|5|2020-06-29
Asia King Nepalesisches Restaurant|939charminge|5|2020-06-19
Asia King Nepalesisches Restaurant|Dippen3|5|2019-10-11
Asia King Nepalesisches Restaurant|Sofia12z|5|2019-09-05
Asia King Nepalesisches Restaurant|achutp2016|5|2019-07-23
Central|Relax30818459381|5|2024-03-03
Central|Explorer40710125281|5|2024-01-21
Central|gurktaler|3|2022-10-24
Showroom Vinothek Pavin|Schmidi6107|5|2021-01-30
Showroom Vinothek Pavin|mario_pcro|5|2021-01-08
Showroom Vinothek Pavin|MM_Genuss|5|2019-07-23
Erb Bistro|Metalbirdb707|5|2020-06-21
Fahrenheit|Curious33161231951|1|2023-09-23
Fahrenheit|GiorgioB286|5|2022-10-26
Fahrenheit|MarkWinti|3|2020-11-28
Fahrenheit|JandCe|5|2018-07-16
Fahrenheit|Romifers|3|2017-09-26
Fahrenheit|jasmins963|4|2017-08-18
Fahrenheit|FloWantsToEAT|3|2017-01-30
Fahrenheit|952tizians|5|2016-10-28
Fahrenheit|spielmanna|5|2016-08-14
Fahrenheit|nadja|3|2016-06-13
Fahrenheit|Zafer64|1|2016-05-09
Fahrenheit|kikky1|3|2016-04-03
Fahrenheit|derpicknicker3000|4|2015-11-07
Fahrenheit|Andriiin|4|2015-09-25
Fahrenheit|jasmine_winti|4|2015-03-23
Fahrenheit|Inappix|3|2014-08-26
Fahrenheit|benobene|5|2013-08-30
Fahrenheit|Oldsmobil|4|2013-05-26
Fahrenheit|OliverA397|4|2012-08-31
Fahrenheit|tzb_12|3|2012-05-23
Fahrenheit|EvaR272|3|2012-01-19
Fahrenheit|annina13|3|2011-01-27
Fahrenheit|kayak1234|4|2011-01-09
Fahrenheit|travellingbuzz|4|2016-08-02
Fahrenheit|ynnp505|4|2015-11-11
Fahrenheit|missyperu|5|2014-08-08
Fahrenheit|njac_13|4|2013-12-06
Portier|952tizians|5|2017-05-07
Portier|Janine413|5|2017-04-26
Portier|Swinton70|5|2016-09-03
Portier|Su_Rob_CanaleGrande|4|2016-08-28
Portier|amelliger|5|2016-04-25
Portier|Satoriosaka|4|2016-04-20
Portier|denise_4800|4|2016-02-18
Portier|454judithk|4|2016-02-05
Portier|momuwi|4|2015-09-09
Portier|Rubigencity|4|2015-09-08
Portier|Superhirn|4|2015-06-18
Portier|valerieh251|5|2014-10-12
Portier|117|4|2014-01-07
Portier|Aqua1973|5|2013-08-13
Portier|msspanda|5|2013-02-09
Portier|zwitscher|5|2013-07-25
Restaurant KafiMüli|daryljessie|1|2023-09-28
Restaurant KafiMüli|teimen|5|2019-07-30
Restaurant KafiMüli|Jochanan658|5|2019-07-16
Restaurant KafiMüli|winterthur2015|5|2019-06-17
Restaurant KafiMüli|Sidsim|5|2019-06-14
Restaurant KafiMüli|angelabl87|5|2019-06-14
Restaurant Barnabas|Mobile13601165774|5|2024-05-08
Restaurant Barnabas|swisseva|5|2024-05-07
Restaurant Barnabas|W7597Fink|3|2024-02-18
Restaurant Barnabas|Emi7411|5|2023-11-24
Restaurant Barnabas|Matthea_01|4|2023-07-03
Restaurant Barnabas|marcusfR8155HJ|4|2023-05-20
Restaurant Barnabas|Geniesseundlebe1966|3|2022-06-24
Restaurant Barnabas|513gilbertes|2|2020-03-01
Restaurant Barnabas|winti93|5|2019-12-01
Restaurant Barnabas|Nela161|3|2019-07-26
Restaurant Barnabas|nates825|3|2019-07-09
Restaurant Barnabas|hahuh|4|2019-03-02
Restaurant Barnabas|andreasoeldi|4|2019-02-20
Restaurant Barnabas|Mala82|4|2019-02-15
Restaurant Barnabas|Christine_Ryser|4|2019-01-27
Restaurant Barnabas|Anjalisp|5|2018-09-14
Restaurant Barnabas|UweE162|5|2018-07-18
Restaurant Barnabas|Superhirn|4|2018-04-04
Restaurant Barnabas|TonjaS35|1|2018-01-13
Restaurant Barnabas|200danielas|3|2018-01-13
Restaurant Barnabas|AnjaSelin|5|2017-12-05
Restaurant Barnabas|chris_Curler|4|2017-10-14
Restaurant Barnabas|BBlattmer|5|2017-10-04
Restaurant Barnabas|65sabrinam|4|2017-09-15
Restaurant Barnabas|user_tobi|5|2017-08-05
Restaurant Barnabas|Bohrpe|3|2017-05-14
Restaurant Barnabas|Dadel_12|5|2017-02-15
Restaurant Barnabas|NiSiGi|5|2016-12-23
Restaurant Barnabas|Serina-777|5|2016-10-25
Restaurant Barnabas|FlyGripen|4|2016-09-17
Restaurant Barnabas|Brachur|5|2016-07-27
Restaurant Barnabas|Mibelomi|4|2016-07-20
Restaurant Barnabas|jasim2016|5|2016-07-09
Restaurant Barnabas|OlivierG1993|5|2016-06-17
Restaurant Barnabas|josianneb2019|5|2016-05-08
Restaurant Barnabas|LukasGerosa|5|2016-03-10
Restaurant Barnabas|OliverA397|5|2016-02-10
Restaurant Barnabas|wal0n|5|2016-01-09
Restaurant Barnabas|Mala82|4|2015-08-07
Restaurant Barnabas|stephdo999|3|2015-06-24
Restaurant Barnabas|GoNads81|5|2015-06-01
Restaurant Barnabas|Valentino058|5|2015-05-03
Restaurant Barnabas|andg222|5|2015-04-14
Restaurant Barnabas|havanah2015|1|2015-02-25
Restaurant Barnabas|WATCH2013|4|2015-01-27
Restaurant Barnabas|TTo-the-Bike1964|4|2014-12-01
Restaurant Barnabas|assepartout58|4|2014-11-23
Restaurant Barnabas|nils8519|5|2014-10-31
Restaurant Barnabas|Mila9091|5|2014-09-08
Restaurant Barnabas|MarkP460|5|2014-05-24
Restaurant Barnabas|vastraumann|4|2014-03-17
Restaurant Barnabas|BrunoJ385|4|2014-03-16
Restaurant Barnabas|117|4|2014-02-21
Restaurant Barnabas|jasmine_winti|5|2014-01-22
Restaurant Barnabas|Radvila|4|2012-01-06
Restaurant Barnabas|sharko9000|4|2011-11-15
Restaurant Barnabas|hanc69|4|2011-10-28
Restaurant Barnabas|482claudiav|3|2019-10-09
Restaurant Barnabas|annagT7445DV|5|2019-09-12
Restaurant Barnabas|184Mosey|5|2017-07-19
Restaurant Barnabas|klausiv|5|2017-02-13
Restaurant Barnabas|sgec1105|4|2016-06-15
Restaurant Barnabas|meduc11|3|2014-07-07
Restaurant Barnabas|Jpt68|5|2014-07-05
Restaurant Barnabas|njac_13|5|2013-12-06
Restaurant Barnabas|Morrovalle|3|2013-07-01
Indian King with Pizza|alemaus76|5|2019-03-28
Indian King with Pizza|amelliger|5|2019-03-07
Indian King with Pizza|Le_Bodo|5|2018-12-09
Restaurant Burehus|amueller123|5|2023-02-04
Restaurant Burehus|LounesI1|3|2021-12-29
Restaurant Burehus|Widehopf|5|2019-09-27
Restaurant Burehus|OCK64|3|2019-01-15
Restaurant Burehus|Waterpolo1s|4|2018-12-19
Restaurant Burehus|hli11|4|2018-08-23
Restaurant Burehus|Waterpolo1s|5|2018-03-29
Restaurant Burehus|Salvatore2608|4|2017-10-19
Restaurant Burehus|Waterpolo1s|5|2016-09-30
Tom Yam|Go28512442551|5|2024-01-27
Tom Yam|una4sol|4|2023-04-28
Tom Yam|Tour64501459094|5|2023-02-20
Tom Yam|Damukles|5|2022-09-24
Tom Yam|ukyonline|4|2022-03-28
Tom Yam|ChrisCH62|4|2021-10-03
Tom Yam|LasVegas2323|4|2020-11-21
Tom Yam|muecke|5|2020-08-28
Tom Yam|seepferdchen2016|5|2020-06-13
Tom Yam|kp235|5|2020-01-12
Tom Yam|t-Hotel|5|2019-08-13
Tom Yam|ChristianeL879|5|2019-07-28
Tom Yam|321claudiak|5|2019-06-13
Tom Yam|Gujgt|5|2019-04-28
Tom Yam|8409|5|2019-02-02
Tom Yam|KoniB10|5|2018-12-05
Tom Yam|paesche_w|5|2018-11-16
Tom Yam|schtummi|4|2018-08-09
Tom Yam|desireehandschin|5|2018-07-22
Tom Yam|Swissrobin|5|2018-07-09
Tom Yam|453kurtb|5|2018-02-20
Tom Yam|dithschellenberg|5|2018-02-12
Tom Yam|tkb29122017|5|2017-12-29
Tom Yam|453kurtb|4|2017-11-29
Tom Yam|mrgoagoa|4|2017-08-08
Tom Yam|Suri-from-Winterthur|3|2017-08-03
Tom Yam|Saemi1986|5|2017-04-10
Tom Yam|ab7111|4|2017-04-02
Tom Yam|Murmelfell|5|2017-03-05
Tom Yam|517marcelf|4|2016-12-14
Tom Yam|seepferdchen2016|5|2016-12-01
Tom Yam|dominikd687|2|2016-10-13
Tom Yam|SatashaS|2|2016-10-10
Tom Yam|Bebbi75|5|2016-08-24
Tom Yam|661walkerb|4|2016-08-20
Tom Yam|Joel_tri|4|2016-06-12
Tom Yam|Geburtst|5|2016-05-17
Tom Yam|seepferdchen2016|5|2016-02-01
Tom Yam|nunst|1|2016-01-31
Tom Yam|Heinz_Prag|4|2015-05-08
Tom Yam|wallis66|5|2014-09-01
Tom Yam|carmeng176|3|2014-08-21
Tom Yam|Gourmet_T23|3|2014-05-02
Tom Yam|giantusker|5|2014-04-07
Tom Yam|117|4|2014-02-21
Tom Yam|sabri1983|4|2014-01-26
Tom Yam|sabinek336|5|2013-11-28
Tom Yam|DanieleUlrich|5|2013-08-09
Tom Yam|marphil66|4|2013-08-09
Tom Yam|timb0t|5|2013-07-11
Tom Yam|cheeky-kea|4|2013-03-15
Tom Yam|22SandroF|3|2013-02-17
Tom Yam|mr_pa_sch|4|2012-10-13
Tom Yam|thaipower13|5|2012-09-14
Tom Yam|aco_Switzerland|5|2012-09-01
Tom Yam|Feinschmecker_Paar|4|2012-07-18
Tom Yam|manolo1896|5|2012-06-13
Tom Yam|pkb_ch|5|2012-02-25
Tom Yam|Corina_ZH|5|2012-02-07
Tom Yam|Regula_1968|5|2011-11-22
Tom Yam|stephdo999|5|2011-07-28
Tom Yam|weltentdeckerli|5|2017-02-27
Tom Yam|sakR9958LE|4|2016-02-12
Tom Yam|Joe_Shlabotnik|4|2016-01-29
Tom Yam|uyresdu|5|2015-12-11
Tom Yam|mikey23man|3|2014-08-08
Tom Yam|Ziocass|4|2013-09-12
Tom Yam|walteroakes|5|2012-08-21
Ristorante Rosa dei Venti|MikeLeeW|4|2017-10-21
Emma Bett Und Bistro|wintibelle|5|2020-11-29
Restaurant Concordia|537ursw|5|2024-07-20
Restaurant Concordia|592haraldr|4|2024-07-06
Restaurant Concordia|Sonne0208|5|2024-04-07
Restaurant Boulevard|Roam26228367371|5|2023-11-24
Restaurant Boulevard|Zehnd|1|2022-08-28
Restaurant Boulevard|ISRASWISS|1|2019-02-23
Restaurant Boulevard|FormerCaliBoy|4|2018-03-03
Gasthof Traube|SirahM09|5|2024-03-23
Gasthof Traube|Epidavrios|4|2023-01-13
Gasthof Traube|646anitad|5|2021-05-13
Gasthof Traube|Markus8050|5|2020-06-14
Gasthof Traube|Hallaugia|5|2019-09-22
Gasthof Traube|Wolf505|5|2019-08-19
Gasthof Traube|thomasdJ7198WV|4|2019-05-26
Gasthof Traube|Skarholt|5|2019-03-02
Gasthof Traube|670rosas|5|2018-08-15
Gasthof Traube|Locilog|4|2018-04-30
Gasthof Traube|ymike1|5|2017-10-14
Gasthof Traube|abrizioapa|5|2017-07-18
Gasthof Traube|jakamasch|4|2017-05-07
Gasthof Traube|Grischa26|3|2017-01-15
Gasthof Traube|Salvatore2608|4|2016-12-18
Gasthof Traube|zipperbysam|4|2016-05-01
Gasthof Traube|achc|4|2016-02-27
Gasthof Traube|tmbohnert|4|2016-10-29
Thurbinä|G7391WVnicks|5|2021-08-30
Thurbinä|RibiT2|5|2021-08-13
Thurbinä|548Monica|5|2021-08-11
Cafe Restaurant Obergass|866j_rgd|5|2023-06-23
Cafe Restaurant Obergass|c8mobile|2|2022-11-24
Cafe Restaurant Obergass|hgutmann|4|2021-06-21
Cafe Restaurant Obergass|silvanselina|5|2020-10-21
Cafe Restaurant Obergass|983larak|5|2019-08-05
Cafe Restaurant Obergass|chris_Curler|4|2019-08-03
Cafe Restaurant Obergass|matthiass583|4|2019-01-25
Cafe Restaurant Obergass|schnei|4|2019-01-20
Cafe Restaurant Obergass|JuAck|5|2018-08-28
Cafe Restaurant Obergass|FritzH161|4|2017-12-22
Cafe Restaurant Obergass|prisum1961|5|2017-10-02
Cafe Restaurant Obergass|Q5047SBdaniels|4|2017-09-07
Cafe Restaurant Obergass|jummyfun|5|2017-06-27
Cafe Restaurant Obergass|Lynissea|5|2017-03-26
Cafe Restaurant Obergass|EstherW551|4|2017-02-15
Cafe Restaurant Obergass|X3453PGsilviam|4|2017-02-08
Cafe Restaurant Obergass|miohi|4|2017-01-27
Cafe Restaurant Obergass|corinner847|5|2017-01-20
Cafe Restaurant Obergass|martinkH296TO|5|2016-12-18
Cafe Restaurant Obergass|FabianG1681|4|2016-12-10
Cafe Restaurant Obergass|sbethe|5|2016-12-01
Cafe Restaurant Obergass|JonasK786|5|2016-10-29
Cafe Restaurant Obergass|Schnatterinchen67|5|2016-10-18
Cafe Restaurant Obergass|slan479|5|2016-08-20
Cafe Restaurant Obergass|winterthur2015|5|2016-07-04
Cafe Restaurant Obergass|Andriiin|5|2016-06-18
Cafe Restaurant Obergass|548pl|5|2016-05-06
Cafe Restaurant Obergass|pegonzales123|5|2016-02-20
Cafe Restaurant Obergass|Clem147|5|2015-11-17
Cafe Restaurant Obergass|h8400|5|2015-11-03
Cafe Restaurant Obergass|bj847|5|2015-10-12
Cafe Restaurant Obergass|Suri-from-Winterthur|4|2015-09-10
Cafe Restaurant Obergass|jurgastettler_CH|3|2015-07-12
Cafe Restaurant Obergass|Soledad6|4|2015-07-08
Cafe Restaurant Obergass|MZ-CH|5|2015-07-07
Cafe Restaurant Obergass|548pl|5|2015-05-20
Cafe Restaurant Obergass|ClaudiaD1967|5|2014-12-02
Cafe Restaurant Obergass|marphil66|4|2014-09-01
Cafe Restaurant Obergass|WernerB600|4|2014-03-04
Cafe Restaurant Obergass|ucullax|4|2013-08-11
Cafe Restaurant Obergass|gerschellenberg|4|2012-12-05
Cafe Restaurant Obergass|Oldsmobil|4|2012-05-28
Cafe Restaurant Obergass|Inspheration|5|2012-01-15
Cafe Restaurant Obergass|swissgolftraveller|4|2011-01-27
Cafe Restaurant Obergass|Eglisau|5|2010-12-19
Cafe Restaurant Obergass|BeverleyGw|3|2020-02-24
Cafe Restaurant Obergass|martinkH296TO|5|2019-08-07
Cafe Restaurant Obergass|Mjtravelers|4|2018-03-03
Cafe Restaurant Obergass|Chrigel2014|4|2017-11-06
Cafe Restaurant Obergass|344jurajs|4|2017-01-08
Cafe Restaurant Obergass|TheFabRitz|4|2015-10-18
Cafe Restaurant Obergass|stronggale|5|2015-10-09
Cafe Restaurant Obergass|sgpboston|5|2015-06-04
Cafe Restaurant Obergass|Nitinkus|5|2014-11-24
Restaurant Trübli|alexandermL9966XQ|5|2024-08-17
Restaurant Trübli|siewillwas|5|2024-08-14
Restaurant Trübli|Trek40708704414|5|2024-07-17
Restaurant Trübli|RolandoGiuseppe|5|2024-07-17
Restaurant Trübli|SteffiM277|5|2024-02-16
Restaurant Trübli|Andre_xyz|5|2024-02-04
Restaurant Trübli|thomasdumm|5|2024-01-19
Restaurant Trübli|GehrigRene|5|2024-01-04
Restaurant Trübli|Traveler383666|5|2023-12-31
Restaurant Trübli|ghisi2|5|2023-12-12
Restaurant Trübli|yvonnes31|5|2023-11-07
Restaurant Trübli|Maps47787497580|5|2023-10-15
Restaurant Trübli|Trip46000017388|5|2023-10-09
Restaurant Trübli|B8713ACgabrielab|5|2023-10-07
Restaurant Trübli|Oertli|5|2023-10-06
Restaurant Trübli|Footprints671635|5|2023-09-14
Restaurant Trübli|gulakeller|5|2023-08-11
Restaurant Trübli|152arminz|5|2023-07-25
Restaurant Trübli|F5334WErobins|5|2023-06-27
Restaurant Trübli|vestravelling92|5|2023-06-11
Restaurant Trübli|Nomad02050882467|5|2023-05-23
Restaurant Trübli|Andreasprimo|5|2023-05-05
Restaurant Trübli|petepills|5|2023-03-15
Restaurant Trübli|947wernerb|5|2023-02-19
Restaurant Trübli|Ferienerholung|5|2023-01-30
Restaurant Trübli|petersW8967PG|5|2023-01-25
Restaurant Trübli|miro0087|5|2023-01-14
Restaurant Trübli|MarkWinti|4|2022-11-27
Restaurant Trübli|735rolande|5|2022-11-11
Restaurant Trübli|Ilse718413|5|2022-11-11
Restaurant Trübli|Ste33838|5|2022-09-27
Restaurant Trübli|hasank20672|5|2022-09-17
Restaurant Trübli|asweb92|5|2022-08-30
Restaurant Trübli|MartinaZ4983|5|2022-08-27
Restaurant Trübli|manfredm130|5|2022-07-27
Restaurant Trübli|966j_rgw|5|2022-06-16
Restaurant Trübli|Rinolezzo|5|2022-05-04
Restaurant Trübli|930danilod|4|2022-05-01
Restaurant Trübli|B2382OIlorenab|5|2022-04-30
Restaurant Trübli|manfredm130|5|2022-04-03
Restaurant Trübli|davidbM8297ZP|5|2022-03-01
Restaurant Trübli|dominikg2013|5|2022-01-27
Restaurant Trübli|340barisa|5|2022-01-27
Restaurant Trübli|Oetschi5|5|2021-11-29
Restaurant Trübli|ymartins|5|2021-11-17
Restaurant Trübli|degebiss26|5|2021-10-03
Restaurant Trübli|wundermaitli|5|2021-10-02
Restaurant Trübli|mela_u_so|5|2021-09-29
Restaurant Trübli|Laura1568|3|2021-07-27
Restaurant Trübli|Melapos|5|2021-07-23
Restaurant Trübli|NickSwinterthur|5|2021-07-14
Restaurant Trübli|alexandrasA7784MM|5|2021-07-14
Restaurant Trübli|Su_Winterthur|5|2021-07-12
Restaurant Trübli|ancisbacon1|5|2021-06-21
Restaurant Trübli|JeannineR149|5|2021-06-12
Restaurant Trübli|ymartins|5|2021-06-04
Restaurant Trübli|Aloiratola|5|2021-06-04
Restaurant Trübli|schneip|5|2020-12-13
Restaurant Trübli|IvanSciarrone|5|2020-11-13
Restaurant Trübli|jennyswissthaigal|4|2020-11-02
Restaurant Trübli|942wlade|5|2020-10-29
Restaurant Trübli|SimonAmrein|2|2020-10-07
Restaurant Trübli|alyssadiniac|5|2020-09-30
Restaurant Trübli|Agnehm1985|5|2020-09-28
Restaurant Trübli|GabriellaS992|5|2020-09-04
Restaurant Trübli|Trueblifan|5|2020-08-13
Restaurant Trübli|pe15|5|2020-08-13
Restaurant Trübli|utzzierbeck|5|2020-08-12
Restaurant Trübli|michaelsK9897NY|5|2020-08-08
Restaurant Trübli|ChristophM1253|5|2020-08-05
Restaurant Trübli|strindli|5|2020-08-04
Restaurant Trübli|manof26|5|2020-07-10
Restaurant Trübli|ssismore|5|2020-07-08
Restaurant Trübli|nightlyop18|5|2020-07-05
Restaurant Trübli|WERMEI|5|2020-06-27
Restaurant Trübli|Frangi79|5|2020-05-26
Restaurant Trübli|LordMato|5|2020-03-11
Restaurant Trübli|JohnC2913|5|2020-03-07
Restaurant Trübli|gulakeller|5|2020-03-06
Restaurant Trübli|alexandrasA7784MM|5|2020-02-28
Restaurant Trübli|vastraumann|5|2020-01-27
Restaurant Trübli|RobinT2072|5|2020-01-23
Restaurant Trübli|Sullivan8304|5|2020-01-10
Restaurant Trübli|theZinis|5|2020-01-10
Restaurant Trübli|Didi_F222|5|2020-01-10
Restaurant Trübli|893chris|5|2020-01-10
Restaurant Trübli|_s_wehrli|5|2019-12-19
Restaurant Trübli|A6388GXchristianm|5|2019-12-18
Restaurant Trübli|mikesA9197UL|5|2019-12-15
Restaurant Trübli|hurschlerw|5|2019-12-13
Restaurant Trübli|Hugo_1b|5|2019-12-07
Restaurant Trübli|muel3|5|2019-11-13
Restaurant Trübli|ngoh376|5|2019-11-08
Restaurant Trübli|Wintijaneontour|5|2019-11-07
Restaurant Trübli|NathaliePerucchi|5|2019-10-28
Restaurant Trübli|N4263UCclaudiop|5|2019-10-28
Restaurant Trübli|svrvphvm|5|2019-10-25
Restaurant Trübli|jung4|5|2019-10-19
Restaurant Trübli|Athanasios999|5|2019-10-14
Restaurant Trübli|ascaleHonegger|5|2019-10-14
Restaurant Trübli|BenjaminB3982|5|2019-10-09
Restaurant Trübli|19_tha_93|5|2019-10-05
Restaurant Trübli|hesloveslo19D|5|2019-10-03
Restaurant Trübli|Mala82|5|2019-09-20
Restaurant Trübli|Nice1964|5|2019-09-15
Restaurant Trübli|giankatiu|5|2019-09-14
Restaurant Trübli|Koenigskerze|5|2019-09-14
Restaurant Trübli|mikesY2461LE|5|2019-09-06
Restaurant Trübli|MaesiTG|5|2019-08-18
Restaurant Trübli|niwinti|5|2019-08-17
Restaurant Trübli|Brunner1985|5|2019-08-14
Restaurant Trübli|Riekli|5|2019-08-06
Restaurant Trübli|MrTinu21|5|2019-08-02
Restaurant Trübli|bitingfish|5|2019-07-28
Restaurant Trübli|202christians|5|2019-07-28
Restaurant Trübli|AundSDachsen|5|2019-07-25
Restaurant Trübli|Weisslingen|5|2019-07-21
Restaurant Trübli|ursemch|5|2019-07-19
Restaurant Trübli|OlivierR639|5|2019-07-18
Restaurant Trübli|slythaxl|5|2019-07-18
Restaurant Trübli|Leolotte0410|5|2019-07-13
Restaurant Trübli|marusereu|5|2019-07-13
Restaurant Trübli|LauraE3520|5|2019-07-05
Restaurant Trübli|RichardP5637|5|2019-06-26
Restaurant Trübli|Erieck|5|2019-06-21
Restaurant Trübli|CorinaP337|5|2019-06-21
Restaurant Trübli|M_K_Brunner|5|2019-06-14
Restaurant Trübli|921aem|5|2019-06-12
Restaurant Trübli|156damiank|5|2019-06-12
Restaurant Trübli|CoWa75|5|2019-06-08
Restaurant Trübli|monacodibavaria1516|5|2019-06-07
Restaurant Trübli|Libertetoujours|5|2019-06-06
Restaurant Trübli|AleeeeeeeJJ|5|2019-06-05
Restaurant Trübli|Tolla00|5|2019-06-02
Restaurant Trübli|Maryni13|5|2019-06-01
Restaurant Trübli|IlikePostcards|5|2019-06-01
Restaurant Trübli|soli222|5|2019-06-01
Restaurant Trübli|GeckoGourmet|5|2019-06-01
Restaurant Trübli|vegidebi|5|2019-05-31
Restaurant Trübli|Joschua18|5|2019-05-31
Restaurant Trübli|droCastano|5|2019-05-30
Restaurant Trübli|Swohlfeil|5|2019-05-25
Restaurant Trübli|ambosapenti|5|2019-05-25
Restaurant Trübli|uisan949|5|2019-05-23
Restaurant Trübli|danielsR2871VT|5|2019-05-22
Restaurant Trübli|stefunnyw|5|2019-05-21
Restaurant Trübli|Lololocococo|5|2019-05-21
Restaurant Trübli|JoelK1666|5|2019-05-21
Restaurant Trübli|MarkusG1855|5|2019-05-18
Restaurant Trübli|marfuhrer|5|2019-05-17
Restaurant Trübli|MirjamL169|5|2019-05-17
Restaurant Trübli|madeleine1201|5|2019-05-12
Restaurant Trübli|Misch2|5|2019-05-10
Restaurant Trübli|corinneg2015|5|2019-05-10
Restaurant Trübli|McFishby|5|2019-05-10
Restaurant Trübli|atriina|5|2019-05-05
Restaurant Trübli|Renate77|5|2019-05-05
Restaurant Trübli|bacii|5|2019-05-05
Restaurant Trübli|Anja_Schoeb|5|2019-05-05
Restaurant Trübli|736saskias|5|2019-05-04
Restaurant Trübli|blopp|5|2019-05-03
Restaurant Trübli|siewillwas|5|2019-04-27
Restaurant Trübli|R9467FXdanielar|5|2019-04-27
Restaurant Trübli|gourmetfelix|5|2019-04-20
Restaurant Trübli|Ni_28_13|5|2019-04-17
Restaurant Trübli|Anan02014|4|2019-01-16
Restaurant Trübli|Sandraaa81|4|2019-01-06
Restaurant Trübli|ursulas1062|5|2018-12-11
Restaurant Trübli|G0urmand01|5|2018-10-19
Restaurant Trübli|776andr_s|5|2018-03-03
Restaurant Trübli|noldiimlig|5|2018-01-24
Restaurant Trübli|jo0ker9|5|2018-01-20
Restaurant Trübli|HanspeterL43|1|2017-12-10
Restaurant Trübli|Wilddanny72|5|2017-10-10
Restaurant Trübli|user_tobi|5|2017-09-30
Restaurant Trübli|Suri-from-Winterthur|5|2017-05-17
Restaurant Trübli|W8985AQbrunog|4|2017-02-21
Restaurant Trübli|Nefti2012|3|2016-12-25
Restaurant Trübli|mirop743|4|2016-09-21
Restaurant Trübli|tigerwood177|2|2016-06-04
Restaurant Trübli|sbethe|4|2015-12-17
Restaurant Trübli|279francoisg|3|2015-09-06
Restaurant Trübli|2015TY4|5|2015-08-26
Restaurant Trübli|patricklZ4290BX|5|2015-02-28
Restaurant Trübli|t0c|4|2015-01-24
Restaurant Trübli|Francoisuisse|1|2014-05-17
Restaurant Trübli|269danieles|4|2014-03-12
Restaurant Trübli|Gcolourpoint|5|2013-12-27
Restaurant Trübli|speranto29|5|2013-09-22
Restaurant Trübli|MarkusReinhard|5|2013-09-11
Restaurant Trübli|429marcos|2|2013-08-16
Restaurant Trübli|queen_baba|5|2013-02-03
Restaurant Trübli|tschaese|5|2012-12-19
Restaurant Trübli|Turi_Censer|5|2011-12-13
Restaurant Trübli|sgec1105|4|2018-01-20
Restaurant Trübli|Zacky0711|5|2016-03-15
Restaurant Trübli|sgec1105|3|2015-08-30
Restaurant Trübli|JenniAdams|5|2014-10-09
Western Saloon Restaurant Harmonie|719manfredw|5|2023-04-07
Western Saloon Restaurant Harmonie|Quest59083472139|5|2021-12-14
Western Saloon Restaurant Harmonie|HanspeterF938|4|2021-10-23
Western Saloon Restaurant Harmonie|Martin_P6219|4|2019-01-18
Western Saloon Restaurant Harmonie|Fischer1966|1|2018-12-13
Western Saloon Restaurant Harmonie|szeggy|3|2018-05-28
Western Saloon Restaurant Harmonie|FabyD60|1|2017-11-28
Western Saloon Restaurant Harmonie|jasmins963|3|2017-11-24
Western Saloon Restaurant Harmonie|MartinoSinitalia|4|2017-10-19
Western Saloon Restaurant Harmonie|Hornusser|4|2017-09-21
Western Saloon Restaurant Harmonie|MartinB541|3|2017-02-06
Western Saloon Restaurant Harmonie|RobertoS6608|4|2016-11-11
Western Saloon Restaurant Harmonie|XELA91|2|2016-11-09
Western Saloon Restaurant Harmonie|N1707NGsarahl|5|2016-01-28
Western Saloon Restaurant Harmonie|Weltenhuhn|3|2015-07-09
Western Saloon Restaurant Harmonie|Navigate810512|5|2015-02-02
Western Saloon Restaurant Harmonie|Xander3082|5|2014-09-23
Western Saloon Restaurant Harmonie|Mvvri|4|2013-12-27
Western Saloon Restaurant Harmonie|Suri-from-Winterthur|1|2013-12-18
Western Saloon Restaurant Harmonie|wegestyle|5|2013-12-09
Western Saloon Restaurant Harmonie|Widmausl|5|2013-06-06
Western Saloon Restaurant Harmonie|EditionTwo|5|2013-02-23
Western Saloon Restaurant Harmonie|js-ch-81|4|2012-11-07
Western Saloon Restaurant Harmonie|gigiarosa|4|2011-12-26
Western Saloon Restaurant Harmonie|WorldTraveller201000|4|2011-10-04
Western Saloon Restaurant Harmonie|Morganvdh|5|2017-07-07
Western Saloon Restaurant Harmonie|trkrumm|4|2017-04-10
Western Saloon Restaurant Harmonie|poboxearth|4|2012-07-26
tibits Winterthur|kathrind945|5|2024-03-30
tibits Winterthur|HeRzrEVoLUtiOn|5|2022-11-09
tibits Winterthur|maxbundaberg|5|2021-07-05
tibits Winterthur|adrianr316|5|2020-03-28
tibits Winterthur|N2235QPpeterb|4|2020-03-12
tibits Winterthur|Fibi83|3|2020-02-15
tibits Winterthur|847birgitw|5|2020-01-19
tibits Winterthur|monimaus82|4|2020-01-13
tibits Winterthur|abrausmuc|5|2019-12-26
tibits Winterthur|mocchalett|3|2019-11-16
tibits Winterthur|ErnestoLibero|4|2019-10-21
tibits Winterthur|VegiTom72|2|2019-10-16
tibits Winterthur|BaliTour15|5|2019-10-15
tibits Winterthur|jasim2016|3|2019-10-04
tibits Winterthur|TiKoWi|3|2019-08-02
tibits Winterthur|Manuela-Hasler|5|2019-05-24
tibits Winterthur|Cabrio44|5|2019-05-21
tibits Winterthur|N2235QPpeterb|5|2019-04-08
tibits Winterthur|hein15|1|2019-04-01
tibits Winterthur|Animore3|5|2019-03-19
tibits Winterthur|global-swiss|4|2019-03-10
tibits Winterthur|schtummi|4|2019-02-04
tibits Winterthur|Zugella|5|2019-01-11
tibits Winterthur|jjenwagner|3|2018-12-24
tibits Winterthur|TravelNishi|4|2018-12-02
tibits Winterthur|FelixR691|4|2018-11-29
tibits Winterthur|sportanz|2|2018-11-05
tibits Winterthur|Saffaronrainbow|1|2018-10-21
tibits Winterthur|Steveschild_marsone|5|2018-09-19
tibits Winterthur|SteveG4405|4|2018-09-09
tibits Winterthur|F4683PHmartinw|2|2018-08-03
tibits Winterthur|Caliendo23|4|2018-07-23
tibits Winterthur|Steveschild_marsone|4|2018-06-22
tibits Winterthur|yogim47|4|2018-06-12
tibits Winterthur|Kaliorexiii|3|2018-05-28
tibits Winterthur|Dodofant|5|2018-05-09
tibits Winterthur|phorni|2|2018-04-22
tibits Winterthur|Cabrio44|4|2018-04-12
tibits Winterthur|white-charlie-girl|4|2018-04-08
tibits Winterthur|Steveschild_marsone|4|2018-04-06
tibits Winterthur|satro444|5|2018-03-03
tibits Winterthur|MatTiger|3|2018-02-10
tibits Winterthur|andreaskO9737RD|3|2018-02-03
tibits Winterthur|120marcels|4|2018-01-10
tibits Winterthur|SEE_12|5|2017-12-23
tibits Winterthur|bawiwe|5|2017-12-10
tibits Winterthur|MarkWinti|4|2017-12-08
tibits Winterthur|Daiquiri224|4|2017-11-26
tibits Winterthur|nbalte|4|2017-11-13
tibits Winterthur|downnnunder|5|2017-10-23
tibits Winterthur|GianchenH|5|2017-10-15
tibits Winterthur|Lynissea|4|2017-10-03
tibits Winterthur|dynueesch|4|2017-09-21
tibits Winterthur|vrenipedrotta|4|2017-08-17
tibits Winterthur|Tolla00|4|2017-07-16
tibits Winterthur|Bumyface|5|2017-07-08
tibits Winterthur|huberthammer|4|2017-07-02
tibits Winterthur|pumpeline|3|2017-06-17
tibits Winterthur|dieter_la|4|2017-05-31
tibits Winterthur|Carllll|1|2017-05-17
tibits Winterthur|18Martina18|4|2017-05-09
tibits Winterthur|Spam1974|5|2017-04-19
tibits Winterthur|SwissTouristFeedback|3|2017-04-17
tibits Winterthur|EdgarF768|3|2017-03-03
tibits Winterthur|Verdant81|4|2017-02-24
tibits Winterthur|Mustardkitten|4|2017-02-20
tibits Winterthur|CecileGuignard|5|2017-02-16
tibits Winterthur|EstherW551|4|2017-02-15
tibits Winterthur|hannuluomajoki|4|2017-02-13
tibits Winterthur|mariellagr|3|2017-01-17
tibits Winterthur|mrgoagoa|5|2016-12-29
tibits Winterthur|Cosmopolitan384661|4|2016-12-25
tibits Winterthur|martinkH296TO|4|2016-12-18
tibits Winterthur|carmenbB699MV|4|2016-11-26
tibits Winterthur|jimpanse12|4|2016-11-13
tibits Winterthur|Milchkafi|5|2016-11-08
tibits Winterthur|746selinas|4|2016-10-23
tibits Winterthur|AndySchneider|5|2016-10-18
tibits Winterthur|traveller0072016|5|2016-10-04
tibits Winterthur|nicolebeckert|4|2016-09-23
tibits Winterthur|slickking|5|2016-09-21
tibits Winterthur|vorn2015|3|2016-09-17
tibits Winterthur|_regional_saisonal_|3|2016-09-16
tibits Winterthur|249hanspetera|5|2016-09-09
tibits Winterthur|Waterpolo1s|3|2016-09-07
tibits Winterthur|Schlingelmami|5|2016-09-06
tibits Winterthur|ulrikeandreak|5|2016-08-26
tibits Winterthur|mariobV6056SG|4|2016-08-02
tibits Winterthur|T9194RTpatrickp|4|2016-07-31
tibits Winterthur|peterbY3846KO|5|2016-07-25
tibits Winterthur|veronika123|5|2016-06-30
tibits Winterthur|111EstherB|5|2016-06-27
tibits Winterthur|arlicht55|3|2016-06-24
tibits Winterthur|daanvanhoek|4|2016-06-15
tibits Winterthur|amelliger|5|2016-06-06
tibits Winterthur|N1707NGsarahl|4|2016-06-06
tibits Winterthur|Ursula1957|5|2016-06-04
tibits Winterthur|Veuvi|4|2016-05-25
tibits Winterthur|unaleana|5|2016-05-22
tibits Winterthur|NikB545|4|2016-05-18
tibits Winterthur|uwa64|2|2016-05-18
tibits Winterthur|mrgoagoa|5|2016-05-17
tibits Winterthur|dathu|4|2016-04-25
tibits Winterthur|anyway|5|2016-04-25
tibits Winterthur|amelliger|5|2016-04-25
tibits Winterthur|aimundo769|4|2016-04-24
tibits Winterthur|GladiusHelveticus|5|2016-04-20
tibits Winterthur|Katharinamey|5|2016-04-20
tibits Winterthur|Lolla29|4|2016-04-15
tibits Winterthur|sarae998|5|2016-04-10
tibits Winterthur|SwissTrueLife|4|2016-04-09
tibits Winterthur|bks9397|4|2016-03-15
tibits Winterthur|Kunstmuseum_Winterth|5|2016-03-15
tibits Winterthur|184Mosey|4|2016-03-12
tibits Winterthur|monikaf401|4|2016-03-12
tibits Winterthur|nes19682015|4|2016-03-09
tibits Winterthur|hkoeber|5|2016-03-04
tibits Winterthur|Belinda1919|4|2016-02-24
tibits Winterthur|anitah277|5|2016-02-10
tibits Winterthur|marisa2016|5|2016-01-03
tibits Winterthur|ursinae|5|2015-12-29
tibits Winterthur|MaxDolda|3|2015-12-28
tibits Winterthur|206MarcM|4|2015-12-19
tibits Winterthur|ChristianW900|4|2015-12-14
tibits Winterthur|kariren|5|2015-12-13
tibits Winterthur|RegiRey|4|2015-12-12
tibits Winterthur|AnnaLeeW61|4|2015-12-08
tibits Winterthur|djscode|4|2015-12-05
tibits Winterthur|kerstink693|4|2015-11-20
tibits Winterthur|comewithus2|4|2015-11-15
tibits Winterthur|mytrip_31|5|2015-11-14
tibits Winterthur|Hyppo53|4|2015-11-11
tibits Winterthur|MinnieMcG|5|2015-11-09
tibits Winterthur|terT375|4|2015-10-26
tibits Winterthur|gerhU6314OA|5|2015-10-23
tibits Winterthur|Mala82|4|2015-09-20
tibits Winterthur|Saffaronrainbow|5|2015-08-29
tibits Winterthur|777stefanu|3|2015-08-16
tibits Winterthur|meierinhelder|4|2015-08-13
tibits Winterthur|Angelika_39|4|2015-08-05
tibits Winterthur|N350YCdavida|3|2015-07-28
tibits Winterthur|yafee|5|2015-07-09
tibits Winterthur|na969|5|2015-07-09
tibits Winterthur|SaraM7777|3|2015-07-08
tibits Winterthur|tschaese|3|2015-07-07
tibits Winterthur|StephanG801|4|2015-07-03
tibits Winterthur|soniarosa63|5|2015-06-29
tibits Winterthur|Atha2|5|2015-05-26
tibits Winterthur|zh-frog|5|2015-05-20
tibits Winterthur|cebi3|4|2015-05-17
tibits Winterthur|nebel_leben|3|2015-05-16
tibits Winterthur|S4350JAlucar|5|2015-04-29
tibits Winterthur|petep376|5|2015-04-28
tibits Winterthur|Mala82|4|2015-04-09
tibits Winterthur|Sternkind|4|2015-04-03
tibits Winterthur|AndreaO581|5|2015-03-09
tibits Winterthur|siegfrieds235|4|2015-02-18
tibits Winterthur|nataliekio|4|2015-02-17
tibits Winterthur|weed2011|4|2015-01-07
tibits Winterthur|Chrigel2014|4|2015-01-07
tibits Winterthur|19estherb|5|2015-01-07
tibits Winterthur|RetoG248|4|2014-12-08
tibits Winterthur|Silver-Schlittler|4|2014-11-12
tibits Winterthur|ckgoesadvisor|3|2014-11-08
tibits Winterthur|969verenat|3|2014-10-14
tibits Winterthur|angelasQ2109ZU|5|2014-10-03
tibits Winterthur|Trutt71|5|2014-09-03
tibits Winterthur|valerieh251|5|2014-08-31
tibits Winterthur|Janiepk|5|2014-08-30
tibits Winterthur|tigerwood177|2|2014-03-02
tibits Winterthur|WernerB600|4|2014-02-01
tibits Winterthur|grossluk|4|2014-01-25
tibits Winterthur|MarkusBtz|4|2014-01-21
tibits Winterthur|jasmine_winti|4|2014-01-20
tibits Winterthur|SabineI563|4|2014-01-20
tibits Winterthur|HellaAdam|5|2013-10-30
tibits Winterthur|Doronas8188|5|2013-10-08
tibits Winterthur|neria2013|4|2013-09-04
tibits Winterthur|daupi|4|2013-09-04
tibits Winterthur|832marcos|5|2013-09-03
tibits Winterthur|549nadines|5|2013-09-03
tibits Winterthur|726danielak|5|2013-09-03
tibits Winterthur|E1733OZsergiof|1|2013-08-27
tibits Winterthur|MichelleH166|4|2013-06-26
tibits Winterthur|SarahS508|5|2013-05-18
tibits Winterthur|Zwinky1|3|2013-04-03
tibits Winterthur|FlorinH634|5|2013-01-30
tibits Winterthur|JonasR176|4|2012-03-14
tibits Winterthur|Gretalutz45|4|2012-01-30
tibits Winterthur|biddingpoints|4|2011-12-24
tibits Winterthur|Renate77|4|2011-04-10
tibits Winterthur|dkraft|4|2011-04-03
tibits Winterthur|yenikoy34|4|2019-10-14
tibits Winterthur|zviwr|5|2017-05-26
tibits Winterthur|835ancad|5|2017-05-23
tibits Winterthur|Niramoon|5|2017-05-16
tibits Winterthur|805gwen|5|2017-04-19
tibits Winterthur|cliveb548|2|2017-04-16
tibits Winterthur|christinan854|5|2017-03-13
tibits Winterthur|thurg23|3|2017-03-06
tibits Winterthur|Chrigel2014|4|2017-01-14
tibits Winterthur|justinp420|5|2016-11-15
tibits Winterthur|sazy2015|4|2016-09-13
tibits Winterthur|111pascal|4|2016-08-24
tibits Winterthur|NikS170|5|2016-08-02
tibits Winterthur|Danyyre|4|2016-07-26
tibits Winterthur|matthipam|4|2016-07-25
tibits Winterthur|almi_guerrero|5|2016-07-01
tibits Winterthur|Minic13|4|2016-05-19
tibits Winterthur|424merryns|4|2016-05-11
tibits Winterthur|Canuck277|5|2016-03-21
tibits Winterthur|yousefj181|5|2016-03-02
tibits Winterthur|DCFlyers|5|2016-02-24
tibits Winterthur|peterpM3050OC|5|2016-01-25
tibits Winterthur|travelgrumpy|4|2016-01-13
tibits Winterthur|hilip4153|5|2015-12-25
tibits Winterthur|smilesryan|4|2015-12-19
tibits Winterthur|N2307QQstever|5|2015-12-14
tibits Winterthur|manas27587|4|2015-12-04
tibits Winterthur|gilat2015|4|2015-10-14
tibits Winterthur|TheFabRitz|5|2015-09-11
tibits Winterthur|GreLux|4|2015-09-04
tibits Winterthur|6foot8Chrispy|4|2015-08-21
tibits Winterthur|RolfS495|5|2015-08-19
tibits Winterthur|RogerW934|5|2015-07-27
tibits Winterthur|Cypo1951|5|2015-07-22
tibits Winterthur|Mattia103|2|2015-07-08
tibits Winterthur|Belinda1919|5|2015-06-30
tibits Winterthur|verbena207|4|2015-06-18
tibits Winterthur|Ev-K-Wa|4|2015-06-10
tibits Winterthur|gwenny_7|4|2015-05-19
tibits Winterthur|particular_travel|4|2015-04-28
tibits Winterthur|sgec1105|4|2015-02-18
tibits Winterthur|12WernerN|3|2015-02-06
tibits Winterthur|922andrew|5|2014-11-04
tibits Winterthur|nadro2010|4|2014-08-04
tibits Winterthur|34Lorraine34|5|2014-06-30
tibits Winterthur|340stevet|5|2014-06-07
tibits Winterthur|achel69inman|5|2014-02-15
tibits Winterthur|AverilB439|5|2013-12-19
tibits Winterthur|RalfF229|4|2013-10-07
tibits Winterthur|LakeHouse53081|4|2013-02-24
tibits Winterthur|TreeandDonkey|3|2012-11-01
Plan b|patriziahalter|5|2022-05-13
Plan b|SaraM7777|1|2020-06-16
Plan b|marcheline1111|5|2019-09-18
Plan b|C3991AKdenisef|5|2019-08-21
Plan b|Tolla00|5|2019-04-28
Plan b|mdoutaz|4|2019-01-06
Plan b|Milenameier|1|2018-11-30
Plan b|pionier8|5|2018-07-22
Plan b|wintibelle|3|2018-07-09
Plan b|Rotenbrunnen|5|2018-06-23
Plan b|ascalG2074|2|2018-04-19
Plan b|viaflepp|5|2017-11-19
Plan b|Luxusreisender|5|2017-11-17
Plan b|LucaF707|5|2017-11-02
Plan b|Hensi|5|2017-09-27
Plan b|bonil_6|5|2017-09-08
Plan b|0590manuela|5|2017-08-24
Plan b|viaflepp|5|2017-08-14
Plan b|amores8000|5|2017-08-12
Plan b|carguy65|5|2017-07-28
Plan b|martinj244|4|2017-03-13
Plan b|XELA91|4|2017-01-26
Plan b|amelliger|4|2017-01-14
Plan b|Martin_P6219|4|2016-11-16
Plan b|TimoUnti|5|2016-11-04
Plan b|martinwinti1000|5|2016-10-25
Plan b|mytrip_31|5|2016-09-04
Plan b|Soledad6|5|2016-07-20
Plan b|Chausson76|4|2016-05-25
Plan b|Swiss1988tobias|5|2016-02-13
Plan b|kariren|4|2015-12-20
Plan b|h8400|5|2015-11-03
Plan b|Rinmacarion|5|2015-09-13
Plan b|Slavie|4|2015-07-14
Plan b|uckassor|1|2015-05-08
Plan b|Saendu24|5|2015-01-08
Plan b|Miicki|5|2014-12-21
Plan b|pano88|5|2013-12-03
Plan b|Vantheman007|4|2013-02-13
Plan b|Giorgio_1792|5|2012-08-08
Plan b|ClaudiaB98|4|2011-08-09
Plan b|dkraft|5|2011-04-03
Plan b|siiri|4|2011-03-11
Plan b|DanielaH1052|5|2008-04-29
Plan b|sarahmarques24|5|2020-01-23
Plan b|QrnK|5|2019-03-29
Plan b|dominicb168|5|2017-05-17
Aquarius Lounge|Steveschild_marsone|3|2018-06-27
Aquarius Lounge|321claudiak|4|2017-10-11
Restaurant Taggenberg|850harrerm|1|2024-06-28
Restaurant Taggenberg|ANSGAR_SCHAEFER|5|2024-02-15
Restaurant Taggenberg|GiselaG502|5|2024-01-25
Restaurant Taggenberg|Jet52980806561|5|2023-12-09
Restaurant Taggenberg|SwissTraveller1978|5|2023-06-02
Restaurant Taggenberg|190martini|2|2023-01-02
Restaurant Taggenberg|miss_swedish|5|2022-10-21
Restaurant Taggenberg|TomXY2015|5|2022-08-11
Restaurant Taggenberg|vinzenzboner|5|2022-07-18
Restaurant Taggenberg|FarAway726331|3|2022-01-20
Restaurant Taggenberg|Taugenichte|4|2022-01-16
Restaurant Taggenberg|Maryella40|5|2021-09-12
Restaurant Taggenberg|MrTinu21|5|2021-05-28
Restaurant Taggenberg|509markuss|5|2020-07-01
Restaurant Taggenberg|515heleni|3|2019-12-25
Restaurant Taggenberg|col120|5|2019-09-20
Restaurant Taggenberg|RobertC3641|3|2019-09-14
Restaurant Taggenberg|bischod|4|2019-08-08
Restaurant Taggenberg|850harrerm|3|2019-05-25
Restaurant Taggenberg|tindli81|4|2019-01-20
Restaurant Taggenberg|schnei|5|2019-01-05
Restaurant Taggenberg|545karlheinzf|4|2018-12-12
Restaurant Taggenberg|509markuss|5|2018-12-05
Restaurant Taggenberg|mosimannrolf|5|2018-12-04
Restaurant Taggenberg|VeronJung|5|2018-11-02
Restaurant Taggenberg|W9639HIpedro|3|2018-08-20
Restaurant Taggenberg|394ronk|5|2018-06-14
Restaurant Taggenberg|sandrahN3804IX|5|2018-06-13
Restaurant Taggenberg|Martin_P6219|5|2018-06-07
Restaurant Taggenberg|ElianeB1374|5|2018-06-02
Restaurant Taggenberg|Weissmueller|5|2018-03-21
Restaurant Taggenberg|1955beatriceb|1|2018-02-04
Restaurant Taggenberg|Tilliqua|5|2018-01-28
Restaurant Taggenberg|Max8400|5|2018-01-01
Restaurant Taggenberg|manfredm130|4|2017-12-17
Restaurant Taggenberg|marianne_locher_ch|4|2017-11-12
Restaurant Taggenberg|quezeni|5|2017-08-21
Restaurant Taggenberg|Admira8400|4|2017-08-16
Restaurant Taggenberg|Brogliesan|4|2017-07-30
Restaurant Taggenberg|ReisevogelWinterthur|5|2017-05-26
Restaurant Taggenberg|32arthurh|5|2017-05-18
Restaurant Taggenberg|486Ma_Ri|5|2017-05-12
Restaurant Taggenberg|Chris_Bochsler|5|2017-04-28
Restaurant Taggenberg|mirop743|5|2016-12-18
Restaurant Taggenberg|Issmalwasgutes|5|2016-11-26
Restaurant Taggenberg|377andreaz|5|2016-10-13
Restaurant Taggenberg|T9194RTpatrickp|3|2016-07-19
Restaurant Taggenberg|UrsS594|5|2016-06-22
Restaurant Taggenberg|Bzw|3|2016-06-12
Restaurant Taggenberg|CHnetshark|5|2016-05-17
Restaurant Taggenberg|SandroCarpeDiem|5|2015-12-19
Restaurant Taggenberg|andb996|5|2015-11-29
Restaurant Taggenberg|Mala82|4|2015-11-23
Restaurant Taggenberg|ReisevogelWinterthur|5|2015-11-14
Restaurant Taggenberg|452RonaldA|5|2015-10-30
Restaurant Taggenberg|MikeLeeW|4|2015-10-11
Restaurant Taggenberg|Widmausl|4|2015-08-30
Restaurant Taggenberg|ReneM200|3|2015-07-07
Restaurant Taggenberg|dmeyer|4|2015-04-08
Restaurant Taggenberg|241christians|4|2015-03-08
Restaurant Taggenberg|arlicht55|4|2013-01-16
Restaurant Taggenberg|RolandG957|5|2013-01-09
Restaurant Taggenberg|xp460|2|2011-12-04
Restaurant Taggenberg|ANSGAR_SCHAEFER|5|2011-09-05
Restaurant Taggenberg|MayaH561|4|2011-08-16
Restaurant Taggenberg|besucher066|5|2011-03-21
Restaurant Taggenberg|Renate77|4|2010-09-02
Restaurant Taggenberg|kbsw|4|2010-07-13
Restaurant Taggenberg|726janniew|4|2016-09-02
Restaurant Taggenberg|np588|5|2014-06-20
Restaurant Taggenberg|kglauser|5|2014-03-08
Restaurant Hedi|WernerB600|5|2023-07-02
Restaurant Hedi|weiss-wie-schnee|5|2021-08-19
Villa Strauli Bistro|Vacation31522188470|5|2023-08-26
Villa Strauli Bistro|global-swiss|5|2020-07-06
Villa Strauli Bistro|257monikan|4|2019-03-31
Villa Strauli Bistro|SarahS13288|5|2018-09-13
Zum goldenen Horn|Z5657CAstephanb|5|2023-05-01
Zum goldenen Horn|v_roniquebR4770OG|5|2021-08-13
Zum goldenen Horn|KritischerD|1|2020-06-08
Zum goldenen Horn|marcelillnau|5|2019-12-17
Zum goldenen Horn|HansS5260|4|2019-03-26
Zum goldenen Horn|sakas74|4|2018-10-19
Zum goldenen Horn|RolfKH|4|2018-10-06
Zum goldenen Horn|zdemir|5|2018-07-24
Zum goldenen Horn|Hermydiver|5|2018-07-19
Zum goldenen Horn|Freedom705399|5|2018-07-10
Zum goldenen Horn|KerimT94|5|2018-07-10
Zum goldenen Horn|sakas74|4|2018-02-23
Zum goldenen Horn|Navigator721646|5|2017-07-18
Zum goldenen Horn|zimmiii|4|2017-02-26
Trattoria Da Mario|ggu1|1|2024-01-05
Trattoria Da Mario|ucagJ7066JT|1|2024-01-03
Trattoria Da Mario|annaWinterthur|5|2023-09-22
Trattoria Da Mario|mariusfkraemer|5|2023-05-12
Trattoria Da Mario|mariabE8997BT|5|2023-04-12
Trattoria Da Mario|L0nelyTravel0r|5|2022-10-25
Stricker's Restaurant & Bar|991felixr|5|2024-07-20
Stricker's Restaurant & Bar|J-ZRH|5|2024-02-05
Stricker's Restaurant & Bar|Getaway15063447933|5|2023-08-11
Stricker's Restaurant & Bar|Tourist35361883837|5|2023-03-26
Stricker's Restaurant & Bar|Chantal808|5|2023-03-25
Stricker's Restaurant & Bar|martinarombach|1|2023-03-18
Stricker's Restaurant & Bar|Brunner1985|1|2023-02-26
Stricker's Restaurant & Bar|2015TY4|5|2022-10-07
Stricker's Restaurant & Bar|852damarisf|3|2022-08-11
Stricker's Restaurant & Bar|vanessa_thegourmand|4|2022-08-10
Stricker's Restaurant & Bar|Balu323|3|2022-05-14
Stricker's Restaurant & Bar|Valancey|5|2022-05-01
Stricker's Restaurant & Bar|mfg777|5|2022-04-20
Stricker's Restaurant & Bar|Kruemmelmonster8400|5|2022-03-04
Stricker's Restaurant & Bar|Grira86|4|2022-01-25
Stricker's Restaurant & Bar|SabJovRic|4|2021-12-27
Stricker's Restaurant & Bar|xainee|4|2021-09-26
Stricker's Restaurant & Bar|DaliyahA|4|2021-08-22
Stricker's Restaurant & Bar|Melapos|5|2021-08-16
Stricker's Restaurant & Bar|maxbundaberg|5|2021-07-06
Stricker's Restaurant & Bar|cecile-m-ch|5|2021-07-03
Stricker's Restaurant & Bar|SarahS13288|5|2020-10-14
Stricker's Restaurant & Bar|sanduhr|5|2020-09-19
Stricker's Restaurant & Bar|swissgolftraveller|4|2020-08-25
Stricker's Restaurant & Bar|Keinickel|5|2020-08-22
Stricker's Restaurant & Bar|mamepa|5|2020-08-16
Stricker's Restaurant & Bar|720annettep|5|2020-07-02
Stricker's Restaurant & Bar|Rinolezzo|2|2020-06-09
Stricker's Restaurant & Bar|toprada|1|2020-06-06
Stricker's Restaurant & Bar|SarahS13288|5|2020-05-21
Stricker's Restaurant & Bar|771monikal|5|2020-02-10
Stricker's Restaurant & Bar|G0urmand01|5|2020-02-08
Stricker's Restaurant & Bar|8057davidez|2|2020-01-22
Stricker's Restaurant & Bar|aisee|4|2019-12-21
Stricker's Restaurant & Bar|mickey99199|5|2019-11-17
Stricker's Restaurant & Bar|MartinaS393|5|2019-10-31
Stricker's Restaurant & Bar|AminaB542|1|2019-09-22
Stricker's Restaurant & Bar|acheppis|5|2019-09-15
Stricker's Restaurant & Bar|Huh67oooooo|1|2019-09-02
Stricker's Restaurant & Bar|princess_schweiz|5|2019-09-02
Stricker's Restaurant & Bar|Weltenhuhn|3|2019-08-06
Stricker's Restaurant & Bar|paulr_ch|4|2019-08-06
Stricker's Restaurant & Bar|SarahS13288|4|2019-07-24
Stricker's Restaurant & Bar|pulmi04|4|2019-07-17
Stricker's Restaurant & Bar|AAAPM|1|2019-06-28
Stricker's Restaurant & Bar|7Maitai|2|2019-05-10
Stricker's Restaurant & Bar|L2015L|4|2019-04-07
Stricker's Restaurant & Bar|MaSa09032013|4|2019-03-18
Stricker's Restaurant & Bar|Maryni13|5|2019-03-16
Stricker's Restaurant & Bar|CWD05|2|2019-03-15
Stricker's Restaurant & Bar|Mala82|4|2019-01-25
Stricker's Restaurant & Bar|n_switzerland|4|2018-12-02
Stricker's Restaurant & Bar|huck0815|5|2018-11-17
Stricker's Restaurant & Bar|jolandas811|5|2018-11-06
Stricker's Restaurant & Bar|Remapugi|4|2018-11-06
Stricker's Restaurant & Bar|KarinS840|3|2018-10-29
Stricker's Restaurant & Bar|RiFli|5|2018-10-25
Stricker's Restaurant & Bar|Salvatore2608|4|2018-10-19
Stricker's Restaurant & Bar|a8400|2|2018-10-15
Stricker's Restaurant & Bar|938simonee|4|2018-08-21
Stricker's Restaurant & Bar|R1597SIsaraha|5|2018-08-17
Stricker's Restaurant & Bar|jule_1990|4|2018-07-26
Stricker's Restaurant & Bar|Suri-from-Winterthur|4|2018-07-22
Stricker's Restaurant & Bar|wintibelle|3|2018-07-09
Stricker's Restaurant & Bar|Nicoletmm|4|2018-06-24
Stricker's Restaurant & Bar|SirahM09|5|2018-06-02
Stricker's Restaurant & Bar|Admira8400|4|2018-05-26
Stricker's Restaurant & Bar|andibrugger|3|2018-05-25
Stricker's Restaurant & Bar|tomilen|1|2018-05-17
Stricker's Restaurant & Bar|andom804|5|2018-05-04
Stricker's Restaurant & Bar|StefLU1|4|2018-03-17
Stricker's Restaurant & Bar|LC976|4|2018-02-22
Stricker's Restaurant & Bar|DC8352|4|2018-01-29
Stricker's Restaurant & Bar|SarahS13288|4|2018-01-25
Stricker's Restaurant & Bar|quidam191|4|2018-01-22
Stricker's Restaurant & Bar|gusti6868|5|2018-01-16
Stricker's Restaurant & Bar|gourmella_ev|5|2017-12-17
Stricker's Restaurant & Bar|Muuude|5|2017-12-15
Stricker's Restaurant & Bar|pandap0wer|4|2017-11-13
Stricker's Restaurant & Bar|715melanief|4|2017-10-18
Stricker's Restaurant & Bar|kuetteljudith|5|2017-10-02
Stricker's Restaurant & Bar|Winfeh|3|2017-09-16
Stricker's Restaurant & Bar|chrischi000007|3|2017-08-31
Stricker's Restaurant & Bar|Romifers|3|2017-08-28
Stricker's Restaurant & Bar|beadre|4|2017-08-21
Stricker's Restaurant & Bar|manu_leval_ries|3|2017-07-26
Stricker's Restaurant & Bar|CiasiS|3|2017-07-25
Stricker's Restaurant & Bar|IreneE728|2|2017-07-22
Stricker's Restaurant & Bar|muscletech78|1|2017-06-30
Stricker's Restaurant & Bar|Romanostrips|5|2017-06-25
Stricker's Restaurant & Bar|HansO640|1|2017-05-24
Stricker's Restaurant & Bar|SehrVielReisender|3|2017-05-09
Stricker's Restaurant & Bar|743majat|5|2017-04-05
Stricker's Restaurant & Bar|zujo00|5|2017-03-17
Stricker's Restaurant & Bar|FlyGripen|5|2017-03-09
Stricker's Restaurant & Bar|EvaR272|5|2017-02-28
Stricker's Restaurant & Bar|mspoki|3|2017-02-18
Stricker's Restaurant & Bar|mrgoagoa|5|2017-02-18
Stricker's Restaurant & Bar|Chantal_ZH70|4|2017-02-16
Stricker's Restaurant & Bar|TTo-the-Bike1964|4|2017-02-08
Stricker's Restaurant & Bar|Z3041YLbarbaram|5|2017-02-06
Stricker's Restaurant & Bar|miluel|2|2016-10-31
Stricker's Restaurant & Bar|gbu|5|2016-10-15
Stricker's Restaurant & Bar|Superhirn|3|2016-10-06
Stricker's Restaurant & Bar|sunseeker_CH|3|2016-09-12
Stricker's Restaurant & Bar|ChristopherD3196|5|2016-09-11
Stricker's Restaurant & Bar|AndreaB11672|5|2016-09-11
Stricker's Restaurant & Bar|msspanda|4|2016-09-05
Stricker's Restaurant & Bar|zazie666|2|2016-08-18
Stricker's Restaurant & Bar|Higithesaw|2|2016-08-18
Stricker's Restaurant & Bar|assepartout58|5|2016-08-14
Stricker's Restaurant & Bar|corin80ch|2|2016-08-10
Stricker's Restaurant & Bar|seritulpi|5|2016-08-10
Stricker's Restaurant & Bar|ChristopherD3196|5|2016-07-30
Stricker's Restaurant & Bar|danielaQ3253JR|4|2016-07-27
Stricker's Restaurant & Bar|casta80|4|2016-07-27
Stricker's Restaurant & Bar|Meerrauschen|5|2016-07-19
Stricker's Restaurant & Bar|yumma37|5|2016-07-18
Stricker's Restaurant & Bar|NicoleT121076|4|2016-07-15
Stricker's Restaurant & Bar|Meno82|5|2016-07-15
Stricker's Restaurant & Bar|am5877|5|2016-07-15
Stricker's Restaurant & Bar|valerieh251|3|2016-07-13
Stricker's Restaurant & Bar|454simonh|4|2016-07-13
Stricker's Restaurant & Bar|Widmausl|3|2016-07-12
Stricker's Restaurant & Bar|nicolefehrmann|2|2016-07-12
Stricker's Restaurant & Bar|Mibelomi|2|2016-07-12
Stricker's Restaurant & Bar|martinwinti1000|2|2016-07-10
Stricker's Restaurant & Bar|sery99|4|2016-07-09
Stricker's Restaurant & Bar|SPGiuliana|4|2017-03-25
Brewhouse Winterthur|17dagmars|4|2024-07-29
Brewhouse Winterthur|E4270JWmarkusr|5|2023-12-31
Brewhouse Winterthur|HanspeterF938|1|2023-09-17
Zum Grünen Hund|309sin|1|2022-10-12
Zum Grünen Hund|D9259CPfrancescad|4|2019-04-13
Zum Grünen Hund|Mala82|4|2019-03-16
Zum Grünen Hund|JuiceJus|5|2019-02-23
Zum Grünen Hund|tonigugler|5|2019-01-26
Zum Grünen Hund|Discover793300|5|2018-11-26
Zum Grünen Hund|marinawinti|5|2018-11-15
Zum Grünen Hund|WintiToess|5|2018-10-21
Zum Grünen Hund|IsabelleN569|4|2018-09-22
Zum Grünen Hund|schnei|4|2018-09-13
Zum Grünen Hund|ITpatrick|3|2018-06-30
Zum Grünen Hund|Martin_P6219|4|2018-06-24
Zum Grünen Hund|wirrwesen|4|2018-04-14
Zum Grünen Hund|Z3041YLbarbaram|2|2018-01-21
Zum Grünen Hund|580uelir|5|2017-12-06
Zum Grünen Hund|VineshanM1|5|2017-11-15
Zum Grünen Hund|carolepatry2017|5|2017-10-26
Zum Grünen Hund|Wilddanny72|5|2017-10-10
Zum Grünen Hund|0zz0|5|2017-05-20
Zum Grünen Hund|X233CBdanielo|5|2017-02-15
Zum Grünen Hund|yalaxy89|5|2016-10-25
Zum Grünen Hund|RaschiK1|5|2016-09-23
Zum Grünen Hund|Mibelomi|5|2016-09-13
Zum Grünen Hund|Waterpolo1s|4|2016-09-10
Zum Grünen Hund|FlyGripen|4|2016-07-01
Zum Grünen Hund|arlicht55|4|2016-06-24
Zum Grünen Hund|S9447ARtomw|5|2016-06-12
Zum Grünen Hund|831matthiase|4|2016-05-26
Zum Grünen Hund|172martino|4|2016-05-17
Zum Grünen Hund|piperitapatti70|3|2016-05-11
Zum Grünen Hund|stephdo999|5|2016-02-06
Zum Grünen Hund|Sabrina6363|4|2016-01-14
Zum Grünen Hund|santaclause86|1|2015-09-16
Zum Grünen Hund|836je|2|2015-07-17
Zum Grünen Hund|angelasQ2109ZU|4|2015-03-29
Zum Grünen Hund|ybisticum|2|2015-02-15
Zum Grünen Hund|846martinal|4|2014-11-09
Zum Grünen Hund|Bzw|3|2014-04-16
Zum Grünen Hund|schuppi|1|2014-03-01
Zum Grünen Hund|117|5|2014-01-07
Zum Grünen Hund|TTo-the-Bike1964|4|2013-12-21
Zum Grünen Hund|cartilage2013|5|2013-11-28
Zum Grünen Hund|kiwinads|1|2013-11-24
Zum Grünen Hund|542samirak|2|2013-08-23
Zum Grünen Hund|MeryGrape|3|2013-07-02
Zum Grünen Hund|maerli63|3|2013-06-07
Zum Grünen Hund|2Frankie|5|2013-05-18
Zum Grünen Hund|OliverS831|5|2013-05-06
Zum Grünen Hund|zwitscher|5|2013-07-25
Pizzeria La Pergola|smile2016|5|2024-08-18
Pizzeria La Pergola|Camper51847522889|5|2024-08-02
Pizzeria La Pergola|Dreamer826405|2|2024-02-18
Pizzeria La Pergola|WinterthurMuseums|5|2024-01-11
Pizzeria La Pergola|Mattia103|3|2023-11-25
Pizzeria La Pergola|vdd2015|4|2023-05-09
Pizzeria La Pergola|Grappine|5|2021-12-14
Pizzeria La Pergola|kamola8610|4|2021-10-21
Pizzeria La Pergola|MarinaS6682|3|2021-07-21
Pizzeria La Pergola|waffe13|5|2021-05-28
Pizzeria La Pergola|BUW8400|4|2021-04-22
Pizzeria La Pergola|Roya_Leila|5|2020-10-25
Pizzeria La Pergola|ESZH1|3|2020-10-13
Pizzeria La Pergola|581rifatr|5|2020-09-12
Pizzeria La Pergola|Travelaround2016|3|2020-05-30
Pizzeria La Pergola|neisler1959|5|2020-05-14
Pizzeria La Pergola|maemh|5|2020-03-06
Pizzeria La Pergola|ccoalfredo|1|2019-12-15
Pizzeria La Pergola|hgutmann|4|2019-12-11
Pizzeria La Pergola|675pascals|5|2019-10-12
Pizzeria La Pergola|valynek2015|5|2019-10-09
Pizzeria La Pergola|uedie2014|4|2019-09-20
Pizzeria La Pergola|MartinaM3823|5|2019-08-06
Pizzeria La Pergola|Impulsgeber_ak|4|2019-06-17
Pizzeria La Pergola|Mac6580|5|2019-04-20
Pizzeria La Pergola|Frany1978|3|2019-04-17
Pizzeria La Pergola|corisch|5|2019-04-15
Pizzeria La Pergola|Gotohive|4|2019-03-27
Pizzeria La Pergola|kastrawecz|5|2019-03-25
Pizzeria La Pergola|nini1995|5|2019-03-24
Pizzeria La Pergola|vanessamO188ES|5|2019-03-24
Pizzeria La Pergola|a_i_d_u_a_l_c_6_7|4|2019-03-08
Pizzeria La Pergola|nthlkzmnn|5|2019-02-16
Pizzeria La Pergola|Werner_Raggenbass|5|2019-02-13
Pizzeria La Pergola|Reinerpflanz|4|2019-02-04
Pizzeria La Pergola|manudle|5|2019-01-18
Pizzeria La Pergola|hgutmann|4|2018-12-18
Pizzeria La Pergola|ManuelaK378|5|2018-10-13
Pizzeria La Pergola|Sybillew69|4|2018-09-28
Pizzeria La Pergola|EditionTwo|4|2018-08-27
Pizzeria La Pergola|henryswiss|5|2018-08-08
Pizzeria La Pergola|gandalfw77|4|2018-07-06
Pizzeria La Pergola|alf_auer|5|2018-06-19
Pizzeria La Pergola|Jades007|5|2018-06-09
Pizzeria La Pergola|A_Alija|5|2018-05-02
Pizzeria La Pergola|giankatiu|5|2018-04-03
Pizzeria La Pergola|HeinzL172|5|2018-03-28
Pizzeria La Pergola|Mala82|3|2018-03-24
Pizzeria La Pergola|Waterpolo1s|4|2018-03-17
Pizzeria La Pergola|Swissli2014|5|2018-03-13
Pizzeria La Pergola|S4541HTneilh|5|2018-03-04
Pizzeria La Pergola|satro444|5|2018-03-03
Pizzeria La Pergola|weisch2018|1|2018-02-08
Pizzeria La Pergola|32retep10|4|2018-01-23
Pizzeria La Pergola|ChristianO2064|4|2018-01-21
Pizzeria La Pergola|BeZoZ|5|2018-01-11
Pizzeria La Pergola|RafaelS8294|5|2018-01-03
Pizzeria La Pergola|jasmins963|4|2017-11-24
Pizzeria La Pergola|VanessaS7696|5|2017-11-21
Pizzeria La Pergola|Jades007|5|2017-11-18
Pizzeria La Pergola|WalterK1089|4|2017-10-17
Pizzeria La Pergola|Tilliqua|5|2017-10-08
Pizzeria La Pergola|IngeE157|4|2017-09-26
Pizzeria La Pergola|dynueesch|4|2017-09-21
Pizzeria La Pergola|BouncyHoney|5|2017-09-04
Pizzeria La Pergola|meelii10|5|2017-08-30
Pizzeria La Pergola|344irmas|5|2017-07-03
Pizzeria La Pergola|304maurizioa|4|2017-06-11
Pizzeria La Pergola|FabienneU18|5|2017-06-02
Pizzeria La Pergola|henryswiss|4|2017-05-23
Pizzeria La Pergola|sakas74|4|2017-05-19
Pizzeria La Pergola|587matthiasz|5|2017-05-05
Pizzeria La Pergola|alf_auer|5|2017-05-03
Pizzeria La Pergola|mbawZH|5|2017-05-03
Pizzeria La Pergola|MI_O202|4|2017-05-02
Pizzeria La Pergola|Andywarhol88|4|2017-04-10
Pizzeria La Pergola|henryswiss|4|2017-03-26
Pizzeria La Pergola|Grischa26|4|2017-03-19
Pizzeria La Pergola|urrerfab|3|2017-02-25
Pizzeria La Pergola|Verdant81|2|2017-02-24
Pizzeria La Pergola|alf_auer|5|2017-01-29
Pizzeria La Pergola|kaesersusi|5|2017-01-24
Pizzeria La Pergola|nfoP7330YT|5|2017-01-17
Pizzeria La Pergola|tatianaschwarz|5|2016-12-20
Pizzeria La Pergola|dominice37|4|2016-12-14
Pizzeria La Pergola|FabianG1681|4|2016-12-10
Pizzeria La Pergola|Buyer1900|5|2016-12-02
Pizzeria La Pergola|FoodloverCH|1|2016-11-20
Pizzeria La Pergola|Milchkafi|4|2016-11-08
Pizzeria La Pergola|apercut101|5|2016-10-30
Pizzeria La Pergola|DeniseS1505|5|2016-10-24
Pizzeria La Pergola|SeiZ6|4|2016-10-20
Pizzeria La Pergola|unny23|5|2016-10-19
Pizzeria La Pergola|Z5548AQdaniela|3|2016-10-11
Pizzeria La Pergola|xoniik|5|2016-09-30
Pizzeria La Pergola|dertravel|2|2016-09-12
Pizzeria La Pergola|84marcf|4|2016-08-24
Pizzeria La Pergola|terS12634|5|2016-06-27
Pizzeria La Pergola|joyzora1994|4|2016-05-21
Pizzeria La Pergola|Zafer64|4|2016-05-09
Pizzeria La Pergola|308filippof|5|2016-05-06
Pizzeria La Pergola|seraaegi|5|2016-04-19
Pizzeria La Pergola|Elyzium|2|2016-04-13
Pizzeria La Pergola|746selinas|3|2016-04-02
Pizzeria La Pergola|308filippof|1|2016-04-02
Pizzeria La Pergola|33stephank|5|2016-03-01
Pizzeria La Pergola|823bb|2|2016-02-22
Pizzeria La Pergola|Menetekel|5|2016-02-20
Pizzeria La Pergola|B-Reisende|4|2016-02-14
Pizzeria La Pergola|michaelbam|4|2016-01-27
Pizzeria La Pergola|wal0n|2|2016-01-09
Pizzeria La Pergola|Climbout|4|2016-01-07
Pizzeria La Pergola|542rogerr|4|2016-01-02
Pizzeria La Pergola|kariren|5|2015-12-18
Pizzeria La Pergola|Freiland_Pingu|5|2015-12-16
Pizzeria La Pergola|mariolZ1454QQ|5|2015-12-12
Pizzeria La Pergola|Mezler|1|2015-11-29
Pizzeria La Pergola|CherryDarling33|4|2015-11-23
Pizzeria La Pergola|ulrichz166|4|2015-11-14
Pizzeria La Pergola|Markusobrist|5|2015-10-10
Pizzeria La Pergola|StephanFasciati|4|2015-10-09
Pizzeria La Pergola|Cosmopolitan384661|4|2015-09-25
Pizzeria La Pergola|dennise25|5|2015-09-13
Pizzeria La Pergola|557nicop|5|2015-09-12
Pizzeria La Pergola|F4683PHmartinw|4|2015-08-23
Pizzeria La Pergola|alf_auer|5|2015-08-21
Pizzeria La Pergola|Jades007|5|2015-08-21
Pizzeria La Pergola|parmesan0|2|2015-08-21
Pizzeria La Pergola|angelocG8294DV|5|2015-07-05
Pizzeria La Pergola|25LaFleur25|5|2015-06-04
Pizzeria La Pergola|abir2014|5|2015-05-28
Pizzeria La Pergola|Navigate810512|4|2015-05-21
Pizzeria La Pergola|WernerandM-C|3|2015-05-14
Pizzeria La Pergola|uckassor|4|2015-05-08
Pizzeria La Pergola|dennise25|5|2015-03-23
Pizzeria La Pergola|sarasC7392MZ|5|2015-03-23
Pizzeria La Pergola|nicof266|5|2015-03-17
Pizzeria La Pergola|Ilhanyild1z|5|2015-03-06
Pizzeria La Pergola|swissuese|5|2015-02-13
Pizzeria La Pergola|salzmur|4|2015-01-28
Pizzeria La Pergola|TheDoubleWalker|4|2015-01-14
Pizzeria La Pergola|abir2014|4|2015-01-08
Pizzeria La Pergola|22SandroF|3|2014-12-26
Pizzeria La Pergola|chiesel|5|2014-12-07
Pizzeria La Pergola|MZ-CH|4|2014-11-15
Pizzeria La Pergola|Dwaininho|5|2014-10-20
Pizzeria La Pergola|DerMargash|3|2014-08-27
Pizzeria La Pergola|948d_sir_ep|4|2014-08-12
Pizzeria La Pergola|mhaefeli|4|2014-07-01
Pizzeria La Pergola|ClaudiaD1967|4|2014-05-27
Pizzeria La Pergola|bundesrat|5|2014-05-05
Pizzeria La Pergola|367barbarak|5|2014-04-29
Pizzeria La Pergola|905renatea|5|2014-02-12
Pizzeria La Pergola|WernerB600|5|2014-02-01
Pizzeria La Pergola|Mvvri|4|2013-11-23
Pizzeria La Pergola|Moswey_Hitsch|4|2013-11-11
Pizzeria La Pergola|Zwinky1|4|2013-04-03
Pizzeria La Pergola|Avataras|3|2013-01-24
Pizzeria La Pergola|seli|4|2013-01-06
Pizzeria La Pergola|tschaese|5|2012-12-19
Pizzeria La Pergola|Mala82|4|2012-10-21
Pizzeria La Pergola|Hyppo53|4|2012-09-24
Pizzeria La Pergola|Silverstar19|5|2012-09-06
Pizzeria La Pergola|ThePhilippe86|4|2012-07-11
Pizzeria La Pergola|Hansi71|5|2012-05-28
Pizzeria La Pergola|aluzi|4|2012-04-27
Pizzeria La Pergola|4555751|5|2012-02-14
Pizzeria La Pergola|snowboard1234|5|2012-01-29
Pizzeria La Pergola|Inspheration|4|2012-01-15
Pizzeria La Pergola|Choli74|4|2011-10-20
Pizzeria La Pergola|MG8000|4|2011-02-23
Pizzeria La Pergola|zvih2017|3|2017-07-11
Pizzeria La Pergola|808melb|4|2017-01-17
Pizzeria La Pergola|matthipam|4|2016-07-25
Pizzeria La Pergola|Ev-K-Wa|4|2015-06-30
Pizzeria La Pergola|twicked|3|2015-05-12
Pizzeria La Pergola|sgec1105|4|2015-02-18
Pizzeria La Pergola|dadego|4|2014-04-12
Pizzeria La Pergola|Chiurce|4|2014-03-24
Pizzeria La Pergola|tra77|5|2013-12-11
Pizzeria La Pergola|avis10|4|2013-09-11
Pizzeria La Pergola|achel69inman|4|2013-07-13
Pizzeria La Pergola|Cosmictrotter|4|2013-02-25
Pizzeria La Pergola|NixB|4|2012-10-18
Restaurant Palmera|Ginnungsgagap|5|2024-08-13
Restaurant Palmera|Voyager24468297639|5|2024-06-12
Restaurant Palmera|Happiness23395316953|5|2024-02-11
Restaurant Palmera|veedal33|5|2024-01-08
Restaurant Palmera|MarE276|5|2023-08-29
Restaurant Palmera|aramG4699KC|5|2023-02-28
Restaurant Palmera|736rainerz|5|2023-01-08
AL GIARDINO|alphmueggler|1|2024-04-17
AL GIARDINO|RoManHop|1|2024-02-03
AL GIARDINO|Eveline1191|5|2024-01-04
AL GIARDINO|Freedom27729269522|3|2024-01-01
AL GIARDINO|Trail40603209517|1|2023-12-18
AL GIARDINO|Stay40472105318|3|2023-12-05
AL GIARDINO|48erichk|3|2023-06-01
AL GIARDINO|Wunderbeiz|5|2023-05-10
AL GIARDINO|adot10|5|2023-02-01
AL GIARDINO|Safiiira|5|2023-01-30
AL GIARDINO|RenaBro77|5|2023-01-30
AL GIARDINO|ucarzzz|5|2023-01-29
AL GIARDINO|waldf2016|5|2023-01-12
AL GIARDINO|690naiarav|5|2022-11-27
AL GIARDINO|CarloD1971|5|2022-11-27
AL GIARDINO|871haraldf|3|2022-11-25
AL GIARDINO|HeidiR264|3|2022-05-09
AL GIARDINO|S4881VZnicoles|5|2022-04-19
AL GIARDINO|kurtbosshard|4|2022-03-21
AL GIARDINO|542rogerr|5|2022-02-04
AL GIARDINO|Frauimarco|5|2021-10-21
AL GIARDINO|SPCL76|5|2021-07-23
AL GIARDINO|246annettep|5|2021-07-22
AL GIARDINO|BUW8400|5|2021-06-11
AL GIARDINO|FredyF140|5|2021-02-12
AL GIARDINO|chpeters73|5|2021-02-03
AL GIARDINO|anitaw753|4|2020-12-19
AL GIARDINO|MarkWinti|5|2020-12-02
AL GIARDINO|ab7111|5|2020-11-28
AL GIARDINO|TobiasG719|4|2020-11-12
AL GIARDINO|TiKoWi|5|2020-09-30
AL GIARDINO|SnowWhite_101|5|2020-09-22
AL GIARDINO|DolphV1|5|2020-09-19
AL GIARDINO|0601va|4|2020-08-16
AL GIARDINO|Gochlinger|4|2020-07-26
AL GIARDINO|951markusm|5|2020-07-24
AL GIARDINO|juliaz663|5|2020-05-19
AL GIARDINO|277monikaf|5|2020-03-03
AL GIARDINO|kbbb7|5|2020-02-21
AL GIARDINO|Maryni13|5|2020-01-30
AL GIARDINO|Xundheit|5|2020-01-21
AL GIARDINO|wonderful_moments|4|2020-01-19
AL GIARDINO|cyprian202|5|2019-11-17
AL GIARDINO|haraldbugmann|5|2019-10-26
AL GIARDINO|LucaP3891|4|2019-10-21
AL GIARDINO|schoro|5|2019-09-03
AL GIARDINO|jasmins963|4|2019-08-07
AL GIARDINO|RolandK8|5|2019-08-03
AL GIARDINO|Mala82|4|2019-07-16
AL GIARDINO|Oertli|5|2019-07-04
AL GIARDINO|Riekli|5|2019-06-22
AL GIARDINO|DusanM234|5|2019-06-04
AL GIARDINO|global-swiss|5|2019-05-07
AL GIARDINO|Chris_Bochsler|5|2019-04-28
AL GIARDINO|B2382OIlorenab|5|2019-04-27
AL GIARDINO|Weissmueller|5|2019-04-25
AL GIARDINO|global-swiss|5|2019-03-10
AL GIARDINO|nnyb728|5|2019-02-15
AL GIARDINO|Travelaround2016|5|2019-02-11
AL GIARDINO|hahuh|5|2019-01-13
AL GIARDINO|Remapugi|5|2018-11-06
AL GIARDINO|vincenzoc630|5|2018-11-06
AL GIARDINO|JeanneZ45|5|2018-11-04
AL GIARDINO|MSkydancer|5|2018-10-15
AL GIARDINO|MZ-CH|5|2018-10-14
AL GIARDINO|621barbarag|5|2018-08-19
AL GIARDINO|777stefanu|5|2018-08-16
AL GIARDINO|gandalfw77|3|2018-07-05
AL GIARDINO|danielaroth63|5|2018-06-28
AL GIARDINO|Nitram_72|5|2018-06-18
AL GIARDINO|KatharinaJe|5|2018-05-10
AL GIARDINO|A6957JGoscarg|4|2018-04-16
AL GIARDINO|Truderos|5|2018-04-08
AL GIARDINO|swisstuff|4|2018-04-05
AL GIARDINO|FloWantsToEAT|4|2018-03-22
AL GIARDINO|pinkhotstone|5|2017-11-29
AL GIARDINO|RayWINTI|5|2017-10-11
AL GIARDINO|pper|5|2017-09-25
AL GIARDINO|Curious665312|5|2017-09-08
AL GIARDINO|nibelungen13|5|2017-07-14
AL GIARDINO|EgAlRa|5|2017-07-05
AL GIARDINO|TTo-the-Bike1964|4|2017-07-04
AL GIARDINO|MarkT999|5|2017-06-30
AL GIARDINO|anziska77|5|2017-06-27
AL GIARDINO|Radvila|3|2017-05-24
AL GIARDINO|LuisaB2062|5|2017-05-12
AL GIARDINO|IvanB4083|5|2017-05-12
AL GIARDINO|Urban8580|4|2017-04-07
AL GIARDINO|RogerZ1990|1|2017-03-31
AL GIARDINO|Cosmopolitan384661|5|2017-03-25
AL GIARDINO|MichaS1143|5|2017-02-28
AL GIARDINO|AndreaScalietti|5|2017-02-09
AL GIARDINO|benez2017|5|2017-02-08
AL GIARDINO|Luhmann1|5|2017-02-05
AL GIARDINO|CautesMo|5|2017-02-03
AL GIARDINO|alf_auer|5|2017-01-12
AL GIARDINO|swissh0telflims|5|2016-12-12
AL GIARDINO|markwU749CK|5|2016-11-18
AL GIARDINO|marisab2060|5|2016-11-13
AL GIARDINO|grabiele2016|5|2016-11-02
AL GIARDINO|Gerhard_Fehr|5|2016-10-29
AL GIARDINO|manc1234|5|2016-10-25
AL GIARDINO|Chiocciolina50768|5|2016-10-14
AL GIARDINO|FidanM46|5|2016-10-11
AL GIARDINO|vorn2015|3|2016-09-17
AL GIARDINO|383retor|1|2016-09-06
AL GIARDINO|grizzlyb2015|5|2016-07-14
AL GIARDINO|mg_zanchen|3|2016-06-10
AL GIARDINO|Jochanan658|5|2016-06-05
AL GIARDINO|Il_Gatto_CH|2|2016-05-03
AL GIARDINO|soistdasleben|3|2016-02-12
AL GIARDINO|SpaTest|4|2016-02-05
AL GIARDINO|hp_frueh|3|2016-01-26
AL GIARDINO|14ursh|4|2015-12-30
AL GIARDINO|Georg1967|4|2015-12-22
AL GIARDINO|S6849XEsimonh|5|2015-12-15
AL GIARDINO|SirThomas00|3|2015-12-12
AL GIARDINO|RegiRey|3|2015-12-12
AL GIARDINO|manc1234|5|2015-12-02
AL GIARDINO|tonig956|5|2015-11-25
AL GIARDINO|hilippS226|4|2015-11-25
AL GIARDINO|patrickd609|3|2015-11-22
AL GIARDINO|Il_Gatto_CH|5|2015-11-17
AL GIARDINO|ReisevogelWinterthur|5|2015-10-28
AL GIARDINO|MZ-CH|5|2015-10-14
AL GIARDINO|Kilimangare|5|2015-09-15
AL GIARDINO|Adriana1111|5|2015-09-08
AL GIARDINO|andreasw152|4|2015-09-07
AL GIARDINO|brunojaeger|4|2015-09-01
AL GIARDINO|871haraldf|4|2015-08-19
AL GIARDINO|patriciaulmann|5|2015-08-17
AL GIARDINO|carolinh326|4|2015-08-10
AL GIARDINO|257monikan|4|2015-08-09
AL GIARDINO|Difusi|4|2015-08-08
AL GIARDINO|Jades007|5|2015-08-06
AL GIARDINO|davidz248|5|2015-08-06
AL GIARDINO|alf_auer|5|2015-08-06
AL GIARDINO|25romanr|4|2015-07-27
AL GIARDINO|279francoisg|5|2015-07-25
AL GIARDINO|3172YBthomasw|5|2015-07-19
AL GIARDINO|UrsA_13|5|2015-07-16
AL GIARDINO|andreaw941|5|2015-07-13
AL GIARDINO|Tinsmith2015|4|2015-07-12
AL GIARDINO|BBlattmer|5|2015-07-10
AL GIARDINO|yafee|5|2015-07-09
AL GIARDINO|Baudim|5|2015-07-01
AL GIARDINO|78pascalm|5|2015-05-27
AL GIARDINO|AndreaScalietti|5|2015-05-25
AL GIARDINO|mahadma72|5|2015-05-14
AL GIARDINO|unkmeister77|5|2015-05-09
AL GIARDINO|nricok154|2|2015-05-07
AL GIARDINO|peterbG2804LX|5|2015-05-05
AL GIARDINO|302gerhardk|5|2015-05-03
AL GIARDINO|Sinaadrian|5|2015-05-03
AL GIARDINO|Chefkoch1234|5|2015-05-02
AL GIARDINO|miguelr480|5|2015-05-02
AL GIARDINO|surfing9|5|2015-04-27
AL GIARDINO|882gabors|5|2015-04-25
AL GIARDINO|2015TY4|5|2015-04-20
AL GIARDINO|Nadav8883|5|2015-04-18
AL GIARDINO|cosimot274|5|2015-04-06
AL GIARDINO|artfashion|5|2015-03-29
AL GIARDINO|Borzaolo|4|2015-03-23
AL GIARDINO|Trip2616|3|2015-02-21
AL GIARDINO|X7753CJpeterb|5|2015-01-28
AL GIARDINO|Garbellotto|4|2014-12-09
AL GIARDINO|M609ORannab|4|2014-12-01
AL GIARDINO|arminnu|5|2014-11-28
AL GIARDINO|434ruedih|5|2014-11-27
AL GIARDINO|593gustavl|4|2014-11-16
AL GIARDINO|Tannermaese|5|2014-11-15
AL GIARDINO|Mathias_F184|5|2014-11-14
AL GIARDINO|787beats|5|2014-11-13
AL GIARDINO|GallusB_13|4|2014-11-11
AL GIARDINO|kenay460|1|2014-10-24
AL GIARDINO|FatimaBrenner|5|2014-07-14
AL GIARDINO|308filippof|3|2014-06-19
AL GIARDINO|462fabim|2|2014-05-09
AL GIARDINO|cheeky-kea|3|2014-03-09
AL GIARDINO|MZ-CH|5|2014-03-03
AL GIARDINO|MZ-CH|4|2014-01-29
AL GIARDINO|Soeren826|4|2014-01-09
AL GIARDINO|Engelberg56|5|2013-11-18
AL GIARDINO|DolfL|3|2013-11-10
AL GIARDINO|Menetekel|5|2013-09-02
AL GIARDINO|SapporoH|3|2013-08-24
AL GIARDINO|Gelbekugel|5|2013-08-14
AL GIARDINO|Vera5788|5|2013-08-13
AL GIARDINO|GerdHarry|2|2013-06-30
AL GIARDINO|Tomkat8376|5|2013-05-09
AL GIARDINO|MZ-CH|5|2013-05-06
AL GIARDINO|Winti1|5|2013-04-30
AL GIARDINO|842MarkB|5|2013-03-27
AL GIARDINO|Lara_LadinaK|5|2013-02-02
AL GIARDINO|Regula_1968|5|2013-01-11
AL GIARDINO|LinCHK|5|2012-10-12
AL GIARDINO|Vantheman007|4|2012-09-10
AL GIARDINO|Jami8823|5|2012-05-10
AL GIARDINO|gobehok|4|2012-02-03
AL GIARDINO|tzschenkel51|4|2015-10-07
AL GIARDINO|805gwen|5|2015-07-15
AL GIARDINO|YvesGG|5|2015-07-13
AL GIARDINO|g0ncalvesd|5|2015-07-11
AL GIARDINO|692luanad|5|2015-03-19
AL GIARDINO|prodepupazzo|5|2015-02-04
AL GIARDINO|RM3851|3|2014-12-09
AL GIARDINO|LosAngeles2009|5|2013-05-08
Molly Malone Irish Pub|172martino|5|2024-01-02
Molly Malone Irish Pub|Zehnd|5|2022-02-25
Molly Malone Irish Pub|Zehnd|5|2021-11-05
Molly Malone Irish Pub|HanspeterF938|4|2021-10-23
Molly Malone Irish Pub|msmc002|5|2020-10-17
Molly Malone Irish Pub|SvenG2411|4|2019-09-28
Molly Malone Irish Pub|Basti47|5|2018-12-30
Molly Malone Irish Pub|1Fave1|5|2018-12-28
Molly Malone Irish Pub|yannick_rafael|5|2018-11-06
Molly Malone Irish Pub|phireb|5|2018-09-21
Molly Malone Irish Pub|AdrianW3187|5|2018-06-23
Molly Malone Irish Pub|FreitagY|4|2018-03-11
Molly Malone Irish Pub|CediMoustache|4|2017-09-27
Molly Malone Irish Pub|cmoeller2016|4|2017-04-21
Molly Malone Irish Pub|L8523NBdeniseg|5|2017-04-03
Molly Malone Irish Pub|stammbach|3|2017-03-17
Molly Malone Irish Pub|MojoYou|5|2017-03-09
Molly Malone Irish Pub|RachelinAdliswil|3|2019-01-06
Molly Malone Irish Pub|aulShadwell|3|2017-06-24
Kuhn|amueller123|4|2023-09-05
Kuhn|WATCH2013|3|2023-02-17
Kuhn|srshana|4|2022-03-08
Kuhn|kaleidoskop1|2|2021-05-18
Kuhn|JohannesB839|4|2020-11-12
Kuhn|kaleidoskop1|5|2020-02-04
Kuhn|unaleana|1|2019-11-13
Kuhn|doni1974|1|2019-09-17
Kuhn|cardoperret|2|2019-06-15
Kuhn|Skarholt|4|2019-02-25
Kuhn|AnnaLeeW61|3|2018-10-28
Kuhn|jjenwagner|3|2018-09-29
Kuhn|peterS519HJ|3|2018-07-17
Kuhn|SuO_ZH|3|2018-07-10
Kuhn|ThomasR6261|2|2018-06-01
Kuhn|delgut|2|2018-05-26
Kuhn|469alfredk|4|2018-04-05
Kuhn|L0nelyTravel0r|3|2018-03-13
Kuhn|SarahS13288|4|2018-01-25
Kuhn|katlus|5|2018-01-22
Kuhn|dodolauti|4|2018-01-15
Kuhn|Mala82|4|2018-01-13
Kuhn|chrismarinab|2|2017-12-10
Kuhn|dynueesch|5|2017-09-20
Kuhn|Bapti13|4|2017-09-05
Kuhn|Romifers|3|2017-08-28
Kuhn|Karlos600|5|2017-08-06
Kuhn|twijth00|5|2017-08-01
Kuhn|peggytime78|5|2017-03-14
Kuhn|suessf|4|2017-01-10
Kuhn|martinwinti1000|5|2016-07-10
Kuhn|ursinae|5|2015-12-29
Kuhn|DanielS616|4|2015-12-20
Kuhn|Vespertilio|3|2015-12-09
Kuhn|Flores2870|4|2015-12-07
Kuhn|9mdo|2|2015-12-03
Kuhn|comewithus2|5|2015-11-15
Kuhn|heinzw401|5|2015-10-26
Kuhn|Res164|5|2015-08-15
Kuhn|holshollister|2|2019-05-17
Kuhn|dreg|5|2019-05-01
Kuhn|NickBaba17|4|2019-03-25
Kuhn|FormerCaliBoy|5|2017-02-14
William's Asia Restaurant|X382TEmonicam|5|2024-02-13
William's Asia Restaurant|825karinc|5|2023-05-20
William's Asia Restaurant|Rahelbugmann|5|2023-04-28
William's Asia Restaurant|Fischliii|5|2023-04-26
William's Asia Restaurant|kartoffelkaefer|5|2023-04-22
William's Asia Restaurant|Curiosity39215226258|5|2023-04-12
William's Asia Restaurant|IvoZolliker|5|2023-04-12
William's Asia Restaurant|Martinzbinden|5|2023-04-08
William's Asia Restaurant|Gourmetvisor|5|2023-02-27
William's Asia Restaurant|OrkaRies|4|2023-02-27
William's Asia Restaurant|Rockuknall|4|2023-02-08
William's Asia Restaurant|Kulinarisches_Leben|5|2023-02-08
William's Asia Restaurant|CosetteMoser|5|2023-02-06
William's Asia Restaurant|amueller123|5|2023-02-04
William's Asia Restaurant|992Estella|5|2023-01-20
William's Asia Restaurant|Sinx_2000|5|2023-01-20
William's Asia Restaurant|N5325OOmichelleb|5|2023-01-19
William's Asia Restaurant|MarcoM2315|5|2023-01-19
William's Asia Restaurant|Youalivebarry|5|2023-01-19
William's Asia Restaurant|LiaCamelia|5|2023-01-19
Spanish Harlem NYC|wintibelle|3|2018-07-09
Boilerroom|Trip14459776828|4|2024-08-11
Boilerroom|Sveti40|2|2024-03-22
Boilerroom|Ehgdubgkk|3|2023-12-09
Boilerroom|Sudoku92|1|2022-12-02
Boilerroom|88_benny|4|2021-10-12
Boilerroom|Radvila|5|2020-10-24
Boilerroom|Zoran-K|4|2020-10-14
Boilerroom|jerea88|5|2020-04-01
Boilerroom|320ralphs|4|2019-12-02
Boilerroom|Boilerkeule|3|2019-10-03
Boilerroom|Zoran-K|4|2019-03-01
Boilerroom|patrickheinz1207|4|2019-01-30
Boilerroom|nnyb728|3|2019-01-03
Boilerroom|84marcf|5|2018-11-23
Boilerroom|SeverinU7|5|2018-11-11
Boilerroom|SaleBrutale|5|2018-08-07
Boilerroom|gandalfw77|4|2018-07-04
Boilerroom|dofexcellence|3|2018-06-27
Boilerroom|andreassS3626YT|4|2018-02-13
Boilerroom|Alessiogiuliano1|2|2018-01-09
Boilerroom|Cubalibre90|4|2017-10-28
Boilerroom|Roemiii|4|2017-10-04
Boilerroom|jasmins963|4|2017-08-13
Boilerroom|giuliaanos|4|2017-07-31
Boilerroom|katiCH17|5|2017-07-19
Boilerroom|alexanderk439|4|2017-06-01
Boilerroom|Widmausl|3|2017-05-29
Boilerroom|Hantastisch|5|2017-05-09
Boilerroom|bogodil|4|2017-04-22
Boilerroom|Andywarhol88|4|2017-04-19
Boilerroom|miohi|4|2017-04-07
Boilerroom|nzodm980|5|2017-03-07
Boilerroom|Verdant81|4|2017-02-24
Boilerroom|VaniCri|5|2017-01-28
Boilerroom|DanielaV3153|5|2017-01-05
Boilerroom|XELA91|4|2016-11-04
Boilerroom|Quincylein|5|2016-10-30
Boilerroom|amo99|5|2016-10-01
Boilerroom|slickking|4|2016-09-21
Boilerroom|martinwinti1000|3|2016-07-26
Boilerroom|abianp124|4|2016-07-13
Boilerroom|172martino|5|2016-06-01
Boilerroom|Satoriosaka|4|2016-04-21
Boilerroom|marcwyler2|5|2016-04-17
Boilerroom|971carmenk|3|2016-03-22
Boilerroom|augundohr1|4|2016-03-06
Boilerroom|710kimberleyh|5|2016-03-02
Boilerroom|B-Reisende|4|2016-02-14
Boilerroom|kafipause|4|2016-01-23
Boilerroom|kariren|4|2015-12-16
Boilerroom|baeumli|5|2015-12-13
Boilerroom|verm204|4|2015-10-30
Boilerroom|ninasI3732FP|5|2015-10-02
Boilerroom|nina_oceana|3|2015-09-09
Boilerroom|valerieh251|4|2015-07-26
Boilerroom|G0urmand01|5|2015-07-16
Boilerroom|dorish635|5|2015-06-17
Boilerroom|swissy1983|3|2015-05-18
Boilerroom|Soledad6|3|2015-05-13
Boilerroom|voyager02112|4|2015-05-05
Boilerroom|Nibosan|4|2015-03-10
Boilerroom|posamo|4|2015-02-05
Boilerroom|ukyonline|3|2015-01-07
Boilerroom|Samy-ch|4|2015-01-07
Boilerroom|Miicki|5|2014-12-21
Boilerroom|ckgoesadvisor|2|2014-12-16
Boilerroom|pinkygoesabroad|5|2014-09-19
Boilerroom|hrlin|4|2014-05-01
Boilerroom|921aem|5|2013-12-21
Boilerroom|D0N_Fredo|5|2013-11-14
Boilerroom|MarkP460|4|2013-05-14
Boilerroom|83MarkS|5|2013-04-22
Boilerroom|tschaese|4|2012-12-19
Boilerroom|Meerrauschen|4|2012-11-07
Boilerroom|teaage|5|2011-12-11
Boilerroom|georgiou-julian|1|2019-11-08
Boilerroom|Graido|5|2019-06-20
Boilerroom|Isabel_K90|4|2017-05-24
Boilerroom|RaymondRoesti|2|2017-05-10
Boilerroom|SaleBrutale|5|2016-08-04
Boilerroom|FormerCaliBoy|3|2015-10-23
Boilerroom|Ev-K-Wa|3|2015-07-08
Boilerroom|parallelthought|4|2015-05-27
Boilerroom|Morrovalle|4|2013-07-01
Santa Lucia Winterthur|Departure47274827769|5|2024-03-17
Santa Lucia Winterthur|I9901ETsophiat|5|2024-02-17
Santa Lucia Winterthur|gulas2024|5|2024-02-03
Santa Lucia Winterthur|ursberli|5|2023-12-11
Santa Lucia Winterthur|michellehT6165WZ|5|2023-10-31
Santa Lucia Winterthur|Odyssey68657993098|5|2023-10-26
Santa Lucia Winterthur|Leo_vanr|5|2023-10-26
Santa Lucia Winterthur|CassyFrank|5|2023-10-14
Santa Lucia Winterthur|andb996|3|2023-10-10
Santa Lucia Winterthur|B8584AObarbarah|5|2023-09-03
Santa Lucia Winterthur|assenger28035325183|5|2023-06-15
Santa Lucia Winterthur|579devilc|5|2023-05-09
Santa Lucia Winterthur|jetonz72|5|2023-02-26
Santa Lucia Winterthur|XELA91|5|2023-02-21
Santa Lucia Winterthur|Sudoku92|5|2022-12-02
Santa Lucia Winterthur|Sune0709|3|2022-11-05
Santa Lucia Winterthur|carolinm155|2|2022-10-26
Santa Lucia Winterthur|Lamy1608|5|2022-10-03
Santa Lucia Winterthur|Curious04545473047|5|2022-09-24
Santa Lucia Winterthur|TheTravellerDave|2|2021-07-29
Santa Lucia Winterthur|Melapos|5|2021-07-18
Santa Lucia Winterthur|helbru2018|5|2020-11-17
Santa Lucia Winterthur|msmc002|2|2020-10-17
Santa Lucia Winterthur|Wunderbeiz|4|2020-10-06
Santa Lucia Winterthur|36gabim|4|2020-08-02
Santa Lucia Winterthur|monikaf401|5|2020-01-06
Santa Lucia Winterthur|Aluxxe|5|2020-01-06
Santa Lucia Winterthur|101010101101010101|5|2019-12-28
Santa Lucia Winterthur|AlexanderH35|4|2019-12-01
Santa Lucia Winterthur|bedad|5|2019-11-17
Santa Lucia Winterthur|Moswey_Hitsch|3|2019-11-12
Santa Lucia Winterthur|Famielien|5|2019-11-07
Santa Lucia Winterthur|Arber1993|5|2019-10-30
Santa Lucia Winterthur|TrAvEL_ZiChEl|4|2019-10-05
Santa Lucia Winterthur|847birgitw|4|2019-09-30
Santa Lucia Winterthur|Betlaze|5|2019-09-15
Santa Lucia Winterthur|Koradir|4|2019-03-13
Santa Lucia Winterthur|Skarholt|5|2019-02-26
Santa Lucia Winterthur|Trader66|4|2019-02-12
Santa Lucia Winterthur|SuO_ZH|3|2019-01-05
Santa Lucia Winterthur|baenz-49|4|2018-12-27
Santa Lucia Winterthur|542rogerr|3|2018-11-30
Santa Lucia Winterthur|413ren_k|4|2018-11-22
Santa Lucia Winterthur|georgf387|5|2018-11-13
Santa Lucia Winterthur|peterbZ3522EQ|5|2018-11-05
Santa Lucia Winterthur|AdaB107|5|2018-10-12
Santa Lucia Winterthur|Zugella|5|2018-08-24
Santa Lucia Winterthur|RobaanA|4|2018-08-10
Santa Lucia Winterthur|christianlX6624GH|5|2018-07-30
Santa Lucia Winterthur|soniabenRomdhane|4|2018-06-23
Santa Lucia Winterthur|sylejmand|5|2018-06-14
Santa Lucia Winterthur|sk8terztyle|4|2018-03-23
Santa Lucia Winterthur|christiancU622JZ|4|2018-02-22
Santa Lucia Winterthur|Britta_Ha|3|2018-01-22
Santa Lucia Winterthur|winti93|2|2018-01-22
Santa Lucia Winterthur|WernerandM-C|3|2018-01-21
Santa Lucia Winterthur|sandrog687|4|2017-12-13
Santa Lucia Winterthur|WiebkeL56|3|2017-12-09
Santa Lucia Winterthur|RolfKH|3|2017-09-29
Santa Lucia Winterthur|dynueesch|4|2017-09-21
Santa Lucia Winterthur|MatTiger|4|2017-08-18
Santa Lucia Winterthur|Kayt2538|2|2017-05-20
Santa Lucia Winterthur|berto00702|4|2017-05-13
Santa Lucia Winterthur|123456789lisa|5|2017-05-08
Santa Lucia Winterthur|henryswiss|3|2017-03-13
Santa Lucia Winterthur|542rogerr|4|2017-02-19
Santa Lucia Winterthur|NikB545|2|2017-02-13
Santa Lucia Winterthur|Waterpolo1s|4|2017-02-09
Santa Lucia Winterthur|thomasbT709EP|5|2017-02-01
Santa Lucia Winterthur|andher347|5|2017-01-02
Santa Lucia Winterthur|conosci2re|4|2016-12-05
Santa Lucia Winterthur|chraebsrolae|4|2016-11-30
Santa Lucia Winterthur|amelliger|3|2016-10-29
Santa Lucia Winterthur|794sahraa|3|2016-10-18
Santa Lucia Winterthur|Waterpolo1s|4|2016-09-08
Santa Lucia Winterthur|988marija|5|2016-05-26
Santa Lucia Winterthur|timop481|4|2016-05-23
Santa Lucia Winterthur|joyzora1994|4|2016-05-21
Santa Lucia Winterthur|cheeky-kea|3|2016-04-03
Santa Lucia Winterthur|ammert|4|2016-03-23
Santa Lucia Winterthur|BellaBavaria|4|2016-03-07
Santa Lucia Winterthur|martinwinti1000|3|2016-02-20
Santa Lucia Winterthur|Superhirn|4|2016-02-19
Santa Lucia Winterthur|chrischi000007|4|2015-12-21
Santa Lucia Winterthur|Vespertilio|4|2015-11-19
Santa Lucia Winterthur|Hyppo53|4|2015-11-18
Santa Lucia Winterthur|stegi4rex|2|2015-10-19
Santa Lucia Winterthur|CedTheTraveller|5|2015-08-10
Santa Lucia Winterthur|J_Borbeck|4|2015-08-08
Santa Lucia Winterthur|517caesarw|3|2015-06-15
Santa Lucia Winterthur|comewithus2|4|2015-05-18
Santa Lucia Winterthur|t0c|4|2015-03-20
Santa Lucia Winterthur|bawely|4|2015-02-18
Santa Lucia Winterthur|xelman46|4|2015-01-07
Santa Lucia Winterthur|kbbb7|4|2014-11-13
Santa Lucia Winterthur|yolandav770|4|2014-11-02
Santa Lucia Winterthur|Sushita77|4|2014-10-20
Santa Lucia Winterthur|angelasQ2109ZU|5|2014-08-31
Santa Lucia Winterthur|OliverA397|3|2014-08-13
Santa Lucia Winterthur|117|5|2014-02-21
Santa Lucia Winterthur|t0c|3|2013-10-14
Santa Lucia Winterthur|GallusB_13|5|2013-06-04
Santa Lucia Winterthur|716JennyM|4|2013-05-30
Santa Lucia Winterthur|SvenD8672|4|2013-04-13
Santa Lucia Winterthur|Mikey-Winti|2|2013-03-20
Santa Lucia Winterthur|Incocnito|4|2013-02-20
Santa Lucia Winterthur|tschaese|4|2012-12-19
Santa Lucia Winterthur|Marco_Koch_1978|4|2012-10-13
Santa Lucia Winterthur|Schludervogel|4|2012-08-16
Santa Lucia Winterthur|aco_Switzerland|4|2012-01-30
Santa Lucia Winterthur|Vancouver1981|5|2011-12-26
Santa Lucia Winterthur|jacky2011_06|4|2011-11-11
Santa Lucia Winterthur|jason7401|3|2011-08-26
Santa Lucia Winterthur|dkraft|5|2011-03-05
Santa Lucia Winterthur|atriciaBremner|5|2020-08-18
Santa Lucia Winterthur|mariosO8894SX|4|2017-07-26
Santa Lucia Winterthur|JudyP520|4|2017-06-03
Santa Lucia Winterthur|H1224XMjohnl|4|2017-03-27
Santa Lucia Winterthur|85rob|2|2016-07-08
Santa Lucia Winterthur|sharon33191|4|2016-05-16
Santa Lucia Winterthur|peterpM3050OC|5|2016-02-22
Santa Lucia Winterthur|ChristinaKorsgaard|5|2015-08-21
Santa Lucia Winterthur|bartlomiejp2014|4|2015-03-26
Santa Lucia Winterthur|nnagata75|4|2014-12-31
Santa Lucia Winterthur|Mattia103|3|2014-12-09
Santa Lucia Winterthur|HaT73|4|2014-12-05
Santa Lucia Winterthur|Wendy_Tony_11|4|2014-08-04
Santa Lucia Winterthur|446mariat|4|2014-05-20
Santa Lucia Winterthur|quarup|4|2013-09-16
Santa Lucia Winterthur|synchroswimchick|5|2012-07-25
Baby|NiciT74|5|2024-07-10
Baby|neer60304195101|5|2023-08-25
Baby|msjones_ch|5|2023-02-22
Baby|abianf8|5|2023-02-22
Baby|RahelAfsharian|5|2023-02-22
Baby|patrickj140|5|2023-02-17
Restaurant Weinberg Wülflingen|karls934|5|2021-12-02
Restaurant Weinberg Wülflingen|walterbranca|5|2021-04-04
Restaurant Weinberg Wülflingen|walterbranca|5|2020-12-30
Restaurant Weinberg Wülflingen|Heins3000|5|2020-10-15
Restaurant Weinberg Wülflingen|4Levent|5|2019-12-02
Restaurant Weinberg Wülflingen|4Levent|5|2019-09-08
Restaurant Weinberg Wülflingen|JorgeV3628|5|2019-08-19
Restaurant Weinberg Wülflingen|amartinssimoes|5|2019-05-18
Restaurant Weinberg Wülflingen|annaB2118FV|5|2018-11-10
Restaurant Weinberg Wülflingen|katerina8882018|5|2018-07-12
Restaurant Weinberg Wülflingen|helvetica-10_|5|2018-04-25
Restaurant Weinberg Wülflingen|baroc6456|4|2018-04-15
Restaurant Weinberg Wülflingen|xelman46|5|2018-04-02
Restaurant Weinberg Wülflingen|zipperbysam|3|2017-12-09
Restaurant Weinberg Wülflingen|IngredientsTraveller|5|2017-10-22
Restaurant Weinberg Wülflingen|Salvatore2608|4|2017-10-07
Restaurant Weinberg Wülflingen|xelman46|5|2017-09-13
Restaurant Weinberg Wülflingen|Radvila|5|2017-09-11
Restaurant Weinberg Wülflingen|0rdinary|5|2017-08-03
Restaurant Weinberg Wülflingen|nzodm980|5|2017-07-31
Restaurant Weinberg Wülflingen|helvetica-10_|5|2017-05-03
Restaurant Weinberg Wülflingen|sonjab422|5|2017-01-20
Restaurant Weinberg Wülflingen|S5436FJmichaelb|5|2016-12-14
Restaurant Weinberg Wülflingen|xelman46|5|2016-07-23
Restaurant Weinberg Wülflingen|T9194RTpatrickp|4|2016-07-19
Restaurant Weinberg Wülflingen|172martino|4|2016-05-17
Restaurant Weinberg Wülflingen|Ringelmeister|5|2016-05-04
Restaurant Weinberg Wülflingen|Zoran-K|4|2016-03-18
Restaurant Weinberg Wülflingen|Ringelmeister|4|2015-02-19
Restaurant Weinberg Wülflingen|sonnym414|5|2014-12-10
Restaurant Weinberg Wülflingen|abir2014|5|2014-05-23
Restaurant Weinberg Wülflingen|terra_72|2|2014-02-22
Restaurant Weinberg Wülflingen|117|3|2014-02-21
Restaurant Weinberg Wülflingen|22SandroF|4|2013-12-28
Restaurant Weinberg Wülflingen|menth0l|3|2019-10-20
Trattoria La Torre|gurktaler|5|2024-02-02
Trattoria La Torre|Tajci84|5|2023-11-08
Trattoria La Torre|Zoran-K|4|2023-09-04
Trattoria La Torre|Tour17663440206|5|2022-02-04
Trattoria La Torre|542rogerr|4|2022-02-03
Trattoria La Torre|Roving60066214266|5|2021-11-04
Trattoria La Torre|Muuude|5|2019-09-08
Trattoria La Torre|Mari-500-1989|5|2019-07-09
Trattoria La Torre|monster1966|1|2019-07-06
Trattoria La Torre|augundohr1|5|2019-03-19
Trattoria La Torre|ucksackfreunde|4|2019-03-09
Trattoria La Torre|Muuude|5|2018-03-03
Trattoria La Torre|Toto763|4|2018-01-31
Trattoria La Torre|580uelir|5|2017-12-22
Trattoria La Torre|janices879|4|2017-11-18
Trattoria La Torre|xfab|5|2017-10-02
Trattoria La Torre|NadjaDegen|5|2017-09-13
Trattoria La Torre|Mustardkitten|4|2017-08-23
Trattoria La Torre|mosara2014|5|2017-07-15
Trattoria La Torre|SilvioJ223|4|2017-07-07
Trattoria La Torre|marcoaU1152MN|1|2017-02-13
Trattoria La Torre|gliwilly6|5|2017-01-26
Trattoria La Torre|gurktaler|4|2016-12-28
Trattoria La Torre|gliwilly6|5|2016-12-05
Trattoria La Torre|842MarkB|4|2016-11-24
Trattoria La Torre|Voyager617891|5|2016-08-23
Trattoria La Torre|834verenam|1|2016-08-18
Trattoria La Torre|880basilm|5|2016-04-29
Trattoria La Torre|marcwyler2|5|2016-04-17
Trattoria La Torre|Balthazar-Sihlcity|5|2016-03-16
Trattoria La Torre|Culture25586555146|5|2016-01-05
Trattoria La Torre|kariren|4|2015-12-20
Trattoria La Torre|Freidel|5|2015-11-20
Trattoria La Torre|Soledad6|4|2015-11-16
Trattoria La Torre|Corneliachristen|1|2015-09-23
Trattoria La Torre|dieterschindler|5|2015-09-17
Trattoria La Torre|ch-weltenbummler|4|2015-09-06
Trattoria La Torre|queen_bee_winti|5|2015-07-20
Trattoria La Torre|880basilm|5|2015-06-19
Trattoria La Torre|Superhirn|4|2015-06-18
Trattoria La Torre|schnitzelbrot|5|2015-03-20
Trattoria La Torre|pekkaxcv|4|2014-12-18
Trattoria La Torre|yolandav770|4|2014-11-02
Trattoria La Torre|prh90|5|2013-12-30
Trattoria La Torre|gurktaler|5|2013-10-30
Trattoria La Torre|ch-weltenbummler|4|2013-09-04
Trattoria La Torre|217andr_z|5|2013-09-03
Trattoria La Torre|SapporoH|4|2013-08-24
Trattoria La Torre|tzschenkel51|5|2020-06-16
Trattoria La Torre|82_Elli|5|2014-02-06
Frohsinn Eidberg Winterthur|mmoreis|5|2024-08-02
Frohsinn Eidberg Winterthur|Voyage28325724400|5|2024-07-16
Frohsinn Eidberg Winterthur|nadinebi1985|5|2023-11-12
Frohsinn Eidberg Winterthur|arlicht55|4|2023-08-07
Frohsinn Eidberg Winterthur|Reto04|5|2023-06-30
Frohsinn Eidberg Winterthur|Reto04|5|2023-05-26
Frohsinn Eidberg Winterthur|Vtxmail|5|2023-05-07
Frohsinn Eidberg Winterthur|Reika2011|5|2023-03-17
Frohsinn Eidberg Winterthur|mandyf235|5|2023-03-12
Frohsinn Eidberg Winterthur|Reto04|5|2023-02-24
Frohsinn Eidberg Winterthur|mickey99199|5|2023-01-29
Frohsinn Eidberg Winterthur|RogerWeg|4|2022-05-19
Frohsinn Eidberg Winterthur|940hansf|5|2022-05-18
Frohsinn Eidberg Winterthur|J9863MBbrunob|5|2022-03-27
Frohsinn Eidberg Winterthur|536DavidN|5|2021-10-13
Frohsinn Eidberg Winterthur|binaerCH|5|2020-09-16
Frohsinn Eidberg Winterthur|cosmopolitain_barb|4|2020-05-24
Frohsinn Eidberg Winterthur|SEE_12|4|2020-04-21
Frohsinn Eidberg Winterthur|510renated|5|2018-10-21
Frohsinn Eidberg Winterthur|traegerharald|4|2018-08-28
Frohsinn Eidberg Winterthur|AnnaLeeW61|4|2017-11-17
Frohsinn Eidberg Winterthur|johannesw764|4|2017-08-22
Frohsinn Eidberg Winterthur|mariusfkraemer|5|2017-06-16
Frohsinn Eidberg Winterthur|Martin_P6219|3|2016-06-01
Frohsinn Eidberg Winterthur|arlicht55|4|2015-04-18
Frohsinn Eidberg Winterthur|Turicum1313|5|2015-02-24
Osteria del fiore|Luici18|5|2024-07-03
Osteria del fiore|Explore20627577768|5|2024-06-28
Osteria del fiore|Mobile62956062275|5|2024-06-22
Osteria del fiore|Sightsee22669243537|5|2024-06-22
Osteria del fiore|X4874CUannettes|5|2024-05-11
Osteria del fiore|schnei|5|2024-05-11
Osteria del fiore|Sune0709|2|2023-12-05
Osteria del fiore|T8839RDandreass|1|2023-10-11
Osteria del fiore|WeltenbummlerSchweiz|3|2023-10-02
Osteria del fiore|c_reist|5|2023-07-26
8405 Winterthur - Seen|dyvoseen|5|2017-11-01
Cafe Bar Alltag|Sune0709|2|2023-11-19
Cafe Bar Alltag|Camper58886430768|5|2022-08-03
Cafe Bar Alltag|hgutmann|4|2020-08-02
Cafe Bar Alltag|Leckerschmecker567|5|2020-07-02
Cafe Bar Alltag|dominikg359|4|2020-02-10
Cafe Bar Alltag|Mary_v73|2|2019-07-21
Cafe Bar Alltag|Reinerpflanz|3|2019-02-04
Cafe Bar Alltag|JuAck|2|2018-08-28
Cafe Bar Alltag|Cabrio44|3|2018-04-17
Cafe Bar Alltag|khhexe|5|2017-05-29
Cafe Bar Alltag|amelliger|4|2017-03-06
Cafe Bar Alltag|silkea2015|4|2017-02-16
Cafe Bar Alltag|MarkWinti|3|2016-07-15
Cafe Bar Alltag|Duvaud|5|2016-04-08
Cafe Bar Alltag|Meno82|5|2016-03-18
Cafe Bar Alltag|969verenat|5|2014-10-14
Cafe Bar Alltag|Lara_LadinaK|4|2013-02-02
Cafe Bar Alltag|Zonkeymonkey|3|2013-01-27
Cafe Bar Alltag|Vantheman007|4|2012-09-10
Cafe Bar Alltag|kayak1234|4|2011-01-09
Cafe Bar Alltag|777_Carla|4|2018-01-03
Cafe Bar Alltag|321claudiak|4|2017-10-11
Cafe Bar Alltag|nab88|4|2016-03-03
Cafe Bar Alltag|KajaK601|4|2013-11-29
Restaurant Ochsen|pi200|5|2019-08-23
Bar Ristorante Pizzeria Buon Gusto|LasVegas2323|3|2023-04-29
Bar Ristorante Pizzeria Buon Gusto|aede59|4|2022-09-22
Bar Ristorante Pizzeria Buon Gusto|Travelaround2016|5|2022-05-11
Bar Ristorante Pizzeria Buon Gusto|huettenbart|5|2020-11-06
Bar Ristorante Pizzeria Buon Gusto|nifiolino|5|2020-07-11
Bar Ristorante Pizzeria Buon Gusto|SerkanG657|5|2020-06-30
Bar Ristorante Pizzeria Buon Gusto|1enz01|5|2020-06-30
Bar Ristorante Pizzeria Buon Gusto|nico1234ard|5|2020-06-26
Bar Ristorante Pizzeria Buon Gusto|Enzox87x|1|2020-06-22
Bar Ristorante Pizzeria Buon Gusto|pedramkhodaparast|5|2020-05-25
Bar Ristorante Pizzeria Buon Gusto|B3592PPlucap|5|2020-02-16
Bar Ristorante Pizzeria Buon Gusto|R4236MJroberts|3|2020-02-11
Bar Ristorante Pizzeria Buon Gusto|Dream739332|2|2019-12-05
Bar Ristorante Pizzeria Buon Gusto|335laraf|5|2019-09-24
Bar Ristorante Pizzeria Buon Gusto|Dodge_bassersdorf|5|2019-09-07
Bar Ristorante Pizzeria Buon Gusto|AnMoReH|5|2019-08-25
Bar Ristorante Pizzeria Buon Gusto|Roy17music|5|2019-08-23
Bar Ristorante Pizzeria Buon Gusto|T9194RTpatrickp|4|2019-05-10
Bar Ristorante Pizzeria Buon Gusto|michaelnH874BQ|4|2019-03-29
Bar Ristorante Pizzeria Buon Gusto|Oppe90|5|2019-03-24
Bar Ristorante Pizzeria Buon Gusto|Wilddanny72|4|2019-03-21
Bar Ristorante Pizzeria Buon Gusto|myary|5|2019-03-10
Bar Ristorante Pizzeria Buon Gusto|DeniseH3060|4|2019-02-16
Bar Ristorante Pizzeria Buon Gusto|ASTAN99|5|2019-01-03
Bar Ristorante Pizzeria Buon Gusto|gurinim|5|2018-12-05
Bar Ristorante Pizzeria Buon Gusto|223matthiass|5|2018-09-03
Bar Ristorante Pizzeria Buon Gusto|hannameise|4|2018-08-27
Bar Ristorante Pizzeria Buon Gusto|SerpenT1|4|2018-08-12
Bar Ristorante Pizzeria Buon Gusto|nzodm980|5|2018-06-18
Bar Ristorante Pizzeria Buon Gusto|RebeccaM5648|5|2018-06-08
Bar Ristorante Pizzeria Buon Gusto|uedihans|5|2018-06-04
Bar Ristorante Pizzeria Buon Gusto|jule_1990|4|2018-05-20
Bar Ristorante Pizzeria Buon Gusto|gabriellamark|5|2018-03-07
Bar Ristorante Pizzeria Buon Gusto|a42|5|2018-02-25
Bar Ristorante Pizzeria Buon Gusto|269simih|5|2018-01-28
Bar Ristorante Pizzeria Buon Gusto|T9194RTpatrickp|5|2018-01-14
Bar Ristorante Pizzeria Buon Gusto|brugaru|5|2017-11-25
Bar Ristorante Pizzeria Buon Gusto|T9194RTpatrickp|5|2017-11-12
Bar Ristorante Pizzeria Buon Gusto|creativc0nsulting|4|2017-10-16
Bar Ristorante Pizzeria Buon Gusto|T9194RTpatrickp|4|2017-08-30
Bar Ristorante Pizzeria Buon Gusto|tmc20956|5|2017-08-23
Bar Ristorante Pizzeria Buon Gusto|AnHu11|5|2017-08-23
Bar Ristorante Pizzeria Buon Gusto|Linard89|2|2017-08-12
Bar Ristorante Pizzeria Buon Gusto|abrizioapa|5|2017-07-18
Bar Ristorante Pizzeria Buon Gusto|ErichB232|3|2017-05-30
Bar Ristorante Pizzeria Buon Gusto|BERTONE2211|5|2017-05-17
Bar Ristorante Pizzeria Buon Gusto|arlicht55|4|2017-02-25
Bar Ristorante Pizzeria Buon Gusto|Ray81|4|2017-02-17
Bar Ristorante Pizzeria Buon Gusto|466jensw|5|2017-02-13
Bar Ristorante Pizzeria Buon Gusto|covonem|5|2017-02-12
Bar Ristorante Pizzeria Buon Gusto|XELA91|4|2017-01-26
Bar Ristorante Pizzeria Buon Gusto|Ciccio6513|4|2017-01-23
Bar Ristorante Pizzeria Buon Gusto|ViviMDC|1|2017-01-21
Bar Ristorante Pizzeria Buon Gusto|meisti2017|5|2017-01-02
Bar Ristorante Pizzeria Buon Gusto|773hansr|5|2016-12-23
Bar Ristorante Pizzeria Buon Gusto|AlessandroV1035|5|2016-12-22
Bar Ristorante Pizzeria Buon Gusto|gurktaler|2|2016-11-26
Bar Ristorante Pizzeria Buon Gusto|jmsldr|5|2016-10-16
Bar Ristorante Pizzeria Buon Gusto|twijth00|2|2016-09-24
Bar Ristorante Pizzeria Buon Gusto|Q1318WLnicoler|5|2016-09-22
Bar Ristorante Pizzeria Buon Gusto|BrunoD4724|5|2016-09-13
Bar Ristorante Pizzeria Buon Gusto|844johannesb|5|2016-08-24
Bar Ristorante Pizzeria Buon Gusto|dfguzt123|3|2016-08-15
Bar Ristorante Pizzeria Buon Gusto|UrsA85|3|2016-08-15
Bar Ristorante Pizzeria Buon Gusto|335laraf|5|2016-08-10
Bar Ristorante Pizzeria Buon Gusto|Florian198412|5|2016-08-06
Bar Ristorante Pizzeria Buon Gusto|ampanic|5|2016-08-05
Bar Ristorante Pizzeria Buon Gusto|ascalG2081|5|2016-08-05
Bar Ristorante Pizzeria Buon Gusto|Jades007|3|2016-08-05
Bar Ristorante Pizzeria Buon Gusto|Sandra09070608|5|2016-08-01
Bar Ristorante Pizzeria Buon Gusto|auloM5574|5|2016-07-14
Bar Ristorante Pizzeria Buon Gusto|859oliverg|5|2016-07-11
Bar Ristorante Pizzeria Buon Gusto|DeboraZ177|4|2016-06-06
Bar Ristorante Pizzeria Buon Gusto|BrunoD4724|5|2016-06-01
Bar Ristorante Pizzeria Buon Gusto|mario0505|5|2016-05-22
Bar Ristorante Pizzeria Buon Gusto|maleDucati80|5|2016-05-21
Bar Ristorante Pizzeria Buon Gusto|ttav2013|4|2016-05-18
Bar Ristorante Pizzeria Buon Gusto|Miggeli1010|5|2016-05-12
Bar Ristorante Pizzeria Buon Gusto|284ramonas|4|2016-05-07
Bar Ristorante Pizzeria Buon Gusto|S4935HDpedros|5|2016-05-01
Bar Ristorante Pizzeria Buon Gusto|pedrocR4797SC|5|2016-04-09
Bar Ristorante Pizzeria Buon Gusto|25LaFleur25|5|2016-02-28
Bar Ristorante Pizzeria Buon Gusto|hilipp_Peter|5|2016-02-24
Bar Ristorante Pizzeria Buon Gusto|RudolfJ_13|4|2016-01-13
Bar Ristorante Pizzeria Buon Gusto|SarahS13288|4|2015-12-31
Bar Ristorante Pizzeria Buon Gusto|1enz01|5|2015-10-15
Bar Ristorante Pizzeria Buon Gusto|Ciccio6513|4|2015-09-10
Bar Ristorante Pizzeria Buon Gusto|Nibosan|5|2015-09-08
Bar Ristorante Pizzeria Buon Gusto|RaymondRoesti|4|2016-11-18
Bar Ristorante Pizzeria Buon Gusto|MichaelV763|5|2015-10-01
Pasta E Piu|jkjkjkujkjj|5|2022-01-12
Pasta E Piu|wintibelle|1|2021-10-23
Pasta E Piu|DanielG12919|5|2021-09-11
Pasta E Piu|9oneone|5|2021-01-10
Pasta E Piu|Georg1967|4|2020-09-25
Pasta E Piu|baslighter371|5|2020-05-29
Pasta E Piu|Ninaveg123|5|2019-11-27
Pasta E Piu|alessiadeca|5|2019-05-21
Pasta E Piu|schmid_m85|5|2019-03-19
Pasta E Piu|Getaway586117|5|2018-09-09
Pasta E Piu|Anjalisp|5|2018-06-06
Pasta E Piu|Anjalisp|5|2018-03-25
Pasta E Piu|mmenacher|5|2017-09-23
Pasta E Piu|MikeLeeW|4|2017-07-22
Pasta E Piu|Martin_P6219|4|2017-06-20
Pasta E Piu|marinawinti|4|2016-11-04
Pasta E Piu|Superhirn|4|2016-09-19
Pasta E Piu|tonig904|5|2016-08-03
Pasta E Piu|streetspy666|4|2016-06-24
Pasta E Piu|martinwinti1000|2|2016-06-10
Pasta E Piu|597peters597|4|2016-02-04
Pasta E Piu|unic2128|4|2015-12-27
Pasta E Piu|mustieva|5|2015-11-21
Pasta E Piu|MikeLeeW|2|2015-11-08
Pasta E Piu|andreasgregro|4|2020-02-24
Pasta E Piu|NickBaba17|5|2018-07-11
Pasta E Piu|gripen73|5|2018-05-13
Pasta E Piu|HerbertvonKa|4|2017-05-07
Pasta E Piu|HerbertvonKa|5|2016-12-08
Osteria Mamma Rosa|NorthStar52131266807|5|2024-08-18
Osteria Mamma Rosa|Franziska76|5|2024-08-06
Osteria Mamma Rosa|83MarkS|5|2024-06-20
Thai Restaurant Bamboo|GoPlaces13470881719|5|2024-03-11
Thai Restaurant Bamboo|CorneliaG-Reinach|3|2024-02-24
Thai Restaurant Bamboo|AureliaS263|4|2019-09-15
Thai Restaurant Bamboo|TamaraSu20|3|2019-09-08
Thai Restaurant Bamboo|tho-webe|1|2019-03-10
Thai Restaurant Bamboo|Ta-Mue-123|4|2019-03-01
Thai Restaurant Bamboo|white-charlie-girl|3|2018-04-10
Thai Restaurant Bamboo|jasmins963|4|2018-03-11
Thai Restaurant Bamboo|956ursg|5|2018-02-27
Thai Restaurant Bamboo|DC8352|4|2018-01-05
Thai Restaurant Bamboo|LoredanaI156|5|2017-11-30
Thai Restaurant Bamboo|Suri-from-Winterthur|4|2017-10-22
Thai Restaurant Bamboo|EgAlRa|5|2017-08-27
Thai Restaurant Bamboo|katiCH17|1|2017-08-20
Thai Restaurant Bamboo|studer4|2|2017-08-17
Thai Restaurant Bamboo|CristinaF3957|5|2017-07-12
Thai Restaurant Bamboo|giuliader|5|2017-07-12
Thai Restaurant Bamboo|A8911YPstefanos|3|2017-07-11
Thai Restaurant Bamboo|mspoki|4|2017-06-24
Thai Restaurant Bamboo|M1256XMmarioc|4|2017-04-29
Thai Restaurant Bamboo|HonestInfo|1|2017-03-31
Thai Restaurant Bamboo|martinj244|1|2017-03-26
Thai Restaurant Bamboo|martinj244|1|2017-02-10
Thai Restaurant Bamboo|phonphet|5|2017-02-10
Thai Restaurant Bamboo|569kellerc|3|2016-12-23
Thai Restaurant Bamboo|simonhasler50|4|2016-12-12
Thai Restaurant Bamboo|694raphaelt|5|2016-11-27
Thai Restaurant Bamboo|Ultraferrum|4|2016-09-24
Thai Restaurant Bamboo|nfach_cool|3|2016-06-18
Thai Restaurant Bamboo|Dica_1988|1|2016-06-12
Thai Restaurant Bamboo|UrsA_13|4|2014-05-01
Thai Restaurant Bamboo|niemehrfleisch|1|2014-03-02
Thai Restaurant Bamboo|Sbbod|4|2018-11-07
Thai Restaurant Bamboo|99Display_Name99|4|2017-05-23
Thai Restaurant Bamboo|JenniferJ588|4|2016-09-18
Thai Restaurant Bamboo|ZO-O300|3|2016-05-25
Thai Restaurant Bamboo|twicked|3|2015-11-24
Thai Restaurant Bamboo|KennyTanTw|3|2015-07-14
Thai Restaurant Bamboo|mrsorso|4|2014-11-08
Restaurant Bären|b_diaz1983|4|2022-03-09
Restaurant Bären|Marc55SL|5|2021-05-30
Restaurant Bären|hermilo47|4|2019-10-21
Restaurant Bären|karls934|5|2018-06-26
Restaurant Bären|155imranj|5|2017-11-07
Restaurant Bären|anziskas440|4|2017-02-03
Restaurant Bären|andher347|4|2016-10-27
Jederziit Im Gate27|peterbZ3522EQ|5|2020-01-26
Jederziit Im Gate27|kleinhirn39|5|2019-02-11
Jederziit Im Gate27|petr0vicv|5|2018-09-06
Jederziit Im Gate27|614claudiof|4|2018-08-25
Jederziit Im Gate27|590nicoller|5|2017-11-04
Jederziit Im Gate27|Swisstravellover|5|2017-03-07
Jederziit Im Gate27|talm85|4|2016-09-17
Jederziit Im Gate27|587matthiasz|5|2016-09-12
Jederziit Im Gate27|311markusr|5|2016-08-20
Jederziit Im Gate27|stefan020168|5|2016-03-03
Jederziit Im Gate27|veraf944|5|2015-09-18
Jederziit Im Gate27|teimen|5|2015-09-12
Jederziit Im Gate27|573rolfk|5|2015-05-08
Jederziit Im Gate27|EvaR272|5|2015-03-17
Jederziit Im Gate27|ydl2015|5|2015-03-02
Jederziit Im Gate27|mezzanineworld|5|2014-11-16
Jederziit Im Gate27|DoroD_13|5|2014-10-23
Jederziit Im Gate27|La_Ginette|4|2014-10-13
Jederziit Im Gate27|cracken|5|2014-10-06
Jederziit Im Gate27|MooseScout|5|2014-10-02
Jederziit Im Gate27|ursinaluise|5|2014-10-01
Jederziit Im Gate27|377annettef|5|2014-09-18
Jederziit Im Gate27|Gauger19|5|2014-09-18
Jederziit Im Gate27|587matthiasz|5|2014-08-20
Jederziit Im Gate27|MarcelK379|5|2014-07-01
Jederziit Im Gate27|xinocactus|5|2016-09-09
Jederziit Im Gate27|Jackie8400|3|2015-03-17
Palmera Restaurant|nblaser|5|2024-07-20
Palmera Restaurant|64urbanr|5|2024-04-28
Palmera Restaurant|Trek35236710502|5|2023-11-22
Palmera Restaurant|X5858FWandreash|4|2023-02-22
Coop to go|DougA709|4|2018-05-15
Coop to go|321claudiak|3|2017-10-11
No18 Restaurant - Bar & Smoker-Lounge|BBlattmer|5|2024-02-03
No18 Restaurant - Bar & Smoker-Lounge|Romanito46|1|2023-12-15
No18 Restaurant - Bar & Smoker-Lounge|mfa080802|3|2023-01-08
No18 Restaurant - Bar & Smoker-Lounge|E4763YPmarkh|5|2022-11-06
No18 Restaurant - Bar & Smoker-Lounge|EvaR272|5|2022-06-09
No18 Restaurant - Bar & Smoker-Lounge|GeorgeG_CH|5|2022-04-08
No18 Restaurant - Bar & Smoker-Lounge|GourmetjungsZH|3|2022-03-25
No18 Restaurant - Bar & Smoker-Lounge|Vitudurum1892|5|2022-02-23
No18 Restaurant - Bar & Smoker-Lounge|787beats|5|2021-12-24
No18 Restaurant - Bar & Smoker-Lounge|512robing|5|2021-11-05
No18 Restaurant - Bar & Smoker-Lounge|schnei|5|2021-07-22
No18 Restaurant - Bar & Smoker-Lounge|BUW8400|5|2021-06-02
No18 Restaurant - Bar & Smoker-Lounge|auHeli|5|2021-05-31
Restaurant Pizzeria Bellevue|505tobiass|5|2023-08-18
Restaurant Pizzeria Bellevue|pfb123456|5|2022-09-27
Restaurant Pizzeria Bellevue|HanspeterF938|4|2022-07-28
Restaurant Pizzeria Bellevue|gurktaler|4|2019-12-22
Restaurant Pizzeria Bellevue|2019xyz2019|5|2019-11-06
Restaurant Pizzeria Bellevue|RegulaF17|4|2019-11-03
Restaurant Pizzeria Bellevue|MarkusG1855|5|2019-11-03
Restaurant Pizzeria Bellevue|Rolfmeier1969|5|2019-10-24
Restaurant Pizzeria Bellevue|Rogeman|1|2019-10-04
Restaurant Pizzeria Bellevue|ElHombre2000|1|2019-09-04
Restaurant Pizzeria Bellevue|stefanw374|4|2019-04-25
Restaurant Pizzeria Bellevue|dynueesch|4|2018-10-05
Restaurant Pizzeria Bellevue|andreassS3626YT|3|2018-06-29
Restaurant Pizzeria Bellevue|dominics635|4|2018-04-01
Restaurant Pizzeria Bellevue|MarkusG1855|5|2018-03-03
SuanLong|8911602|1|2023-12-21
SuanLong|413ren_k|3|2019-08-21
SuanLong|Kaele12|1|2019-05-17
SuanLong|8911602|3|2018-10-24
SuanLong|talm85|4|2016-09-23
SuanLong|asokm|3|2016-09-15
SuanLong|kfrettli|5|2016-04-24
SuanLong|t0c|4|2013-09-26
Terracina|Navigate711153|5|2024-03-09
Terracina|Wunderbeiz|4|2023-05-10
Terracina|542rogerr|5|2022-02-16
Terracina|Resort33618718101|5|2021-11-05
Terracina|hannesjohan|5|2021-06-17
Terracina|Nandilicious|5|2020-05-23
Terracina|toprada|5|2020-02-16
Terracina|MichelC715|5|2019-11-04
Terracina|g13579|1|2019-08-18
Terracina|nates825|4|2019-07-09
Terracina|pehanselmann|5|2019-06-30
Terracina|LeaG443|5|2019-06-21
Terracina|507rupakc|5|2019-07-02
Restaurant Landhaus|RenatoW_13|5|2019-06-24
Restaurant Landhaus|Martin_P6219|5|2017-06-20
Punto E Pasta|Nomad41672038598|5|2023-08-10
Punto E Pasta|poghosyanm2023|5|2023-08-05
Punto E Pasta|Worldtraveller1351|5|2023-07-29
Punto E Pasta|Explore16898644437|5|2023-06-17
Punto E Pasta|Trail17361968920|5|2023-06-17
Punto E Pasta|Sidoniainodis|5|2023-06-16
Punto E Pasta|Vacation60040357835|5|2023-05-31
Punto E Pasta|Adventure48635405694|3|2023-05-14
Punto E Pasta|Moganpuerto|1|2023-05-07
Punto E Pasta|KevinB8677|5|2023-04-22
Punto E Pasta|veilchen11|2|2023-04-16
Punto E Pasta|ThisBerle|5|2023-02-21
Punto E Pasta|athfinder814583|3|2023-02-20
Punto E Pasta|jonassY8635EF|3|2023-02-20
Punto E Pasta|chuhyep2023|5|2023-02-15
Punto E Pasta|blauersieg|4|2023-02-15
Punto E Pasta|MeliMueller_mm|5|2023-02-02
Punto E Pasta|tonigugler|5|2022-12-17
Punto E Pasta|Robert_Hiba|5|2022-10-15
Punto E Pasta|194j_rgs|4|2022-10-09
Punto E Pasta|DinaP771|4|2022-09-23
Punto E Pasta|HajoF2|1|2022-09-03
Punto E Pasta|BrigittaL03|5|2022-08-16
Punto E Pasta|KBerg-Senautka|5|2022-08-03
Punto E Pasta|NorthStar15313193192|1|2022-06-06
Punto E Pasta|Carinimanilimalei|5|2022-05-09
Punto E Pasta|HeinzL172|5|2022-04-25
Punto E Pasta|SeverinU7|3|2022-03-13
Punto E Pasta|O4056LGlucar|5|2022-02-25
Punto E Pasta|sabrinaluethi|5|2022-02-16
Punto E Pasta|volki64|5|2021-10-09
Punto E Pasta|zurigoluncher|5|2021-10-07
Punto E Pasta|MelPont22|5|2021-09-25
Punto E Pasta|NicolasK1462|5|2021-09-25
Punto E Pasta|Nicolasrue|5|2021-09-23
Punto E Pasta|MiguelG2|5|2021-09-15
Punto E Pasta|schtummi|5|2021-09-12
Punto E Pasta|taggeist|5|2021-09-11
Punto E Pasta|arinaluisa|5|2021-09-10
Punto E Pasta|Rahel-Medea|5|2021-09-06
Punto E Pasta|thefish31|5|2021-09-06
Punto E Pasta|Escape24904011131|5|2021-09-05
Punto E Pasta|andoe_20|5|2021-08-31
Punto E Pasta|mdodbsksk|5|2021-08-20
Punto E Pasta|harcos95|5|2021-08-14
Punto E Pasta|Nadje88|5|2021-08-11
Punto E Pasta|Sightsee07502570401|5|2021-08-11
Punto E Pasta|thpeller|5|2021-08-10
Punto E Pasta|Vale12399|5|2021-07-06
Punto E Pasta|918priskah|5|2021-07-03
Punto E Pasta|Carinimanilimalei|5|2021-07-03
Punto E Pasta|Boreas95|5|2021-06-24
Punto E Pasta|Sabi1Bina|5|2021-06-13
Punto E Pasta|martamirand|5|2021-06-12
Punto E Pasta|1curlys_|3|2021-06-08
Punto E Pasta|Adriah205|5|2021-06-07
Punto E Pasta|tamarizandreas|5|2021-05-18
Punto E Pasta|Bloodwing|5|2021-05-12
Punto E Pasta|gustavd336|4|2021-05-12
Punto E Pasta|Wick302|5|2021-05-09
Punto E Pasta|Annagraviella|5|2020-12-19
Punto E Pasta|gerf681|5|2020-12-13
Punto E Pasta|Rudisyl|5|2020-12-10
Punto E Pasta|Salizaemme123|5|2020-12-08
Punto E Pasta|637andreasw|5|2020-12-03
Punto E Pasta|Granit1987|5|2020-12-03
Punto E Pasta|RamizLLovca|5|2020-12-03
Punto E Pasta|109claudio|5|2020-11-15
Punto E Pasta|Roya_Leila|5|2020-10-25
Punto E Pasta|Ricohei|5|2020-10-22
Punto E Pasta|Conniij|5|2020-10-22
Punto E Pasta|xxiiaanngg|5|2020-10-18
Punto E Pasta|corinad491|5|2020-10-17
Punto E Pasta|schnellt|5|2020-10-05
Punto E Pasta|Safari62206901900|5|2020-10-02
Punto E Pasta|darionimus|5|2020-06-13
Punto E Pasta|AleK121212|5|2020-06-01
Punto E Pasta|nathaliewyss|5|2020-06-01
Punto E Pasta|BettyBalboa|5|2020-05-30
Punto E Pasta|benfu13|5|2020-05-30
Punto E Pasta|aaront316|5|2020-05-30
Punto E Pasta|anatN8427GT|5|2020-05-27
Punto E Pasta|ma-ii1006|5|2020-05-15
Punto E Pasta|niloeztuerk|5|2020-05-13
Punto E Pasta|houdini6969|5|2020-05-13
Punto E Pasta|Huhu18|4|2020-03-17
Punto E Pasta|Nina4432|5|2020-03-17
Punto E Pasta|Tour18554703796|5|2020-03-16
Punto E Pasta|Kyta83|5|2020-03-15
Punto E Pasta|Monihunn|5|2020-03-15
Punto E Pasta|MadiPradi|5|2020-03-07
Punto E Pasta|anonym1020|5|2020-03-03
Punto E Pasta|Feuerstein1961|5|2020-03-01
Punto E Pasta|sundaylover|5|2020-03-01
Punto E Pasta|607nicolev|5|2020-02-27
Punto E Pasta|MeierUrs123|4|2020-02-24
Punto E Pasta|mott04|5|2020-02-24
Punto E Pasta|Restaurantliebende10|5|2020-02-23
Punto E Pasta|ampboy|5|2020-02-15
Punto E Pasta|valentinaborner|5|2020-02-12
Punto E Pasta|527stefanied|5|2020-02-07
Punto E Pasta|FabiN777|4|2020-02-05
Punto E Pasta|Tour18554703796|5|2020-02-01
Punto E Pasta|LM86neli|5|2020-02-01
Punto E Pasta|daja232018|5|2020-02-01
Punto E Pasta|Nadscha92|5|2020-01-27
Punto E Pasta|GabzGabz|5|2020-01-26
Punto E Pasta|alexandrasA7784MM|5|2020-01-17
Punto E Pasta|20FAN20|5|2020-01-14
Punto E Pasta|ATRICKS939|5|2020-01-14
Punto E Pasta|Aderom78|5|2020-01-04
Punto E Pasta|Luca3195|5|2020-01-02
Punto E Pasta|785reginam|5|2019-12-16
Punto E Pasta|prisum1961|5|2019-12-15
Punto E Pasta|GraTom1808|5|2019-12-15
Punto E Pasta|david-f-124267|5|2019-12-14
Punto E Pasta|Davinchipinchi|5|2019-12-11
Punto E Pasta|NadjaDegen|5|2019-12-10
Punto E Pasta|seli45777|5|2019-12-10
Punto E Pasta|Saanjaa3|5|2019-11-24
Punto E Pasta|nadineeeeeeee1234|5|2019-11-20
Punto E Pasta|Hodoser|5|2019-11-19
Punto E Pasta|DrMedKuh|5|2019-11-19
Punto E Pasta|Randomforest8888|5|2019-10-30
Punto E Pasta|HappyPastaa|5|2019-10-30
Punto E Pasta|marija0704|5|2019-10-29
Punto E Pasta|abeauchamps|5|2019-10-29
Punto E Pasta|adrianpP5005IF|5|2019-10-29
Punto E Pasta|486leas|4|2019-10-27
Punto E Pasta|TscherrgyS|5|2019-10-27
Punto E Pasta|jfkbp|5|2019-10-27
Punto E Pasta|tigi18|5|2019-10-26
Punto E Pasta|CFCR8|5|2019-10-26
Punto E Pasta|Roby1240|5|2019-10-25
Punto E Pasta|at69Lu|4|2019-10-23
Punto E Pasta|Goinli|5|2019-10-22
Punto E Pasta|Golfspezialist|5|2019-10-20
Punto E Pasta|Michel1967Bern|5|2019-10-20
Punto E Pasta|muxeela|5|2019-10-20
Punto E Pasta|janine2307|5|2019-10-06
Punto E Pasta|ukejgr|5|2019-08-30
Punto E Pasta|542rogerr|4|2019-08-29
Ocean Five|Fibi83|3|2021-06-25
Ocean Five|Andreasjuergen|1|2019-12-30
Ocean Five|H152IBdeborahr|1|2019-09-11
Ocean Five|Animore3|1|2019-07-08
Ocean Five|VIP-Gast|5|2019-06-20
Ocean Five|Ghilas88|5|2019-02-14
Ocean Five|marisab2060|4|2018-08-28
Ocean Five|DanyP648|2|2018-07-18
Ocean Five|Tolla00|2|2018-06-02
Ocean Five|Top3112roma|4|2018-04-09
Ocean Five|sabiner647|2|2018-02-22
Ocean Five|janices879|3|2017-11-18
Ocean Five|Flumbo86|2|2017-10-20
Ocean Five|jasmins963|4|2017-09-07
Ocean Five|tobinho15|3|2017-07-23
Ocean Five|katiCH17|4|2017-07-19
Ocean Five|Tolla00|4|2017-07-15
Ocean Five|pumpeline|3|2017-06-17
Ocean Five|LeoneR60|5|2017-06-04
Ocean Five|Carpenic|3|2017-04-11
Ocean Five|mfri|3|2017-04-03
Ocean Five|Top3112roma|4|2017-03-26
Ocean Five|martincaluori|4|2016-12-11
Ocean Five|mariobV6056SG|3|2016-10-02
Ocean Five|pumpeline|5|2016-09-29
Ocean Five|buelent2015|5|2016-09-08
Ocean Five|Julius_8003|5|2016-08-31
Ocean Five|793jacquelinew|1|2016-08-27
Ocean Five|FH106|5|2016-07-30
Ocean Five|doritk724|1|2016-07-27
Ocean Five|Wittyarwen|3|2016-07-16
Ocean Five|Jengeli|3|2016-06-15
Ocean Five|petern822|5|2016-06-02
Ocean Five|pennellac|3|2016-05-24
Ocean Five|Mala82|3|2016-04-28
Ocean Five|kikky1|4|2016-04-03
Ocean Five|22SandroF|4|2016-01-10
Ocean Five|5555kittycat|2|2016-01-06
Ocean Five|hilippS226|4|2015-12-17
Ocean Five|affaisa|4|2015-10-14
Ocean Five|adrigo8472|4|2015-09-23
Ocean Five|gnaciol745|5|2015-08-30
Ocean Five|hilipp_Peter|2|2015-08-07
Ocean Five|517caesarw|5|2015-07-14
Ocean Five|alexandrajoana1991|5|2015-05-22
Ocean Five|N1707NGsarahl|2|2015-05-05
Ocean Five|Mabrawe|4|2015-03-28
Ocean Five|MooseScout|5|2015-03-16
Ocean Five|574alinam|3|2015-03-13
Ocean Five|chrimatter|4|2015-03-06
Ocean Five|517caesarw|5|2015-03-05
Ocean Five|boutoro|5|2015-02-23
Ocean Five|JochenSUI|5|2019-11-04
Ocean Five|Spiritus26|5|2016-11-02
Ocean Five|858marceld|4|2016-06-14
Ocean Five|twicked|4|2016-05-20
Ocean Five|Sammy_A_78|4|2016-03-24
Bloom Restaurant|marinawinti|5|2024-08-19
Bloom Restaurant|chfase|5|2024-08-12
Bloom Restaurant|C5857TMmonikap|2|2024-07-27
Bloom Restaurant|Footbaltraveler|5|2024-07-26
Bloom Restaurant|ktraaufreisen|5|2024-07-16
Bloom Restaurant|Fearless15867757155|5|2024-07-05
Bloom Restaurant|SPCL76|5|2024-07-04
Bloom Restaurant|KramisChristenTanja|4|2024-07-03
Bloom Restaurant|Mariranna|5|2024-07-03
Bloom Restaurant|LasVegas2323|4|2024-06-30
Bloom Restaurant|baenz-49|4|2024-05-04
Bloom Restaurant|Navigate17436326948|5|2024-05-03
Bloom Restaurant|Donatella6571|5|2024-05-03
Bloom Restaurant|GrandTour58179367801|5|2024-04-30
Bloom Restaurant|chfase|5|2024-03-19
Bloom Restaurant|Roam03243568956|4|2024-03-11
Bloom Restaurant|Excursion25372272941|5|2024-02-25
Bloom Restaurant|dariofP2393HD|3|2024-02-24
Bloom Restaurant|Freedom14070676533|5|2024-02-12
Bloom Restaurant|chfase|5|2024-02-09
Bloom Restaurant|athediger|5|2024-01-16
Bloom Restaurant|nicoleruchti|5|2023-12-25
Bloom Restaurant|marcogB3710HQ|5|2023-12-10
Bloom Restaurant|Mattia103|4|2023-12-10
Bloom Restaurant|Traveler07026166645|5|2023-11-28
Bloom Restaurant|AL_Steck|5|2023-11-22
Bloom Restaurant|chfase|5|2023-11-20
Bloom Restaurant|stitchbird|1|2023-11-13
Bloom Restaurant|Barbara_and_Stefan|5|2023-10-20
Bloom Restaurant|athediger|5|2023-10-13
Bloom Restaurant|Schubidu_99|4|2023-09-18
Bloom Restaurant|chfase|5|2023-09-12
Bloom Restaurant|926ursulas|5|2023-08-24
Bloom Restaurant|MD188113|5|2023-08-14
Bloom Restaurant|Groebli|5|2023-08-06
Bloom Restaurant|Navigate36503775708|5|2023-07-30
Bloom Restaurant|Curiosity17854895691|5|2023-07-30
Bloom Restaurant|Dream30715228044|2|2023-07-23
Bloom Restaurant|Bert0762|3|2023-07-11
Bloom Restaurant|global-swiss|5|2023-07-04
Bloom Restaurant|Mariranna|5|2023-06-28
Bloom Restaurant|k8555|3|2023-06-25
Bloom Restaurant|judithpeter2020|5|2023-06-20
Bloom Restaurant|mfin|5|2023-06-17
Bloom Restaurant|Hittnau|5|2023-06-04
Bloom Restaurant|789nicoleh|3|2023-05-29
Bloom Restaurant|Isamarisa|5|2023-05-28
Bloom Restaurant|Guide588856|5|2023-05-28
Bloom Restaurant|Mariranna|5|2023-05-10
Bloom Restaurant|Barbarafuhrer|4|2023-05-04
Bloom Restaurant|bennoh862|3|2023-05-03
Bloom Restaurant|aede59|5|2023-03-26
Bloom Restaurant|Wilddanny72|5|2022-11-08
Bloom Restaurant|Fritz-Muser-24|3|2022-10-19
Bloom Restaurant|SWroamer|1|2022-09-06
Bloom Restaurant|235sandrab|1|2022-04-02
Bloom Restaurant|srshana|5|2022-03-08
Bloom Restaurant|SwissTouristFeedback|1|2022-01-09
Bloom Restaurant|ywanner|1|2021-11-19
Bloom Restaurant|SBHA77|1|2021-11-07
Bloom Restaurant|DaliyahA|2|2021-08-16
Bloom Restaurant|Alfons1959|2|2021-07-06
Bloom Restaurant|406piab|5|2020-11-11
Bloom Restaurant|Metalbirdb707|5|2020-10-04
Bloom Restaurant|IOH18|5|2020-08-18
Bloom Restaurant|BrigitteS1973|5|2020-07-23
Bloom Restaurant|norwin10|5|2020-07-11
Bloom Restaurant|CBerger94|5|2020-06-29
Bloom Restaurant|Oertli|5|2020-05-31
Bloom Restaurant|Kunstwandern|5|2020-02-28
Bloom Restaurant|RestaurantReisen|5|2020-02-14
Bloom Restaurant|184Mosey|4|2020-01-19
Bloom Restaurant|medizin1219|3|2020-01-10
Bloom Restaurant|marionsV806KC|4|2020-01-07
Bloom Restaurant|W1160GNnicolasm|5|2020-01-06
Bloom Restaurant|wadi96|5|2019-12-26
Bloom Restaurant|Schlemmer133|5|2019-12-18
Bloom Restaurant|SandroA|4|2019-12-07
Bloom Restaurant|671beatriceh|2|2019-11-23
Bloom Restaurant|DonUebe|2|2019-11-17
Bloom Restaurant|KevinMaurer|5|2019-10-24
Bloom Restaurant|Chilidunja|2|2019-10-19
Bloom Restaurant|gebhard001|2|2019-10-06
Bloom Restaurant|Kitty71185|5|2019-09-22
Bloom Restaurant|ghue48|5|2019-09-15
Bloom Restaurant|S2657FZmikes|5|2019-08-29
Bloom Restaurant|Gobala|5|2019-08-27
Bloom Restaurant|chris_Curler|5|2019-08-03
Bloom Restaurant|Reisemuffel123|5|2019-07-06
Bloom Restaurant|waldhoff|5|2019-07-06
Bloom Restaurant|335laraf|5|2019-07-05
Bloom Restaurant|Trader66|4|2019-07-04
Bloom Restaurant|petep376|5|2019-06-29
Bloom Restaurant|W1160GNnicolasm|5|2019-06-25
Bloom Restaurant|EugenRaeber|3|2019-06-16
Bloom Restaurant|gerneueberraschungen|5|2019-06-14
Bloom Restaurant|jasmins963|5|2019-05-30
Bloom Restaurant|undel|4|2019-05-26
Bloom Restaurant|Gretalutz45|2|2019-05-12
Bloom Restaurant|GvB9|5|2019-05-11
Bloom Restaurant|Oeschgi|3|2019-05-10
Bloom Restaurant|AnjaE365|5|2019-05-10
Bloom Restaurant|1095VJvi|5|2019-05-08
Bloom Restaurant|KZeidler|5|2019-05-08
Bloom Restaurant|Weltenhuhn|1|2019-04-28
Bloom Restaurant|Tolla00|5|2019-04-28
Bloom Restaurant|auracarel|5|2019-04-27
Bloom Restaurant|ypt1|2|2019-04-21
Bloom Restaurant|384beatt|4|2019-04-04
Bloom Restaurant|Mala82|4|2019-03-22
Bloom Restaurant|F4683PHmartinw|1|2019-03-13
Bloom Restaurant|NaSo1978|5|2019-02-17
Bloom Restaurant|tomastuzinsky|5|2019-02-16
Bloom Restaurant|k2463|5|2019-02-12
Bloom Restaurant|Meggcom|5|2019-01-13
Bloom Restaurant|John_SG91|5|2019-01-11
Bloom Restaurant|360samw|5|2019-01-01
Bloom Restaurant|184Mosey|5|2018-12-28
Bloom Restaurant|quastenflosser3107|1|2018-12-28
Bloom Restaurant|RobertJohnD4|4|2018-12-26
Bloom Restaurant|ReinerH789|5|2018-12-26
Bloom Restaurant|afourch|5|2018-12-22
Bloom Restaurant|swissconnex|5|2018-12-18
Bloom Restaurant|Rolf_Holer|4|2018-12-02
Bloom Restaurant|Warummel|4|2018-11-26
Bloom Restaurant|MarkWinti|3|2018-11-26
Bloom Restaurant|834verenam|4|2018-11-20
Bloom Restaurant|286florianh|4|2018-11-18
Bloom Restaurant|Feride|2|2018-11-12
Bloom Restaurant|gmanuele|1|2018-10-25
Bloom Restaurant|ChristianS2573|5|2018-10-11
Bloom Restaurant|JosephineT_12|5|2018-10-08
Bloom Restaurant|swisstraveller80|5|2018-10-03
Bloom Restaurant|wuede|5|2018-10-03
Bloom Restaurant|KGLAN|2|2018-09-24
Bloom Restaurant|ufod|5|2018-09-23
Bloom Restaurant|ChantalS449|2|2018-09-16
Bloom Restaurant|Getaway586117|3|2018-09-09
Bloom Restaurant|SteveG4405|2|2018-09-09
Bloom Restaurant|anello13|1|2018-09-05
Bloom Restaurant|marianne_locher_ch|3|2018-08-25
Bloom Restaurant|michelegB8406VL|4|2018-08-21
Bloom Restaurant|FatimaBrenner|5|2018-08-19
Bloom Restaurant|7Maitai|2|2018-08-11
Bloom Restaurant|huck0815|5|2018-07-20
Bloom Restaurant|martinwinti1000|5|2018-07-19
Bloom Restaurant|Grafenbuck|2|2018-07-11
Bloom Restaurant|Et_jen|4|2018-07-04
Bloom Restaurant|Coach_Al_YOUR_PAL|4|2018-06-25
Bloom Restaurant|njoyer2017|1|2018-06-25
Bloom Restaurant|swisstuff|3|2018-06-20
Bloom Restaurant|ReinerH789|5|2018-05-24
Bloom Restaurant|Wahlhessin|2|2018-05-20
Bloom Restaurant|Laedine|5|2018-05-19
Bloom Restaurant|AuerM3|1|2018-05-09
Bloom Restaurant|John_SG91|5|2018-04-24
Bloom Restaurant|Basti47|4|2018-04-08
Bloom Restaurant|Muuude|4|2018-04-01
Bloom Restaurant|973yvesc|5|2018-03-28
Bloom Restaurant|cmoeller2016|4|2018-03-27
Bloom Restaurant|Weissmueller|3|2018-03-21
Bloom Restaurant|andreabI3144WV|2|2018-02-18
Bloom Restaurant|stammbach|5|2018-02-10
Bloom Restaurant|ChristophB1597|2|2018-01-28
Bloom Restaurant|DietmarM124|3|2018-01-20
Bloom Restaurant|120marcels|5|2018-01-10
Bloom Restaurant|507stefanz|4|2018-01-05
Bloom Restaurant|B2662ZMmartinh|5|2017-12-16
Bloom Restaurant|Muuude|5|2017-12-15
Bloom Restaurant|bawiwe|3|2017-12-10
Bloom Restaurant|Jades007|5|2017-11-18
Bloom Restaurant|thomas0679|4|2017-11-03
Bloom Restaurant|SalomonFreuler|5|2017-10-13
Bloom Restaurant|agross776|4|2017-10-08
Bloom Restaurant|MissMotze|5|2017-10-05
Bloom Restaurant|BackPacker188509|5|2017-10-05
Bloom Restaurant|mariadefatimac2013|5|2017-10-04
Bloom Restaurant|Ruedi55|4|2017-10-02
Bloom Restaurant|dynueesch|5|2017-09-21
Bloom Restaurant|dorisundrene|2|2017-09-10
Bloom Restaurant|montirita|5|2017-08-28
Bloom Restaurant|catherineannesophie|3|2017-08-20
Bloom Restaurant|kyro123|3|2017-08-08
Bloom Restaurant|dachfink_auf_reisen|4|2017-08-04
Bloom Restaurant|777stefanu|5|2017-07-24
Bloom Restaurant|kanada11|4|2017-06-11
Bloom Restaurant|petrakundert|2|2017-05-23
Bloom Restaurant|Doris_Isabel|4|2017-05-01
Bloom Restaurant|MarcH3223|5|2017-04-30
Bloom Restaurant|jade_russo|5|2017-04-25
Bloom Restaurant|SwissTouristFeedback|1|2017-04-17
Bloom Restaurant|SuO_ZH|4|2017-04-08
Bloom Restaurant|RD528|4|2017-03-15
Bloom Restaurant|527252718|4|2017-03-07
Bloom Restaurant|DanielE924|4|2017-03-03
Bloom Restaurant|Koechu|3|2017-02-27
Bloom Restaurant|Verdant81|5|2017-02-23
Bloom Restaurant|Le_petit_sommelier93|3|2017-02-20
Bloom Restaurant|bertsL5232DM|4|2017-02-13
Bloom Restaurant|Erich1952|5|2017-02-13
Bloom Restaurant|kariren|4|2017-02-10
Bloom Restaurant|DFeuz|3|2017-01-09
Bloom Restaurant|vollgass0901|5|2017-01-02
Bloom Restaurant|ChrisDeLaPaz|3|2017-01-01
Bloom Restaurant|Cosmopolitan384661|5|2016-12-25
Bloom Restaurant|hrfrei|5|2016-12-25
Bloom Restaurant|sunrisebestiale123|3|2016-12-04
Bloom Restaurant|kfpch|4|2016-12-02
Bloom Restaurant|Cubalibre90|4|2016-11-26
Bloom Restaurant|nature563|2|2016-11-15
Bloom Restaurant|AnnaLeeW61|4|2016-10-27
Bloom Restaurant|FlyGripen|4|2016-09-30
Bloom Restaurant|damarav|5|2016-09-28
Bloom Restaurant|patrickheinz1207|5|2016-09-22
Bloom Restaurant|casta80|5|2016-09-18
Bloom Restaurant|verolino|4|2016-09-06
Bloom Restaurant|Waterpolo1s|5|2016-09-05
Bloom Restaurant|720annettep|5|2016-09-01
Bloom Restaurant|TravelNishi|2|2016-07-31
Bloom Restaurant|mariobV6056SG|4|2016-07-26
Bloom Restaurant|petep376|4|2016-07-25
Bloom Restaurant|MarkWinti|5|2016-07-15
Bloom Restaurant|Steffimueller|5|2016-07-08
Bloom Restaurant|an2nellacampisi|3|2016-06-27
Bloom Restaurant|WATCH2013|4|2016-06-26
Bloom Restaurant|Martin_P6219|4|2016-06-01
Bloom Restaurant|515heleni|5|2016-05-18
Bloom Restaurant|Mobembo|5|2016-05-16
Bloom Restaurant|760michelw|5|2016-05-15
Bloom Restaurant|philipp_gschwind81|5|2016-04-29
Bloom Restaurant|Mcsklaus|5|2016-04-28
Bloom Restaurant|Sunshine1303|3|2016-04-26
Bloom Restaurant|martinwinti1000|4|2016-04-11
Bloom Restaurant|metameta|5|2016-04-01
Bloom Restaurant|marinawinti|5|2016-03-28
Bloom Restaurant|460myl_nes|5|2016-03-20
Bloom Restaurant|Superhirn|5|2016-03-08
Bloom Restaurant|Karabazr|5|2016-03-03
Bloom Restaurant|Hans7722|5|2016-02-28
Bloom Restaurant|jan_truong|5|2016-02-26
Bloom Restaurant|873debbiek|4|2016-02-18
Bloom Restaurant|pokeZurich|5|2016-02-13
Bloom Restaurant|augundohr1|5|2016-02-12
Bloom Restaurant|gabrieleb589|5|2016-02-09
Bloom Restaurant|NoemiG1168|5|2016-02-04
Bloom Restaurant|schmidseri|5|2016-01-28
Bloom Restaurant|andreassS3626YT|5|2016-01-20
Bloom Restaurant|sazy2015|5|2016-01-05
Bloom Restaurant|abianp124|5|2015-11-27
Bloom Restaurant|Cosmopolitan384661|5|2015-10-28
Bloom Restaurant|Mr_KnightZRH|5|2015-10-15
Bloom Restaurant|Rinmacarion|4|2015-09-13
Bloom Restaurant|dyvoseen|5|2015-09-02
Bloom Restaurant|Markus632|4|2015-09-02
Bloom Restaurant|tzschenkel51|5|2015-08-30
Bloom Restaurant|F4683PHmartinw|5|2015-08-23
Bloom Restaurant|Sierson|4|2015-08-01
Bloom Restaurant|3172YBthomasw|2|2015-07-19
Bloom Restaurant|Navigate810512|5|2015-05-21
Bloom Restaurant|tomzuerich|5|2015-05-14
Bloom Restaurant|OliverA397|4|2015-03-26
Bloom Restaurant|MANAZH|4|2015-03-15
Bloom Restaurant|angelasQ2109ZU|5|2015-02-08
Bloom Restaurant|Timotheus2014|5|2015-01-24
Bloom Restaurant|8buhl|2|2015-01-12
Bloom Restaurant|Orgetorix|4|2015-01-07
Bloom Restaurant|gabrieleb589|5|2014-12-28
Bloom Restaurant|Jochanan658|5|2014-12-24
Bloom Restaurant|Il_Gatto_CH|5|2014-12-14
Bloom Restaurant|RetoG248|5|2014-12-07
Bloom Restaurant|787beats|5|2014-12-06
Bloom Restaurant|ClaudiaD1967|4|2014-12-02
Bloom Restaurant|969verenat|4|2014-10-14
Bloom Restaurant|RetoG248|4|2014-10-05
Bloom Restaurant|338lukasg|5|2014-09-30
Bloom Restaurant|gregi_vegas|1|2014-08-21
Bloom Restaurant|Juhie87|2|2014-07-30
Bloom Restaurant|DominikL129|4|2014-06-28
Bloom Restaurant|xelman46|4|2014-04-15
Bloom Restaurant|ssgernv|4|2014-04-05
Bloom Restaurant|277bag|1|2014-03-01
Bloom Restaurant|320jeannines|5|2014-02-04
Bloom Restaurant|WernerB600|5|2014-02-01
Bloom Restaurant|AxelB409|5|2014-01-22
Bloom Restaurant|D0N_Fredo|3|2014-01-07
Bloom Restaurant|global-swiss|4|2013-11-09
Bloom Restaurant|Alyna1982|2|2013-11-04
Bloom Restaurant|HansRuedi155|5|2013-10-22
Bloom Restaurant|Moswey_Hitsch|4|2013-08-27
Bloom Restaurant|SapporoH|3|2013-08-24
Bloom Restaurant|Tomkat8376|3|2013-07-27
Bloom Restaurant|MZ-CH|5|2013-05-06
Bloom Restaurant|ammediss|5|2013-04-16
Bloom Restaurant|hilippS247|3|2013-04-02
Bloom Restaurant|FRANCOFONTE|4|2013-04-01
Bloom Restaurant|KlausB553|1|2012-12-25
Bloom Restaurant|Mawota|5|2012-06-02
Bloom Restaurant|stephdo999|3|2012-04-01
Bloom Restaurant|Corina_ZH|5|2012-02-07
Bloom Restaurant|Gretalutz45|5|2012-01-30
Bloom Restaurant|dkraft|5|2011-11-13
Bloom Restaurant|Le_Bodo|4|2011-11-11
Bloom Restaurant|CHSascha|4|2011-08-07
Bloom Restaurant|djuric|5|2011-05-22
Bloom Restaurant|MTH_Swiss|4|2011-04-01
Bloom Restaurant|ChristophB4|4|2011-02-20
Bloom Restaurant|swissgolftraveller|4|2011-01-27
Bloom Restaurant|arlicht55|5|2010-11-07
Bloom Restaurant|dg_tipps|4|2010-10-14
Bloom Restaurant|FlorestanStrasbourg|4|2010-09-12
Bloom Restaurant|MartinS29|4|2010-08-15
Bloom Restaurant|upepa|5|2010-06-29
Bloom Restaurant|DanielaH1052|5|2008-04-29
Bloom Restaurant|arathr|4|2017-07-09
Bloom Restaurant|Mayleen3|4|2017-05-07
Bloom Restaurant|cliveb548|5|2017-04-16
Bloom Restaurant|Gauttle|4|2017-03-20
Bloom Restaurant|pap29|3|2017-02-13
Bloom Restaurant|ConstantinD_13|5|2016-06-12
Bloom Restaurant|Vancouverregular|5|2016-05-30
Bloom Restaurant|Zacky0711|3|2016-03-15
Bloom Restaurant|travelgrumpy|5|2016-01-13
Bloom Restaurant|M7748RDtims|4|2015-12-14
Bloom Restaurant|kimberlyrT1462HL|5|2015-11-01
Bloom Restaurant|RogerW934|4|2015-07-27
Bloom Restaurant|ucenzo12|4|2015-04-05
Bloom Restaurant|bartlomiejp2014|5|2015-03-26
Bloom Restaurant|Chrigel2014|5|2015-01-07
Bloom Restaurant|J0han1969|4|2014-12-20
Bloom Restaurant|34Lorraine34|5|2014-06-30
Bloom Restaurant|IanBrussels|5|2014-03-13
Bloom Restaurant|RobertS658|4|2013-11-03
Bloom Restaurant|AuroraPK|5|2013-05-27
Bloom Restaurant|OXON111|5|2013-03-18
Bloom Restaurant|achelsE2746IA|5|2012-11-12
Bloom Restaurant|TreeandDonkey|4|2012-11-01
Bloom Restaurant|uke60_12|5|2012-10-26
Bloom Restaurant|NixB|4|2012-10-18
Bloom Restaurant|ZO-O300|4|2012-09-08
Bloom Restaurant|txinswiss|3|2012-03-27
Bloom Restaurant|Alternatives|5|2011-02-25
Cantinetta Bindella Winterthur|ANSGAR_SCHAEFER|5|2024-07-02
Cantinetta Bindella Winterthur|HanspeterF938|3|2024-06-24
Cantinetta Bindella Winterthur|ginagT2270OX|5|2024-02-25
Cantinetta Bindella Winterthur|AdrianK4168|5|2024-01-05
Cantinetta Bindella Winterthur|Explorer49652956396|5|2023-12-08
Cantinetta Bindella Winterthur|Jochanan658|5|2023-05-17
Cantinetta Bindella Winterthur|MarthaW798|5|2022-08-13
Cantinetta Bindella Winterthur|ANSGAR_SCHAEFER|5|2022-04-23
Cantinetta Bindella Winterthur|235sandrab|5|2022-04-02
Cantinetta Bindella Winterthur|542rogerr|4|2022-02-03
Cantinetta Bindella Winterthur|sandrafuhrer|5|2022-01-07
Cantinetta Bindella Winterthur|badipommes|5|2021-10-05
Cantinetta Bindella Winterthur|schogobong|1|2021-10-01
Cantinetta Bindella Winterthur|MaxH256|5|2021-07-18
Cantinetta Bindella Winterthur|tter_heinz|5|2021-07-03
Cantinetta Bindella Winterthur|Unterwegs87|5|2020-11-19
Cantinetta Bindella Winterthur|Jochanan658|5|2020-11-13
Cantinetta Bindella Winterthur|Ferienratte|3|2020-09-27
Cantinetta Bindella Winterthur|arher|5|2020-07-31
Cantinetta Bindella Winterthur|JuergKesseli|5|2020-05-21
Cantinetta Bindella Winterthur|johannesw764|4|2020-03-06
Cantinetta Bindella Winterthur|david-f-124267|5|2020-02-18
Cantinetta Bindella Winterthur|uhestoerer|5|2020-02-09
Cantinetta Bindella Winterthur|SarahS13288|4|2020-01-26
Cantinetta Bindella Winterthur|Hetunt|5|2020-01-15
Cantinetta Bindella Winterthur|Jochanan658|5|2019-11-04
Cantinetta Bindella Winterthur|haraldbugmann|5|2019-10-26
Cantinetta Bindella Winterthur|RolfKH|4|2019-10-06
Cantinetta Bindella Winterthur|HaraldK167|4|2019-09-29
Cantinetta Bindella Winterthur|Defuxx|5|2019-08-19
Cantinetta Bindella Winterthur|RObrist92|5|2019-08-05
Cantinetta Bindella Winterthur|tonybellwald|5|2019-05-07
Cantinetta Bindella Winterthur|Christ0phB|4|2019-04-27
Cantinetta Bindella Winterthur|WERNERI|5|2019-04-26
Cantinetta Bindella Winterthur|R1597SIsaraha|4|2019-04-24
Cantinetta Bindella Winterthur|LukasR724|5|2019-03-23
Cantinetta Bindella Winterthur|A6205XXmartinl|5|2019-03-22
Cantinetta Bindella Winterthur|Suri-from-Winterthur|4|2019-03-18
Cantinetta Bindella Winterthur|MartinaM3823|5|2019-02-05
Cantinetta Bindella Winterthur|304maurizioa|4|2019-01-27
Cantinetta Bindella Winterthur|Cedi347|5|2019-01-17
Cantinetta Bindella Winterthur|BBlattmer|5|2019-01-16
Cantinetta Bindella Winterthur|MathiasJ82|5|2019-01-14
Cantinetta Bindella Winterthur|kurbissuppe|4|2019-01-03
Cantinetta Bindella Winterthur|Samnaun|4|2018-12-20
Cantinetta Bindella Winterthur|saasfee2858|5|2018-12-11
Cantinetta Bindella Winterthur|Toxicturtle|5|2018-11-09
Cantinetta Bindella Winterthur|938simonee|5|2018-10-03
Cantinetta Bindella Winterthur|NiciHas|5|2018-08-28
Cantinetta Bindella Winterthur|auackerpflug|5|2018-07-19
Cantinetta Bindella Winterthur|ANSGAR_SCHAEFER|5|2018-07-04
Cantinetta Bindella Winterthur|clanat1|5|2018-05-16
Cantinetta Bindella Winterthur|Suri-from-Winterthur|3|2018-02-16
Cantinetta Bindella Winterthur|andreaskO9737RD|5|2018-02-03
Cantinetta Bindella Winterthur|sally_swiss|1|2018-01-27
Cantinetta Bindella Winterthur|teaage|5|2018-01-02
Cantinetta Bindella Winterthur|vorn2015|5|2017-11-27
Cantinetta Bindella Winterthur|MarkWinti|4|2017-10-28
Cantinetta Bindella Winterthur|Romifers|5|2017-09-26
Cantinetta Bindella Winterthur|claudiusj|4|2017-09-16
Cantinetta Bindella Winterthur|Katharina2258|5|2017-08-16
Cantinetta Bindella Winterthur|LauraC13956|4|2017-07-11
Cantinetta Bindella Winterthur|hansjoergalder|5|2017-07-02
Cantinetta Bindella Winterthur|cooperharris7|3|2017-06-30
Cantinetta Bindella Winterthur|ClareJacky21|5|2017-05-28
Cantinetta Bindella Winterthur|corinned818|5|2017-05-25
Cantinetta Bindella Winterthur|sakas74|5|2017-05-24
Cantinetta Bindella Winterthur|Georg1967|5|2017-05-08
Cantinetta Bindella Winterthur|nikolausk779|4|2017-05-03
Cantinetta Bindella Winterthur|sarae998|5|2017-04-07
Cantinetta Bindella Winterthur|Mala82|4|2017-02-24
Cantinetta Bindella Winterthur|Verdant81|5|2017-02-24
Cantinetta Bindella Winterthur|gliwilly6|4|2016-12-02
Cantinetta Bindella Winterthur|kswineseller_ch|2|2016-11-17
Cantinetta Bindella Winterthur|aphaelr722|4|2016-10-24
Cantinetta Bindella Winterthur|ThieTaeub9500|5|2016-10-08
Cantinetta Bindella Winterthur|ANSGAR_SCHAEFER|4|2016-10-04
Cantinetta Bindella Winterthur|25ramonab|2|2016-09-17
Cantinetta Bindella Winterthur|Soledad6|4|2016-09-08
Cantinetta Bindella Winterthur|591hannahm|5|2016-08-30
Cantinetta Bindella Winterthur|RattAdvisor|4|2016-08-12
Cantinetta Bindella Winterthur|zooyorker46|4|2016-08-02
Cantinetta Bindella Winterthur|Jochanan658|5|2016-05-15
Cantinetta Bindella Winterthur|meierinhelder|4|2016-04-21
Cantinetta Bindella Winterthur|Mabrawe|4|2016-03-21
Cantinetta Bindella Winterthur|timop481|4|2016-03-15
Cantinetta Bindella Winterthur|Superhirn|4|2016-03-11
Cantinetta Bindella Winterthur|Anomisimona|3|2016-03-11
Cantinetta Bindella Winterthur|melonapple5|5|2016-03-09
Cantinetta Bindella Winterthur|RockyGirl83|4|2016-01-28
Cantinetta Bindella Winterthur|Climbout|4|2016-01-09
Cantinetta Bindella Winterthur|amariena|4|2015-12-16
Cantinetta Bindella Winterthur|AnnaLeeW61|4|2015-11-29
Cantinetta Bindella Winterthur|200stefanh|5|2015-11-21
Cantinetta Bindella Winterthur|Hyppo53|4|2015-11-19
Cantinetta Bindella Winterthur|WATCH2013|4|2015-11-15
Cantinetta Bindella Winterthur|831matthiase|5|2015-11-11
Cantinetta Bindella Winterthur|Chr15714n|5|2015-09-13
Cantinetta Bindella Winterthur|831matthiase|4|2015-09-06
Cantinetta Bindella Winterthur|176Walter|4|2015-01-07
Cantinetta Bindella Winterthur|bewersdorff|4|2014-11-04
Cantinetta Bindella Winterthur|969verenat|3|2014-10-14
Cantinetta Bindella Winterthur|Incocnito|4|2014-09-02
Cantinetta Bindella Winterthur|Thompasq|1|2014-07-21
Cantinetta Bindella Winterthur|DominikL129|5|2014-06-28
Cantinetta Bindella Winterthur|129hanspeterk|5|2014-05-07
Cantinetta Bindella Winterthur|MarkP460|5|2014-04-18
Cantinetta Bindella Winterthur|hansjoergalder|5|2014-03-02
Cantinetta Bindella Winterthur|KuBaWi|4|2014-02-05
Cantinetta Bindella Winterthur|GeriM489|4|2014-01-22
Cantinetta Bindella Winterthur|xelman46|4|2014-01-08
Cantinetta Bindella Winterthur|OliverA397|3|2013-11-18
Cantinetta Bindella Winterthur|michibieri|4|2013-07-15
Cantinetta Bindella Winterthur|LizWiesendangen|4|2013-07-03
Cantinetta Bindella Winterthur|tschaese|5|2012-12-19
Cantinetta Bindella Winterthur|gerschellenberg|4|2012-12-05
Cantinetta Bindella Winterthur|dhair87|3|2012-04-20
Cantinetta Bindella Winterthur|SteveZug|4|2016-11-05
Cantinetta Bindella Winterthur|Liany|4|2016-06-03
Cantinetta Bindella Winterthur|ZO-O300|4|2016-05-25
Cantinetta Bindella Winterthur|claudiomB6111OM|4|2015-12-13
Cantinetta Bindella Winterthur|969lukass|5|2015-05-16
Cantinetta Bindella Winterthur|SwissRD|5|2015-05-02
Cantinetta Bindella Winterthur|Chiurce|4|2014-03-24
Cantinetta Bindella Winterthur|Ginger1Winterthur|4|2012-02-26
Kafisatz|usebiu_03|5|2022-08-03
Kafisatz|jeeos|1|2021-10-14
Kafisatz|verenab998|1|2019-09-14
Kafisatz|Nixli|1|2019-06-03
Kafisatz|nadviser|5|2018-08-24
Kafisatz|ChrisS12768|4|2018-08-07
Kafisatz|Baselsyl|3|2017-08-24
Kafisatz|jule_1990|2|2017-07-15
Kafisatz|TasteThat7|3|2017-06-12
Kafisatz|anniberger|4|2017-05-18
Kafisatz|EdgarF768|4|2017-03-03
Kafisatz|FloWantsToEAT|4|2017-02-19
Kafisatz|Waterpolo1s|4|2016-11-16
Kafisatz|Lynissea|2|2016-09-13
Kafisatz|mariobV6056SG|4|2016-09-03
Kafisatz|amelliger|5|2016-04-25
Kafisatz|kikky1|3|2016-04-03
Kafisatz|Meno82|5|2016-02-09
Kafisatz|martinwinti1000|1|2016-02-06
Kafisatz|AnnaLeeW61|4|2015-11-29
Kafisatz|Soledad6|4|2015-11-18
Kafisatz|Weltenhuhn|2|2015-11-16
Kafisatz|silkea2015|5|2015-09-19
Kafisatz|MOBSH|5|2015-07-26
Kafisatz|Mala82|4|2015-03-14
Kafisatz|tschaese|3|2012-12-19
Kafisatz|tzb_12|4|2012-05-23
Kafisatz|ysmile|5|2011-05-20
Kafisatz|dkraft|5|2011-02-19
Kafisatz|kayak1234|4|2011-01-09
Kafisatz|Epices6|5|2018-07-31
Kafisatz|Kingsleyjamesflint|5|2018-07-25
Kafisatz|guerrero54|4|2017-03-26
Bistro George|tangimoana|1|2021-09-15
Bistro George|winti93|5|2021-02-10
Bistro George|811MarcoB|5|2020-03-09
Bistro George|jule_1990|5|2020-02-16
Bistro George|nbalte|5|2019-10-29
Bistro George|arissagroff|5|2019-10-26
Bistro George|36gabim|4|2019-10-08
Bistro George|413ren_k|3|2019-05-14
Bistro George|SapporoH|4|2018-08-10
Bistro George|19mirjams|5|2018-05-24
Bistro George|nytramt|5|2018-05-12
Bistro George|FrehsnerR|4|2018-04-01
Bistro George|davidrQ2110AE|5|2018-03-27
Bistro George|KatharinaZ137|5|2018-03-21
Bistro George|Conairsor|5|2018-01-11
Bistro George|Luca_TL|2|2017-04-17
Bistro George|MarkWinti|2|2017-03-02
Bistro George|Atha2|1|2016-11-05
Bistro George|Orlando771|4|2016-10-31
Bistro George|RudolfS18|2|2016-03-17
Bistro George|777stefanu|4|2015-08-14
Bistro George|RitaZ645|4|2015-05-19
Bistro George|dworksc|3|2015-03-21
Bistro George|HanspeterF938|2|2015-02-11
Bistro George|ucullax|4|2014-08-27
Bistro George|DominikL129|5|2014-06-28
Bistro George|Bawidini|5|2013-04-06
Bistro George|Hublu9|4|2012-11-15
Bistro George|MG8000|5|2011-12-14
Bistro George|winti4|5|2011-06-06
Bistro George|Zenzi13|5|2011-02-13
Bistro George|Boquillon|4|2017-10-27
Bistro George|LeoLHR|4|2016-12-28
Bistro George|VincentePaulo|4|2016-07-28
Bistro George|Ev-K-Wa|4|2016-05-15
70/30|B8783QGnicoleb|3|2024-06-15
70/30|NVEE0O|1|2022-12-15
Schafli|133PeterK|4|2018-05-27
Schafli|250darrenc|4|2018-04-12
Schafli|344jurajs|3|2018-04-02
Schafli|YifanJ18|1|2023-11-07
Schafli|AdamG5080|5|2023-03-29
Schafli|Blaabear|5|2019-08-03
Schafli|Matt826|1|2018-09-22
Schafli|Chrigel2014|3|2017-11-06
Schafli|pogrady|5|2017-09-15
Schafli|ADAMmaples|4|2017-01-29
Schafli|ncanus1|5|2017-01-10
Schafli|Dublogach|5|2016-11-06
Schafli|sgec1105|4|2016-04-16
Schafli|nab88|4|2016-03-03
Schafli|940guidos|3|2024-08-15
Schafli|sandrahF4310YL|3|2024-06-21
Schafli|EvaO1425|5|2024-06-17
Schafli|JuliusO119|5|2024-06-17
Schafli|Compass04119869639|2|2024-04-05
Schafli|TrAvEL_ZiChEl|4|2023-12-15
Big Burger Winterthur|Traveler54336802857|4|2023-10-29
Big Burger Winterthur|alessiomV1022NG|5|2024-07-29
Big Burger Winterthur|noneofy293|2|2023-08-04
Lina's Bar|Martaaaaa|5|2021-02-10
Lina's Bar|andreasgregro|4|2019-07-24
Lina's Bar|RunRestRepeat|5|2016-04-14
Lina's Bar|kar0lusb|5|2024-07-14
Restaurant Schloss Wülflingen|ntothefringe|5|2023-09-19
Restaurant Schloss Wülflingen|188wasimk|5|2023-05-13
Restaurant Schloss Wülflingen|katarzynachojna|4|2020-08-23
Restaurant Schloss Wülflingen|896rogers|2|2022-03-15
Restaurant Schloss Wülflingen|andreasgregro|4|2019-05-30
Restaurant Schloss Wülflingen|344jurajs|5|2019-04-14
Restaurant Schloss Wülflingen|1_27_26|5|2019-04-13
Restaurant Schloss Wülflingen|MaverX|5|2019-03-27
Restaurant Schloss Wülflingen|wwwwade|5|2018-08-22
Restaurant Schloss Wülflingen|G276|5|2018-07-28
Restaurant Schloss Wülflingen|DairyFreeTraveller|5|2017-11-19
Restaurant Schloss Wülflingen|RomanticTravelers888|5|2017-10-31
Restaurant Schloss Wülflingen|terSnowwhite|5|2017-10-03
Restaurant Schloss Wülflingen|derekkotara|5|2017-03-24
Restaurant Schloss Wülflingen|benjaminbZ4157LQ|5|2017-01-29
Restaurant Schloss Wülflingen|SarahsBackstage|5|2016-12-29
Restaurant Schloss Wülflingen|OssiHK|3|2016-09-26
Restaurant Schloss Wülflingen|MarkyMark58|5|2016-07-23
Restaurant Schloss Wülflingen|skara65|5|2016-05-04
Restaurant Schloss Wülflingen|HansS599|5|2016-04-25
Restaurant Schloss Wülflingen|Chrigel2014|4|2016-03-15
Restaurant Schloss Wülflingen|766carlosg|4|2015-12-16
Restaurant Schloss Wülflingen|111pascal|5|2015-11-20
Restaurant Schloss Wülflingen|344jurajs|5|2015-02-27
Restaurant Schloss Wülflingen|MichaelP465|5|2014-10-09
Restaurant Schloss Wülflingen|golfinfo|4|2014-01-05
Restaurant Schloss Wülflingen|Morrovalle|4|2013-07-01
Restaurant Schloss Wülflingen|Flowwolf|5|2013-03-25
Restaurant Schloss Wülflingen|LakeHouse53081|4|2013-01-25
Restaurant Schloss Wülflingen|anaef|5|2012-05-29
Restaurant Schloss Wülflingen|tradIndy|5|2011-12-17
Restaurant Schloss Wülflingen|Flyer61477217713|5|2024-06-01
Restaurant Schloss Wülflingen|4331YZmariaf|5|2023-12-20
Restaurant Schloss Wülflingen|84marcf|5|2023-12-17
Restaurant Schloss Wülflingen|Goaliemami|5|2023-11-18
Restaurant Schloss Wülflingen|saka73|5|2023-10-27
Restaurant Schloss Wülflingen|Iris96|3|2023-09-04
Restaurant Schloss Wülflingen|454rogerr|5|2023-09-02
Restaurant Schloss Wülflingen|ReDi8472|5|2023-08-19
Pizzeria al Agi-M|stephdo999|5|2020-04-11
Restaurant Bären|RaymondRoesti|4|2020-03-01
Wirtschaft zur Eintracht|8304WB|5|2019-04-13
Wirtschaft zur Eintracht|Vancouverregular|5|2016-05-05
Wirtschaft zur Eintracht|TastyHomer|4|2014-01-22
Restaurant Rössli|J9863MBbrunob|5|2023-08-22
Yooji's Kesselhaus|LangstrumpfPippi|5|2021-09-25
Yooji's Kesselhaus|yenikoy34|4|2019-10-11
Yooji's Kesselhaus|nkink889|5|2018-08-20
Yooji's Kesselhaus|TheFabRitz|4|2018-02-07
Yooji's Kesselhaus|heartformosa|1|2017-01-05
Yooji's Kesselhaus|Ev-K-Wa|4|2015-07-08
Yooji's Kesselhaus|Sil543|5|2015-01-07
Yooji's Kesselhaus|Sune0709|4|2023-08-07
Wirtschaft zum Lindenhof|Wander64097064780|5|2023-09-10
Palmera Restaurant|nblaser|5|2024-07-20
Palmera Restaurant|64urbanr|5|2024-04-28
Palmera Restaurant|Trek35236710502|5|2023-11-22
Pulcinella|FloopySandlet101|4|2023-10-15
Pulcinella|441ursulak|5|2020-01-10
Pulcinella|_laparoto|4|2018-01-31
Pulcinella|Muuude|5|2017-08-11
Pulcinella|mmgk|5|2016-12-01
Pulcinella|TimMarshall29|5|2015-09-20
Pulcinella|Swapnil_Soni|4|2014-07-30
Pulcinella|anti23|3|2014-07-22
Pulcinella|S4782XHjoseg|5|2023-12-10
Pulcinella|Wander16554162948|5|2023-08-10
Bocciodromo|842MarkB|4|2014-09-16
Bocciodromo|sullotennis|5|2014-03-11
Bocciodromo|HerbertDi|4|2013-09-29
grepery|E5166AGmichaels|5|2021-11-11
grepery|928docs|5|2024-01-24
grepery|potisag|5|2024-02-14
grepery|hochbeam|5|2019-10-28
grepery|widmer|5|2019-07-08
grepery|Champion8400|5|2019-06-17
grepery|NorthStar02108711783|5|2019-06-06
grepery|narits2017|5|2018-09-15
grepery|claudiobA7613CF|3|2018-07-14
grepery|364martinaw|4|2017-03-13
grepery|Kapp8|4|2017-01-13
grepery|EduardoM4559|5|2016-12-27
grepery|ArvenP|2|2016-09-23
grepery|JenniAdams|5|2016-09-07
grepery|_laparoto|4|2016-04-21
grepery|peterpM3050OC|5|2016-01-26
grepery|Juna137|4|2016-01-23
grepery|vkam2013|4|2016-01-21
grepery|travelgrumpy|5|2016-01-13
grepery|paigem689|5|2015-11-24
grepery|579jannisr|5|2015-09-23
grepery|JenniAdams|5|2015-06-03
grepery|Sammy_A_78|5|2015-03-08
grepery|bxx2|5|2015-01-08
grepery|achellerabbit|5|2013-12-19
grepery|stelladellasenna|4|2013-10-06
grepery|NicoleI454|3|2013-10-03
grepery|551valed|5|2024-05-10
grepery|Curious48377967959|5|2024-03-27
grepery|bine-ich|5|2024-03-24
grepery|SamirAsghar|5|2024-02-06
grepery|xtercy|5|2024-01-27
grepery|GrandTour59524074422|5|2024-01-26
grepery|Explorer26345671935|5|2024-01-20
grepery|Voyage39273733371|5|2024-01-20
grepery|Safari12261771092|5|2024-01-15
grepery|OnAir03453285349|5|2024-01-14
grepery|Maps22160259853|5|2024-01-14
grepery|sepH3049IZ|5|2024-01-05
grepery|srshana|4|2024-01-02
grepery|Camper29086361076|5|2023-12-29
grepery|MikeCH8472|5|2023-08-16
Coop to go|DougA709|4|2018-05-15
Coop to go|321claudiak|3|2017-10-11
Nachbarsbox|279chantalh|5|2018-02-09
Nachbarsbox|stephdo999|1|2021-05-19
Tres Amigos|swissbrauny|4|2018-12-06
Tres Amigos|nab9828|4|2018-10-17
Tres Amigos|NickBaba17|3|2018-06-21
Tres Amigos|c_ep992|5|2023-05-09
Tres Amigos|Kostas_Panagopoulos9|5|2022-05-21
Tres Amigos|X8958HJtimc|5|2018-03-05
Tres Amigos|FerdinandSalverd2018|4|2017-10-28
Tres Amigos|Muuude|5|2017-08-11
Tres Amigos|Kven_1271|5|2017-06-14
Tres Amigos|99Display_Name99|3|2017-05-20
Tres Amigos|MortenToft|4|2016-11-05
Tres Amigos|snaproll|5|2016-08-21
Tres Amigos|X789NLanas|5|2016-06-25
Tres Amigos|matthipam|4|2016-05-14
Tres Amigos|S7094JCchrisl|4|2015-12-05
Tres Amigos|n65|4|2015-10-01
Tres Amigos|TheFabRitz|3|2015-09-12
Tres Amigos|99Display_Name99|4|2015-06-22
Tres Amigos|qr2013|2|2015-05-10
Tres Amigos|alsina1922|1|2015-01-13
Tres Amigos|HonestInfo|2|2014-11-09
Tres Amigos|MrsPoldan|4|2014-05-27
Tres Amigos|mattpink|4|2013-11-09
Tres Amigos|achel69inman|3|2013-07-20
Tres Amigos|aum625|5|2013-03-09
Tres Amigos|TreeandDonkey|3|2012-11-01
Tres Amigos|stelladellasenna|1|2012-07-15
Tres Amigos|Mazlaghan|3|2012-03-29
Tres Amigos|texswiss|4|2009-03-20
Tres Amigos|Trip67962|5|2008-11-20
Tres Amigos|1franzip|2|2024-05-01
Tres Amigos|LukasGerosa|1|2023-08-28
Restaurant Boulevard|Guide651857|1|2019-07-19
Restaurant Boulevard|FormerCaliBoy|4|2018-03-03
Restaurant Boulevard|Roam26228367371|5|2023-11-24
Cafe Restaurant Obergass|martinkH296TO|5|2019-08-07
Cafe Restaurant Obergass|Mjtravelers|4|2018-03-03
Cafe Restaurant Obergass|Chrigel2014|4|2017-11-06
Cafe Restaurant Obergass|BeverleyGw|3|2020-02-24
Cafe Restaurant Obergass|344jurajs|4|2017-01-08
Cafe Restaurant Obergass|wwwwade|4|2016-11-18
Cafe Restaurant Obergass|TheFabRitz|4|2015-10-18
Cafe Restaurant Obergass|stronggale|5|2015-10-09
Cafe Restaurant Obergass|sgpboston|5|2015-06-04
Cafe Restaurant Obergass|552ampz|5|2015-04-17
Cafe Restaurant Obergass|Nitinkus|5|2014-11-24
Restaurant Concordia|jballdredge|5|2024-05-17
Restaurant Concordia|D359JAdesco|5|2024-08-17
Restaurant Concordia|537ursw|5|2024-07-20
Restaurant Concordia|592haraldr|4|2024-07-06
Restaurant Concordia|Sonne0208|5|2024-04-07
Haku Japan Restaurant|AnneM1681|5|2023-02-03
Haku Japan Restaurant|nibleMaisJuste|5|2021-10-22
Haku Japan Restaurant|Sunshine33508828895|5|2024-05-18
Haku Japan Restaurant|ggg201520131979|5|2024-05-10
Haku Japan Restaurant|assenger676895|5|2023-12-08
Haku Japan Restaurant|aradise55041952872|5|2023-11-15
Haku Japan Restaurant|alexanderdM3482IL|5|2023-10-31
Haku Japan Restaurant|Tadls|5|2023-09-17
Hasan's Sandwich|378katjab|5|2022-11-16
Hasan's Sandwich|nadia_zh|5|2023-10-14
Hasan's Sandwich|neegraf|5|2023-09-20
Hasan's Sandwich|not4alltheteainchina|3|2021-09-07
Wirtshaus zur Krone|900johnn|4|2022-10-20
Wirtshaus zur Krone|q-sto|4|2022-05-27
Wirtshaus zur Krone|MadeleineD375|4|2020-11-15
Wirtshaus zur Krone|321claudiak|3|2017-09-28
Wirtshaus zur Krone|UlsanHappyMan|2|2017-07-09
Wirtshaus zur Krone|yeswecan2017|2|2017-06-15
Wirtshaus zur Krone|321claudiak|5|2016-09-18
Wirtshaus zur Krone|IanBrussels|1|2014-03-12
Wirtshaus zur Krone|np588|5|2012-12-11
Wirtshaus zur Krone|R1770|5|2012-11-05
Wirtshaus zur Krone|TreeandDonkey|3|2012-11-01
Wirtshaus zur Krone|Staunender|2|2012-06-09
Wirtshaus zur Krone|chfase|5|2024-07-26
Wirtshaus zur Krone|Safari50370267421|5|2024-07-24
Wirtshaus zur Krone|jollietbeatrice|4|2024-06-11
Wirtshaus zur Krone|Tikowi63|3|2024-03-30
Wirtshaus zur Krone|peterzwahlen8483|5|2024-03-19
Wirtshaus zur Krone|vier696|5|2024-03-15
Wirtshaus zur Krone|neer11117349581|5|2024-02-17
Wirtshaus zur Krone|Explorer66261944238|5|2024-02-11
Wirtshaus zur Krone|SLi-ZH|4|2024-01-17
Wirtshaus zur Krone|Adventure11606073816|5|2024-01-17
Wirtshaus zur Krone|Camper50689433235|2|2023-12-21
Wirtshaus zur Krone|gerardodD9439ER|5|2023-11-10
Wirtshaus zur Krone|msspanda|5|2023-11-03
Wirtshaus zur Krone|wzaech01|4|2023-09-24
Wirtshaus zur Krone|Adventure67816128004|5|2023-08-26
Subway|DonaldTrumpcrimminal|1|2022-09-11
Frohsinn Eidberg Winterthur|mmoreis|5|2024-08-02
Frohsinn Eidberg Winterthur|nadinebi1985|5|2023-11-12
Frohsinn Eidberg Winterthur|arlicht55|4|2023-08-07
Osteria del fiore|U8174UIjessicab|5|2024-08-17
Osteria del fiore|Luici18|5|2024-07-03
Osteria del fiore|Explore20627577768|5|2024-06-28
Osteria del fiore|Mobile62956062275|5|2024-06-22
Osteria del fiore|Sightsee22669243537|5|2024-06-22
Osteria del fiore|X4874CUannettes|5|2024-05-11
Osteria del fiore|schnei|5|2024-05-11
Osteria del fiore|Sune0709|2|2023-12-05
Osteria del fiore|T8839RDandreass|1|2023-10-11
Osteria del fiore|WeltenbummlerSchweiz|3|2023-10-02
Zur Sonne|not4alltheteainchina|5|2020-08-05
Zur Sonne|Cheiranthus|5|2023-02-08
Zur Sonne|757kenr|5|2019-11-24
Zur Sonne|Cocco82|5|2019-11-05
Zur Sonne|ShamrockNC|5|2019-09-18
Zur Sonne|507rupakc|5|2019-07-02
Zur Sonne|904kirkh|4|2019-06-17
Zur Sonne|sabrinarZ7756BW|5|2019-05-19
Zur Sonne|simonrP1445ZU|4|2019-05-16
Zur Sonne|Chiurce|4|2019-04-03
Zur Sonne|travelgrumpy|4|2019-01-22
Zur Sonne|Vicky140|4|2019-01-09
Zur Sonne|Kanaschwiiz|5|2018-11-18
Zur Sonne|AMuncho|4|2018-11-16
Zur Sonne|michelegB8406VL|5|2018-08-21
Zur Sonne|Chris-Belgium|5|2018-01-18
Zur Sonne|9vilmac|5|2017-10-25
Zur Sonne|smithemptynest|5|2017-07-10
Zur Sonne|KayFam_305|4|2017-06-23
Zur Sonne|sandroc250|3|2017-04-21
Zur Sonne|EleniP632|4|2016-11-23
Zur Sonne|w945106|4|2016-09-22
Zur Sonne|mathewhoney|5|2016-09-03
Zur Sonne|Abyzkjp|4|2016-06-17
Zur Sonne|Shelley_in_toronto|5|2016-06-15
Zur Sonne|mari6o4ek|4|2016-05-03
Zur Sonne|Sammy_A_78|5|2016-03-02
Zur Sonne|smarkanda|5|2015-10-16
Zur Sonne|99Display_Name99|4|2015-09-15
Zur Sonne|mikemX3407GZ|4|2015-09-01
Zur Sonne|dromasca|4|2015-08-21
Zur Sonne|KennyTanTw|4|2015-07-14
Zur Sonne|dadego|4|2015-06-15
Zur Sonne|344jurajs|5|2015-02-27
Zur Sonne|avivb|3|2015-02-11
Zur Sonne|StaceyLouPrior|4|2014-12-09
Zur Sonne|achel69inman|5|2014-04-30
Zur Sonne|dadego|4|2014-04-12
Zur Sonne|JBWexford_Ireland|4|2013-08-28
Zur Sonne|AGuyfromBristol|4|2013-08-01
Zur Sonne|marcobardus|5|2013-07-08
Zur Sonne|jmsusa|3|2013-03-25
Zur Sonne|SP6873|5|2012-09-19
Zur Sonne|hdemirer|5|2012-09-06
Zur Sonne|Liz_D27|5|2012-05-01
Zur Sonne|Excursion44488593686|5|2024-04-22
Zur Sonne|diePinguh|5|2024-04-05
Bistro George|Fearless59599699367|5|2021-07-04
Bistro George|Boquillon|5|2021-07-03
Bistro George|Boquillon|4|2017-10-27
Bistro George|LeoLHR|4|2016-12-28
Bistro George|VincentePaulo|4|2016-07-28
Bistro George|Ev-K-Wa|4|2016-05-15
Taverne zum Hirschen|650alessioi|4|2024-05-16
Negishi Sushi Bar Archhöfe|andreasgregro|3|2019-07-28
Negishi Sushi Bar Archhöfe|SwissGuyWinti|4|2017-12-22
Negishi Sushi Bar Archhöfe|martinlinl2015|4|2017-04-27
Negishi Sushi Bar Archhöfe|jackjamfoster|2|2018-08-10
Negishi Sushi Bar Archhöfe|NathalieW112|1|2017-11-09
Negishi Sushi Bar Archhöfe|3102UHthomasp|2|2017-10-26
Negishi Sushi Bar Archhöfe|peterpM3050OC|5|2016-02-09
Negishi Sushi Bar Archhöfe|0na1313|5|2015-11-01
Negishi Sushi Bar Archhöfe|ChrisandMariB|5|2015-10-26
Negishi Sushi Bar Archhöfe|Raikee2107|5|2015-10-09
Negishi Sushi Bar Archhöfe|323lalif|5|2015-10-08
Negishi Sushi Bar Archhöfe|unkyfiorella|4|2014-12-13
Negishi Sushi Bar Archhöfe|mrsorso|4|2014-12-01
Negishi Sushi Bar Archhöfe|Camper29086361076|5|2023-12-29
Negishi Sushi Bar Archhöfe|Wander20477325790|2|2023-11-30
Negishi Sushi Bar Archhöfe|Voyage22815134220|3|2023-10-23
Thai Restaurant Bamboo|Sbbod|4|2018-11-07
Thai Restaurant Bamboo|99Display_Name99|4|2017-05-23
Thai Restaurant Bamboo|JenniferJ588|4|2016-09-18
Thai Restaurant Bamboo|ZO-O300|3|2016-05-25
Thai Restaurant Bamboo|twicked|3|2015-11-24
Thai Restaurant Bamboo|KennyTanTw|3|2015-07-14
Thai Restaurant Bamboo|mrsorso|4|2014-11-08
Thai Restaurant Bamboo|GoPlaces13470881719|5|2024-03-11
Thai Restaurant Bamboo|CorneliaG-Reinach|3|2024-02-24
tibits Winterthur|yenikoy34|4|2019-10-14
tibits Winterthur|sgec1105|4|2019-08-24
tibits Winterthur|andreasgregro|5|2019-07-28
tibits Winterthur|MartinW_Dublin|3|2019-06-02
tibits Winterthur|Discmac|5|2019-04-18
tibits Winterthur|gourmetfelix|4|2019-04-13
tibits Winterthur|swissbritishman|5|2018-09-18
tibits Winterthur|TJO1966|4|2017-11-01
tibits Winterthur|zviwr|5|2017-05-26
tibits Winterthur|835ancad|5|2017-05-23
tibits Winterthur|Niramoon|5|2017-05-16
tibits Winterthur|805gwen|5|2017-04-19
tibits Winterthur|cliveb548|2|2017-04-16
tibits Winterthur|christinan854|5|2017-03-13
tibits Winterthur|thurg23|3|2017-03-06
tibits Winterthur|ZO-O300|1|2017-02-05
tibits Winterthur|Chrigel2014|4|2017-01-14
tibits Winterthur|menth0l|3|2017-01-03
tibits Winterthur|gerlroca|3|2016-12-19
tibits Winterthur|justinp420|5|2016-11-15
tibits Winterthur|MatthiasR1242|3|2016-10-06
tibits Winterthur|sazy2015|4|2016-09-13
tibits Winterthur|111pascal|4|2016-08-24
tibits Winterthur|NikS170|5|2016-08-02
tibits Winterthur|Danyyre|4|2016-07-26
tibits Winterthur|matthipam|4|2016-07-25
tibits Winterthur|almi_guerrero|5|2016-07-01
tibits Winterthur|Minic13|4|2016-05-19
tibits Winterthur|424merryns|4|2016-05-11
tibits Winterthur|900johnn|4|2016-04-05
tibits Winterthur|Canuck277|5|2016-03-21
tibits Winterthur|yousefj181|5|2016-03-02
tibits Winterthur|DCFlyers|5|2016-02-24
tibits Winterthur|peterpM3050OC|5|2016-01-25
tibits Winterthur|travelgrumpy|4|2016-01-13
tibits Winterthur|hilip4153|5|2015-12-25
tibits Winterthur|smilesryan|4|2015-12-19
tibits Winterthur|N2307QQstever|5|2015-12-14
tibits Winterthur|manas27587|4|2015-12-04
tibits Winterthur|gilat2015|4|2015-10-14
tibits Winterthur|TheFabRitz|5|2015-09-11
tibits Winterthur|GreLux|4|2015-09-04
tibits Winterthur|6foot8Chrispy|4|2015-08-21
tibits Winterthur|RolfS495|5|2015-08-19
tibits Winterthur|alice_moo|5|2015-07-28
tibits Winterthur|RogerW934|5|2015-07-27
tibits Winterthur|Cypo1951|5|2015-07-22
tibits Winterthur|Mattia103|2|2015-07-08
tibits Winterthur|Belinda1919|5|2015-06-30
tibits Winterthur|verbena207|4|2015-06-18
tibits Winterthur|Ev-K-Wa|4|2015-06-10
tibits Winterthur|gwenny_7|4|2015-05-19
tibits Winterthur|particular_travel|4|2015-04-28
tibits Winterthur|haval0|3|2015-03-28
tibits Winterthur|sgec1105|4|2015-02-18
tibits Winterthur|12WernerN|3|2015-02-06
tibits Winterthur|bxx2|4|2015-01-08
tibits Winterthur|922andrew|5|2014-11-04
tibits Winterthur|nadro2010|4|2014-08-04
tibits Winterthur|34Lorraine34|5|2014-06-30
tibits Winterthur|340stevet|5|2014-06-07
tibits Winterthur|achel69inman|5|2014-02-15
tibits Winterthur|BrunoJ385|5|2014-01-20
tibits Winterthur|AverilB439|5|2013-12-19
tibits Winterthur|KajaK601|5|2013-11-29
tibits Winterthur|RalfF229|4|2013-10-07
tibits Winterthur|climbingpenguin|4|2013-07-01
tibits Winterthur|TheConstantEater|4|2013-06-28
tibits Winterthur|Cosmictrotter|1|2013-02-25
tibits Winterthur|LakeHouse53081|4|2013-02-24
tibits Winterthur|CasaDeMono|5|2012-11-05
tibits Winterthur|TreeandDonkey|3|2012-11-01
tibits Winterthur|Marj50|5|2012-02-19
tibits Winterthur|CF745|4|2011-10-04
tibits Winterthur|Trip67962|5|2008-11-20
tibits Winterthur|kathrind945|5|2024-03-30
Li-Beirut Restaurant by Boudi |Tour50385208077|5|2023-07-03
Li-Beirut Restaurant by Boudi |HP_Onit52|5|2023-07-25
Li-Beirut Restaurant by Boudi |vo_748|5|2024-07-10
Li-Beirut Restaurant by Boudi |todorb525|5|2024-07-10
Li-Beirut Restaurant by Boudi |WinterthurMuseums|5|2024-05-04
Li-Beirut Restaurant by Boudi |samiiiih|5|2024-02-29
Li-Beirut Restaurant by Boudi |FreiClaudia|5|2023-12-12
Li-Beirut Restaurant by Boudi |MarioB3077|5|2023-10-20
Hermannseck|423dylanw|4|2022-01-22
Hermannseck|ansome|5|2021-07-18
Hermannseck|TandTSwitzerland|5|2022-06-22
Hermannseck|jpY7252JB|5|2020-03-03
Hermannseck|N7979WKgabrielap|3|2019-11-18
Hermannseck|travelgrumpy|5|2019-09-24
Hermannseck|477igor_|5|2018-11-12
Hermannseck|Flyer571889|5|2017-07-27
Hermannseck|kagb666|4|2013-07-02
Hermannseck|Quadrifoglio916|5|2024-03-09
Hermannseck|TO_MM8006|5|2024-02-04
Hermannseck|Fearless60376176752|2|2023-10-24
Restaurant Eichmuehle|Vicky140|4|2017-01-09
Il Piccolo Mondo|andreasgregro|4|2019-07-22
Aquarius Lounge|321claudiak|4|2017-10-11
Zum goldenen Horn|zimmiii|4|2017-02-26
Brewhouse Winterthur|17dagmars|4|2024-07-29
Brewhouse Winterthur|E4270JWmarkusr|5|2023-12-31
Brewhouse Winterthur|HanspeterF938|1|2023-09-17
Restaurant Zum Löwen|sgec1105|4|2017-09-02
Restaurant Zum Löwen|Flowwolf|4|2016-12-01
Restaurant Zum Löwen||5|2024-03-29
Mexican Indian Food Truck|Trip25545253087|5|2022-01-15
Frischtheke Café & Bistro|happy188112|5|2023-10-11
El Burrito Feliz|caprobert|5|2022-07-06
El Burrito Feliz|RainbowTimes|5|2018-09-07
El Burrito Feliz|Jmmv2005|5|2017-09-18
El Burrito Feliz|jainrishabh85|2|2019-03-19
El Burrito Feliz|georgiou-julian|4|2016-12-27
El Burrito Feliz|Vancouverregular|5|2016-04-25
El Burrito Feliz|766carlosg|5|2015-12-15
El Burrito Feliz|BCG84|4|2015-12-15
El Burrito Feliz|tripchickk|5|2015-11-15
El Burrito Feliz|822philipm|4|2015-10-26
El Burrito Feliz|FormerCaliBoy|3|2015-10-20
El Burrito Feliz|anti23|4|2015-10-20
El Burrito Feliz|Atansio76|4|2015-06-13
El Burrito Feliz|sebsiglocj|4|2015-02-14
El Burrito Feliz|hadidas|4|2014-08-10
El Burrito Feliz|atontao|3|2014-06-29
El Burrito Feliz|Fco_MV|4|2014-05-17
El Burrito Feliz|achel69inman|4|2013-07-14
Ocean Five|S5130OGjonathana|4|2018-08-06
Ocean Five|twicked|3|2017-09-13
Ocean Five|858marceld|4|2016-06-14
Ocean Five|KDDOK|5|2023-10-25
Ocean Five|JochenSUI|5|2019-11-04
Ocean Five|chrismY9541UC|2|2017-11-09
Ocean Five|jasonsH3812CW|5|2017-08-19
Ocean Five|Spiritus26|5|2016-11-02
Ocean Five|twicked|4|2016-05-20
Ocean Five|Sammy_A_78|4|2016-03-24
Ocean Five|gimo2010|4|2015-03-22
DE•TAPAS|Sam5447|5|2019-09-24
DE•TAPAS|arrazaval|5|2019-08-03
Gasthof Traube|tmbohnert|4|2016-10-29
Gasthof Traube|SirahM09|5|2024-03-23
70/30|B8783QGnicoleb|3|2024-06-15
70/30|JaneD276|5|2022-12-01
Pizzeria Ristorante Molino Winterthur|stefanwin67|5|2020-07-29
Pizzeria Ristorante Molino Winterthur|900johnn|4|2022-06-07
Pizzeria Ristorante Molino Winterthur|U8025RQalessandrap|5|2020-07-06
Pizzeria Ristorante Molino Winterthur|Sfaxien|5|2019-11-17
Pizzeria Ristorante Molino Winterthur|W4766HDkevinh|4|2019-11-06
Pizzeria Ristorante Molino Winterthur|sabrinarZ7756BW|5|2019-05-19
Pizzeria Ristorante Molino Winterthur|Chiurce|4|2019-04-03
Pizzeria Ristorante Molino Winterthur|37richardls|4|2019-03-08
Pizzeria Ristorante Molino Winterthur|Discmac|4|2018-11-10
Pizzeria Ristorante Molino Winterthur|16malcolms|5|2018-10-26
Pizzeria Ristorante Molino Winterthur|StephanLLS|5|2018-09-26
Pizzeria Ristorante Molino Winterthur|atrickinSolothurn|3|2018-09-11
Pizzeria Ristorante Molino Winterthur|MARKJAYSON412|5|2018-03-05
Pizzeria Ristorante Molino Winterthur|X8958HJtimc|5|2018-03-05
Pizzeria Ristorante Molino Winterthur|EduardoDeMagalhaes|5|2018-02-03
Pizzeria Ristorante Molino Winterthur|Wicus13|5|2017-12-28
Pizzeria Ristorante Molino Winterthur|Tashy007|5|2017-10-09
Pizzeria Ristorante Molino Winterthur|voc386|3|2017-09-26
Pizzeria Ristorante Molino Winterthur|UlsanHappyMan|4|2017-07-09
Pizzeria Ristorante Molino Winterthur|Morganvdh|5|2017-07-07
Pizzeria Ristorante Molino Winterthur|AnnaClgs|4|2017-05-15
Pizzeria Ristorante Molino Winterthur|trkrumm|5|2017-04-10
Pizzeria Ristorante Molino Winterthur|Chiurce|3|2016-10-29
Pizzeria Ristorante Molino Winterthur|moziegler|4|2016-09-22
Pizzeria Ristorante Molino Winterthur|danielaklaus1982|4|2016-05-31
Pizzeria Ristorante Molino Winterthur|guadalupeo272|5|2016-05-09
Pizzeria Ristorante Molino Winterthur|Vicky140|4|2015-11-21
Pizzeria Ristorante Molino Winterthur|n_shop|2|2015-09-08
Pizzeria Ristorante Molino Winterthur|Gastkritikerin|2|2015-08-05
Pizzeria Ristorante Molino Winterthur|Ev-K-Wa|4|2015-06-30
Pizzeria Ristorante Molino Winterthur|parallelthought|3|2015-06-05
Pizzeria Ristorante Molino Winterthur|grigoris63|4|2014-12-09
Pizzeria Ristorante Molino Winterthur|_laparoto|2|2014-09-23
Pizzeria Ristorante Molino Winterthur|sgec1105|5|2014-07-01
Pizzeria Ristorante Molino Winterthur|IanBrussels|5|2014-03-13
Pizzeria Ristorante Molino Winterthur|StaceyLouPrior|4|2014-01-05
Pizzeria Ristorante Molino Winterthur|Raganella78|4|2013-10-12
Pizzeria Ristorante Molino Winterthur|piratalocoz|2|2024-08-05
Pizzeria Ristorante Molino Winterthur|Hyppo53|2|2024-05-31
Pizzeria Ristorante Molino Winterthur|srshana|5|2024-01-02
Pizzeria Ristorante Molino Winterthur|007-Optimist|1|2023-12-26
Pizzeria Ristorante Molino Winterthur|DaliyahA|3|2023-12-01
Pizzeria Ristorante Molino Winterthur|V9619MIbenb|1|2023-09-30
Pizzeria Ristorante Molino Winterthur|927j_rgl|2|2023-08-25
Imbiss Aymez|Vicky140|5|2016-12-19
National|FrankGeisler|4|2020-01-07
National|Nico558|3|2024-01-05
National|tzschenkel51|5|2020-06-17
National|stuntsbyjake|5|2024-01-17
National|574RichardD|3|2023-06-09
National|Lovecoffee99|3|2021-11-14
National|757kenr|5|2019-08-07
National|andreasgregro|4|2019-07-28
National|MortenToft|5|2019-07-09
National|AKKAUB|4|2019-04-03
National|HugoW_12|5|2019-03-31
National|jainrishabh85|4|2019-03-19
National|byn022|1|2019-02-08
National|aglan007|4|2019-02-07
National|396markos|4|2018-11-07
National|RobynW1266|2|2018-08-17
National|delingard|4|2018-06-21
National|WendyandTim|4|2018-04-08
National|bo955i|4|2018-02-20
National|344jurajs|3|2017-12-07
National|321claudiak|4|2017-09-28
National|petrabI212HQ|5|2017-07-12
National|Vancouverregular|5|2017-05-11
National|1962-Claude|5|2017-04-30
National|805gwen|4|2017-04-19
National|cliveb548|4|2017-04-16
National|EmilyR61|5|2017-03-31
National|benjaminbZ4157LQ|4|2017-01-29
National|Gert3107|2|2017-01-21
National|KatarinaP525|5|2017-01-19
National|Dublogach|5|2016-12-01
National|Nikko_P71|5|2016-11-18
National|ascalR684|5|2016-11-01
National|wipflin|5|2016-10-30
National|321claudiak|4|2016-09-21
National|Vancouverregular|5|2016-05-03
National|Mr_Z_loves_travel|4|2016-02-28
National|GidiW|4|2016-02-09
National|Abyzkjp|4|2016-02-06
National|Joe_Shlabotnik|3|2016-01-15
National|Tiibor|4|2015-11-18
National|cleol666|3|2015-11-02
National|MichaelV763|4|2015-10-01
National|uxuryvoyage|3|2015-08-31
National|Wingsflying|4|2014-12-05
National|terD_13|4|2014-11-13
National|carolinea91|4|2014-11-06
National|stefanm308|3|2014-11-01
National|Love4meat|4|2014-10-02
National|mueller_gutstr|4|2014-05-29
National|brigitk2014|5|2014-04-21
National|JBWexford_Ireland|4|2013-08-28
National|Cosmictrotter|4|2013-02-25
National|BCG84|4|2012-07-18
National|swisspigs|5|2012-03-19
National|Aussie71|4|2011-10-31
National|Trottellumme|1|2024-08-02
National|Dreamer24185557338|5|2024-07-21
National|IngeE157|3|2024-06-14
National|683hansmartins|5|2024-05-22
National|mariostarkch|1|2024-05-09
National|aradise24855280421|4|2024-03-29
National|357andr_e|5|2024-03-25
National|215marliesm|4|2024-03-12
National|Nomad03752977100|5|2024-01-26
National|LeonardoM2208|4|2023-12-28
National|monikabJ3604VC|5|2023-10-21
National|957maeni|5|2023-10-20
National|GourmetClan|5|2023-10-17
National|340irfang|5|2023-10-15
National|46eduardw|3|2023-08-02
Oliveira|HanspeterF938|5|2024-02-12
Osteria Mamma Rosa|NorthStar52131266807|5|2024-08-18
Osteria Mamma Rosa|Franziska76|5|2024-08-06
Osteria Mamma Rosa|83MarkS|5|2024-06-20
Manta|sgec1105|4|2017-09-02
Manta|Haggis_de_Montreal|3|2016-03-09
Manta|stat_inevitability|5|2015-08-16
Manta|denisehP3422CA|5|2015-05-23
Manta|Morrovalle|5|2013-07-01
Manta|texswiss|4|2009-05-15
Manta|topolino7|5|2008-04-30
Restaurant Neumarkt|daveleetransit|5|2023-04-13
Restaurant Neumarkt|KimDino|4|2016-11-25
Restaurant Schützenhaus|swiss_poseidon|2|2024-07-10
Restaurant Schützenhaus|989maila|1|2024-06-16
Cross Bbq|Explorer55714094914|5|2024-02-24
Cross Bbq|jes|5|2022-03-06
Cross Bbq|anz724|5|2024-08-15
Cross Bbq|Guide09013825321|1|2024-06-06
Cross Bbq|SchBM|5|2023-10-07
Restaurant The Billabong|murfee1968|5|2019-05-27
Restaurant The Billabong|bitingfish|5|2024-02-06
Restaurant The Billabong|Supeservice|5|2023-12-29
Incontro|Alchemista121|4|2021-05-04
Incontro|jeeman06o|4|2019-09-06
Incontro|ChrisCalle|5|2023-12-31
Incontro|noac678|1|2024-05-10
Incontro|IvanmitBarbara|3|2024-04-20
Incontro|Trek18118415129|1|2024-02-17
China Bowl|Texas61962|2|2022-01-17
China Bowl|D4331ELwilliamf|5|2022-10-19
China Bowl|Seaside718322|5|2022-03-04
China Bowl|Voyage48612934582|1|2024-05-18
China Bowl|ANSGAR_SCHAEFER|2|2023-10-17
China Bowl|Wanderer38337166551|5|2023-09-10
Restaurant Panetteria|HP_Onit52|4|2023-08-18
Restaurant Panetteria|Mousheep|5|2016-11-14
Restaurant Panetteria|Strassenlaterne|5|2016-05-17
Restaurant Panetteria|TheFabRitz|4|2015-10-18
Tearoom Teekult|gilat2015|4|2015-10-14
Tearoom Teekult|ElisabethE671|5|2017-02-11
Gasthaus Schlosshalde|Staunender|4|2019-01-06
Gasthaus Schlosshalde|SiuMui|5|2017-07-05
Gasthaus Schlosshalde|E3892TYrebeccaa|5|2017-01-01
Gasthaus Schlosshalde|HanspeterF938|4|2024-01-24
Typisch Thai|pooniepie|4|2020-03-09
Typisch Thai|Apenzeller|4|2018-08-06
Typisch Thai|FrankGeisler|3|2017-01-05
Typisch Thai|marcovandaal|5|2015-08-04
Typisch Thai|avis10|4|2013-09-11
Typisch Thai|Morrovalle|2|2013-07-01
Typisch Thai|jeya_mc|4|2012-12-17
Typisch Thai|kuedek|2|2012-05-26
Wintialp|MariZehn|5|2023-12-29
Wintialp|RCT76|5|2023-12-10
Wintialp|776ren_z|5|2023-12-02
Wintialp|deanbY9340UP|5|2019-11-22
Wintialp|kateluke|5|2014-12-09
Wintialp|Q933AFkarinf|5|2024-02-02
Wintialp|Y9576MRpatrickh|5|2024-01-30
Wintialp|Resort53787560652|4|2024-01-28
Wintialp|Modric1999|5|2024-01-25
Wintialp|457roxanes|5|2024-01-22
Wintialp|brunolT6463ME|5|2024-01-21
Wintialp|Voyage16411024583|5|2024-01-21
Wintialp|Voyager38097995640|5|2024-01-14
Wintialp|889ellik|5|2024-01-13
Wintialp|Navigate04024793030|5|2024-01-08
Wintialp|Vacation32733071854|5|2024-01-06
Wintialp|helvetic15|5|2023-12-30
Wintialp|stehopp|5|2023-12-30
Wintialp|markuswQ2473HV|5|2023-12-26
Wintialp|W4925KAlaras|5|2023-12-24
Wintialp|markusfQ3458KO|5|2023-12-20
Wintialp|sandymP4371NK|5|2023-12-19
Wintialp|Escape68530853485|5|2023-12-16
Wintialp|saka73|5|2023-12-16
Wintialp|sihege|4|2023-12-14
Wintialp|nesmY6810XZ|5|2023-12-13
Wintialp|763rahelm|4|2023-12-12
Wintialp|Lucamataro|5|2023-12-11
Wintialp|S6298YYsandram|5|2023-12-08
Wintialp|A6205XXmartinl|5|2023-12-07
Wintialp|anamariafG5967YZ|5|2023-12-04
Wintialp|patr_ciasQ1388CR|5|2023-11-27
Wintialp|NoeKiwjell|5|2023-11-22
Wintialp|dymisler|5|2023-11-21
Wintialp|natomU6716PZ|4|2023-11-20
Rice Up!|pierrepaulk2024|5|2024-01-23
Gutschick|himmeli2013|4|2019-02-27
Gutschick|TheRealBaGEL|5|2016-11-06
Gutschick|marcogU5511CN|5|2024-02-25
Gutschick|Vicky140|3|2015-01-06
Gutschick|AMD-Travel-CH|4|2023-11-19
Gutschick|Cruiser43025095880|5|2023-10-28
Gutschick|SerpenT1|3|2023-09-28
Simply Thai|travelgrumpy|5|2019-09-24
Simply Thai|zheddsc|5|2019-06-10
Simply Thai|sarahp266|4|2017-08-28
Simply Thai|twicked|3|2016-01-29
Simply Thai|Raoups|5|2015-10-26
Simply Thai|TravelLife1905|5|2015-10-05
Simply Thai|Roxymaus|3|2023-10-29
Asia King Nepalesisches Restaurant|jigmethd|5|2020-09-20
Asia King Nepalesisches Restaurant|Tamfurey|5|2020-02-19
Asia King Nepalesisches Restaurant|hannat844|5|2023-01-17
Asia King Nepalesisches Restaurant|327ashokb|5|2020-11-04
Asia King Nepalesisches Restaurant|Therese252|5|2024-05-28
Asia King Nepalesisches Restaurant|CHvoyageur|4|2021-07-14
Asia King Nepalesisches Restaurant|285anishd|5|2022-12-30
Asia King Nepalesisches Restaurant|49arjunb|5|2022-07-29
Asia King Nepalesisches Restaurant|510dipakp|5|2022-06-08
Asia King Nepalesisches Restaurant|Magar777|5|2021-03-14
Asia King Nepalesisches Restaurant|575milank|5|2020-11-03
Asia King Nepalesisches Restaurant|743jeevana|5|2020-10-22
Asia King Nepalesisches Restaurant|225phubl|5|2020-09-14
Asia King Nepalesisches Restaurant|364ugyend|5|2020-07-23
Asia King Nepalesisches Restaurant|tandinyesheyd|5|2020-07-16
Asia King Nepalesisches Restaurant|samdrupn2020|5|2020-07-16
Asia King Nepalesisches Restaurant|puzza1234|5|2020-06-29
Asia King Nepalesisches Restaurant|939charminge|5|2020-06-19
Asia King Nepalesisches Restaurant|166giulianoc|2|2020-01-19
Asia King Nepalesisches Restaurant|suvikas2019|5|2019-11-06
Asia King Nepalesisches Restaurant|Dippen3|5|2019-10-11
Asia King Nepalesisches Restaurant|RajLamichhane|5|2019-09-14
Asia King Nepalesisches Restaurant|Sofia12z|5|2019-09-05
Asia King Nepalesisches Restaurant|achutp2016|5|2019-07-23
Asia King Nepalesisches Restaurant|joshidhoju|5|2018-10-28
Asia King Nepalesisches Restaurant|DhojuN|5|2018-10-28
Asia King Nepalesisches Restaurant|151sudipp|5|2018-10-28
Asia King Nepalesisches Restaurant|artistaa|5|2018-08-17
Asia King Nepalesisches Restaurant|EstherP292|5|2024-03-23
Sumak Sumak|nadinevoni|5|2024-07-22
Sumak Sumak|ChefkochSchweiz|4|2024-04-14
Gerrys Bar|Vilsgra|5|2021-03-12
Gerrys Bar|andreasgregro|4|2020-02-24
Restaurant Bahnhöfli Oberi|victoriawhiten|5|2021-06-27
Restaurant Bahnhöfli Oberi|death75|5|2024-02-14
Restaurant Bahnhöfli Oberi|DaliyahA|5|2023-10-13
Restaurant Bahnhöfli Oberi|Sightseer14065512661|5|2023-09-19
Restaurant Bahnhöfli Oberi|Navigator02708940063|5|2023-09-19
Restaurant Bahnhöfli Oberi|Mariranna|4|2023-09-10
Brasserie Reh|900johnn|4|2022-06-07
Brasserie Reh|Inna_forever|4|2024-05-20
Brasserie Reh|niimbu|4|2023-12-12
Brasserie Reh|nataliebK6017DR|5|2022-01-11
Brasserie Reh|surfer96|5|2021-07-24
Brasserie Reh|peterroetheli|1|2024-05-13
Brasserie Reh|266marisah|5|2024-02-29
Brasserie Reh|Sherpa52574996937|3|2023-12-05
Bruderhaus Restaurant|Staunender|2|2019-09-01
Bruderhaus Restaurant|nickdW1755NR|4|2016-03-15
Bruderhaus Restaurant|na05092014f|4|2008-04-15
Bruderhaus Restaurant|Amira-Weber|1|2014-06-27
Bruderhaus Restaurant|uisat483|1|2023-12-16
Bruderhaus Restaurant|Coiffeurjasser77|1|2023-12-03
Bruderhaus Restaurant|Maps45660265775|5|2023-10-17
Bruderhaus Restaurant|StefanF2069|5|2023-10-14
Bruderhaus Restaurant|Jet67429466076|3|2023-09-11
Bruderhaus Restaurant|AndreinaA65|1|2023-08-01
Ristorante Pizzeria Villa Duchessa|GCangazi|5|2020-09-20
Ristorante Pizzeria Villa Duchessa|JeanB911|5|2021-05-24
Ristorante Pizzeria Villa Duchessa|489andreask|5|2019-08-17
Ristorante Pizzeria Villa Duchessa|VinceFe|5|2018-07-29
Ristorante Pizzeria Villa Duchessa|DougA709|4|2018-05-15
Ristorante Pizzeria Villa Duchessa|Chiurce|4|2017-10-25
Ristorante Pizzeria Villa Duchessa|nadjasus|4|2017-06-08
Ristorante Pizzeria Villa Duchessa|benjaminbZ4157LQ|5|2016-11-27
Ristorante Pizzeria Villa Duchessa|sandrahF4310YL|5|2024-06-21
Ristorante Pizzeria Villa Duchessa|RoliG30|5|2024-03-16
Ristorante Pizzeria Villa Duchessa|682gretel|5|2024-03-14
Ristorante Pizzeria Villa Duchessa|GiuseppeN564|2|2024-02-26
Ristorante Pizzeria Villa Duchessa|Titanette|4|2023-10-14
Ristorante Pizzeria Villa Duchessa|Wunderbeiz|4|2023-10-14
Ristorante Pizzeria Villa Duchessa|alessandrofO9605QN|4|2023-08-27
Pizzeria La Mirada|Vishwen|5|2015-07-23
Restaurant Bellevue|505tobiass|5|2023-08-18
Punto e Pasta|Instantcalm|4|2024-08-18
Punto e Pasta|579ivetth|5|2024-03-14
Punto e Pasta|walteraQ4200QX|5|2023-02-07
Punto e Pasta|505sviatlanam|5|2022-10-27
Punto e Pasta|mrwallays|4|2021-11-04
Punto e Pasta|milymB7607XH|5|2021-10-05
Punto e Pasta|sitb21|5|2021-09-17
Punto e Pasta|ursulak323|5|2021-09-13
Punto e Pasta|AnnaF6366|5|2024-08-06
Punto e Pasta|nathaliesM8881MC|5|2024-07-07
Punto e Pasta|ahj2015|5|2024-06-17
Punto e Pasta|Coastal44213816623|5|2024-06-09
Punto e Pasta|Inidebini|1|2024-06-04
Punto e Pasta|Dativ|3|2024-05-19
Punto e Pasta|HanspeterF938|3|2024-04-07
Punto e Pasta|Explore62605475245|5|2024-02-18
Punto e Pasta|martinim85|5|2023-11-06
Punto e Pasta|ursp2021|2|2023-10-28
Punto e Pasta|Scenic35819468813|5|2023-09-03
Punto e Pasta|Thinkpositive227|2|2023-08-28
Punto e Pasta|dominico920|5|2023-08-19
Punto e Pasta|Tour53168198111|5|2023-08-10
Punto e Pasta|Culture17093378645|5|2023-08-10
Punto e Pasta|GrandTour57596482447|5|2023-08-10
Punto e Pasta|Nomad41672038598|5|2023-08-10
Punto e Pasta|poghosyanm2023|5|2023-08-05
Harmonie, Restaurant Western-Saloon|Morganvdh|5|2017-07-07
Harmonie, Restaurant Western-Saloon|trkrumm|4|2017-04-10
Harmonie, Restaurant Western-Saloon|poboxearth|4|2012-07-26
Harmonie, Restaurant Western-Saloon|KimS2504|4|2008-04-29
Restaurant KafiMüli|daryljessie|1|2023-09-28
Nachbarsgarten|Ginger1Winterthur|5|2021-09-04
Nachbarsgarten|B8643AYannag|5|2023-04-13
Nachbarsgarten|dominiquewiegand|5|2021-09-16
Nachbarsgarten|489andreask|5|2019-08-17
Nachbarsgarten|Timo-J|5|2019-03-25
Nachbarsgarten|Matteuzzo|5|2019-01-18
Nachbarsgarten|dorotaz264|4|2018-11-07
Nachbarsgarten|Escape824940|5|2018-10-16
Nachbarsgarten|alxfz|5|2018-08-22
Nachbarsgarten|279chantalh|5|2018-02-09
Nachbarsgarten|UrsS595|5|2017-11-09
Nachbarsgarten|GavinP374|4|2017-10-07
Nachbarsgarten|adrianw214|5|2017-03-30
Nachbarsgarten|SandraPazeller|5|2016-12-19
Nachbarsgarten|Rupert_Duke|4|2016-09-16
Nachbarsgarten|tutusc|5|2016-09-09
Nachbarsgarten|sgec1105|3|2016-06-27
Nachbarsgarten|TheFabRitz|5|2016-05-18
Nachbarsgarten|sensoryaddicts|5|2016-04-02
Nachbarsgarten|FormerCaliBoy|5|2015-10-18
Nachbarsgarten|Rud0lfG|5|2015-10-13
Nachbarsgarten|MichaelV763|5|2015-10-02
Nachbarsgarten|sakira1|3|2015-09-27
Nachbarsgarten|parththepan|5|2015-07-08
Nachbarsgarten|Jarm0H|4|2015-05-17
Nachbarsgarten|344jurajs|4|2015-03-24
Nachbarsgarten|JuergG|5|2024-04-29
Nachbarsgarten|buehrer2016|5|2024-03-10
Nachbarsgarten|grossluk|4|2024-03-02
Nachbarsgarten|356steffeng|5|2023-09-10
Restaurant Goldenberg|Cocco82|4|2019-11-05
Restaurant Goldenberg|LucySkrovan|3|2019-08-29
Restaurant Goldenberg|ydm972|5|2019-07-28
Restaurant Goldenberg|vialY3628PO|1|2021-08-26
Restaurant Goldenberg|DS66|1|2022-06-25
Restaurant Goldenberg|MortenToft|5|2019-07-02
Restaurant Goldenberg|sgec1105|4|2019-03-03
Restaurant Goldenberg|7September|4|2018-09-19
Restaurant Goldenberg|Werner6|5|2018-02-10
Restaurant Goldenberg|S7094JCchrisl|5|2017-10-15
Restaurant Goldenberg|GavinP374|5|2017-10-07
Restaurant Goldenberg|Baerli50|4|2017-07-11
Restaurant Goldenberg|UlsanHappyMan|4|2017-07-09
Restaurant Goldenberg|Elodistar74|2|2017-06-19
Restaurant Goldenberg|JudyP520|5|2017-06-03
Restaurant Goldenberg|cliveb548|4|2017-04-16
Restaurant Goldenberg|benjaminbZ4157LQ|4|2017-01-29
Restaurant Goldenberg|matthipam|4|2016-10-18
Restaurant Goldenberg|Tony_Frae|5|2016-09-22
Restaurant Goldenberg|HaggisCH|4|2016-08-14
Restaurant Goldenberg|600jang|5|2016-08-14
Restaurant Goldenberg|Danyyre|5|2016-07-26
Restaurant Goldenberg|X789NLanas|5|2015-11-23
Restaurant Goldenberg|0landbrunner|4|2015-10-03
Restaurant Goldenberg|MarkyMark58|3|2015-09-28
Restaurant Goldenberg|Belinda1919|5|2015-06-30
Restaurant Goldenberg|DerMargash|5|2015-06-26
Restaurant Goldenberg|viad43|4|2015-05-24
Restaurant Goldenberg|Greggstustell|5|2014-09-19
Restaurant Goldenberg|nadro2010|3|2014-08-04
Restaurant Goldenberg|Largo78|4|2014-05-05
Restaurant Goldenberg|Scottie1975|1|2014-01-01
Restaurant Goldenberg|HerbertDi|4|2013-09-29
Restaurant Goldenberg|Trip67962|3|2008-11-20
Restaurant Goldenberg|Millennium01|1|2024-07-30
Restaurant Goldenberg|Weissmueller|4|2024-07-07
Restaurant Goldenberg|Wunderbeiz|5|2024-06-26
Restaurant Goldenberg|Duchmand17|5|2024-06-16
Restaurant Goldenberg|Getaway33501189648|5|2024-05-06
Restaurant Goldenberg|Seaside61455044897|5|2024-01-13
Restaurant Goldenberg|Mogli1989|5|2024-01-07
Restaurant Goldenberg|philippekeller|2|2023-08-09
Restaurant Nägelsee|gurktaler|5|2024-02-02
Restaurant Nägelsee|103ren_w|5|2023-11-02
Cooperativa Gusto & Cultura|EBH666|5|2023-09-07
Cooperativa Gusto & Cultura|Schnee1969|5|2023-09-08
 Hans im Glück|t0c|4|2024-03-30
Bloom Restaurant|bertocF3337SE|5|2020-09-07
Bloom Restaurant|JNCohen|5|2022-08-30
Bloom Restaurant|A4253BEjohnr|4|2021-06-10
Bloom Restaurant|JaCoWi|5|2020-07-21
Bloom Restaurant|travelgrumpy|4|2019-09-30
Bloom Restaurant|MariusRetourner|5|2019-09-13
Bloom Restaurant|jflm3232|5|2019-08-13
Bloom Restaurant|344jurajs|5|2019-04-15
Bloom Restaurant|MrsPoldan|5|2019-03-03
Bloom Restaurant|byn022|5|2019-02-08
Bloom Restaurant|aurence-naeyaert|4|2018-10-19
Bloom Restaurant|zheddsc|5|2018-10-03
Bloom Restaurant|affisr|2|2018-09-01
Bloom Restaurant|AubreyMT|5|2018-08-31
Bloom Restaurant|152dustins|4|2018-06-11
Bloom Restaurant|Wicus13|3|2017-12-28
Bloom Restaurant|ud0re|5|2017-10-27
Bloom Restaurant|321claudiak|4|2017-10-11
Bloom Restaurant|Muuude|5|2017-08-08
Bloom Restaurant|arathr|4|2017-07-09
Bloom Restaurant|Mayleen3|4|2017-05-07
Bloom Restaurant|cliveb548|5|2017-04-16
Bloom Restaurant|Gauttle|4|2017-03-20
Bloom Restaurant|pap29|3|2017-02-13
Bloom Restaurant|Dublogach|5|2016-11-06
Bloom Restaurant|ConstantinD_13|5|2016-06-12
Bloom Restaurant|Vancouverregular|5|2016-05-30
Bloom Restaurant|ZO-O300|4|2016-05-25
Bloom Restaurant|Zacky0711|3|2016-03-15
Bloom Restaurant|vladimir170|5|2016-02-19
Bloom Restaurant|travelgrumpy|5|2016-01-13
Bloom Restaurant|M7748RDtims|4|2015-12-14
Bloom Restaurant|kimberlyrT1462HL|5|2015-11-01
Bloom Restaurant|RogerW934|4|2015-07-27
Bloom Restaurant|ncanus1|5|2015-07-08
Bloom Restaurant|ucenzo12|4|2015-04-05
Bloom Restaurant|bartlomiejp2014|5|2015-03-26
Bloom Restaurant|Chrigel2014|5|2015-01-07
Bloom Restaurant|J0han1969|4|2014-12-20
Bloom Restaurant|34Lorraine34|5|2014-06-30
Bloom Restaurant|IanBrussels|5|2014-03-13
Bloom Restaurant|Tobias1968|5|2014-01-20
Bloom Restaurant|RobertS658|4|2013-11-03
Bloom Restaurant|AuroraPK|5|2013-05-27
Bloom Restaurant|TheFabRitz|5|2013-05-22
Bloom Restaurant|OXON111|5|2013-03-18
Bloom Restaurant|achelsE2746IA|5|2012-11-12
Bloom Restaurant|TreeandDonkey|4|2012-11-01
Bloom Restaurant|uke60_12|5|2012-10-26
Bloom Restaurant|NixB|4|2012-10-18
Bloom Restaurant|uke60_12|3|2012-09-13
Bloom Restaurant|ZO-O300|4|2012-09-08
Bloom Restaurant|bolbol1970|3|2012-07-05
Bloom Restaurant|ArgentoEnSuiza|5|2012-05-30
Bloom Restaurant|txinswiss|3|2012-03-27
Bloom Restaurant|Alternatives|5|2011-02-25
Bloom Restaurant|chfase|5|2024-08-12
Bloom Restaurant|C5857TMmonikap|2|2024-07-27
Bloom Restaurant|Footbaltraveler|5|2024-07-26
Bloom Restaurant|ktraaufreisen|5|2024-07-16
Bloom Restaurant|Fearless15867757155|5|2024-07-05
Bloom Restaurant|SPCL76|5|2024-07-04
Bloom Restaurant|KramisChristenTanja|4|2024-07-03
Bloom Restaurant|Mariranna|5|2024-07-03
Bloom Restaurant|LasVegas2323|4|2024-06-30
Bloom Restaurant|baenz-49|4|2024-05-04
Bloom Restaurant|Navigate17436326948|5|2024-05-03
Bloom Restaurant|Donatella6571|5|2024-05-03
Bloom Restaurant|GrandTour58179367801|5|2024-04-30
Bloom Restaurant|chfase|5|2024-03-19
Bloom Restaurant|Roam03243568956|4|2024-03-11
Bloom Restaurant|dariabo|5|2024-03-07
Bloom Restaurant|Excursion25372272941|5|2024-02-25
Bloom Restaurant|dariofP2393HD|3|2024-02-24
Bloom Restaurant|Freedom14070676533|5|2024-02-12
Bloom Restaurant|chfase|5|2024-02-09
Bloom Restaurant|athediger|5|2024-01-16
Bloom Restaurant|nicoleruchti|5|2023-12-25
Bloom Restaurant|marcogB3710HQ|5|2023-12-10
Bloom Restaurant|Mattia103|4|2023-12-10
Bloom Restaurant|Traveler07026166645|5|2023-11-28
Bloom Restaurant|AL_Steck|5|2023-11-22
Bloom Restaurant|chfase|5|2023-11-20
Bloom Restaurant|stitchbird|1|2023-11-13
Bloom Restaurant|Barbara_and_Stefan|5|2023-10-20
Bloom Restaurant|athediger|5|2023-10-13
Bloom Restaurant|Schubidu_99|4|2023-09-18
Bloom Restaurant|chfase|5|2023-09-12
Bloom Restaurant|926ursulas|5|2023-08-24
Bloom Restaurant|MD188113|5|2023-08-14
Bloom Restaurant|Groebli|5|2023-08-06
No18 Restaurant - Bar & Smoker-Lounge|Roving66887834222|5|2022-09-30
No18 Restaurant - Bar & Smoker-Lounge|BBlattmer|5|2024-02-03
No18 Restaurant - Bar & Smoker-Lounge|Romanito46|1|2023-12-15
dieci Pizza Winterthur|423dylanw|3|2022-01-22
dieci Pizza Winterthur|_laparoto|4|2016-02-23
dieci Pizza Winterthur|MarkusBtz|4|2015-10-18
dieci Pizza Winterthur|TdPicardie|1|2017-03-13
dieci Pizza Winterthur|KreativerWinkler|5|2023-12-08
Argentina Steakhouse|197pierino|3|2019-09-09
Argentina Steakhouse|FrankGeisler|4|2019-04-04
Argentina Steakhouse|jainrishabh85|4|2019-03-19
Argentina Steakhouse|margostafa2|5|2023-08-19
Argentina Steakhouse|Nomad70884|5|2019-08-07
Argentina Steakhouse|nicholasc761|4|2018-10-18
Argentina Steakhouse|galcounsel2018|4|2018-10-08
Argentina Steakhouse|babujsi|4|2018-02-17
Argentina Steakhouse|JudyP520|4|2017-06-03
Argentina Steakhouse|Love2Travel708|4|2017-05-31
Argentina Steakhouse|LucySkrovan|4|2017-02-21
Argentina Steakhouse|Ratish_11|4|2017-02-12
Argentina Steakhouse|Hotelizer39|1|2016-11-18
Argentina Steakhouse|Chiurce|4|2016-10-29
Argentina Steakhouse|MortenToft|4|2016-09-16
Argentina Steakhouse|Oscar_Zur77|4|2016-02-11
Argentina Steakhouse|drichardf|2|2016-01-27
Argentina Steakhouse|ghtw6|4|2015-10-11
Argentina Steakhouse|n65|4|2015-10-01
Argentina Steakhouse|99Display_Name99|4|2015-09-15
Argentina Steakhouse|ncanus1|5|2015-07-08
Argentina Steakhouse|bartlomiejp2014|3|2015-03-26
Argentina Steakhouse|Dejongmj|4|2014-09-03
Argentina Steakhouse|brigitk2014|3|2014-04-21
Argentina Steakhouse|Chiurce|4|2014-03-24
Argentina Steakhouse|HerbertDi|2|2013-09-29
Argentina Steakhouse|Maurus_h|3|2013-09-02
Argentina Steakhouse|Chiurce|4|2013-06-25
Argentina Steakhouse|SwissCharm1917|5|2013-04-04
Argentina Steakhouse|WYJ2012|4|2012-08-31
Argentina Steakhouse|BlueCheese69|3|2012-07-10
Argentina Steakhouse|Dawn032|5|2012-05-08
Argentina Steakhouse|swisspigs|5|2011-10-09
Argentina Steakhouse|125stenh|5|2024-05-05
Argentina Steakhouse|martinf541|5|2024-02-27
Argentina Steakhouse|SirahM09|5|2023-11-10
Pizzeria San Remo|Suryabast|1|2020-12-11
Viet-Long|I8457QXangelinac|5|2023-04-26
Viet-Long|TheRealBaGEL|5|2023-01-06
Viet-Long|BoardingPass604848|4|2021-04-15
Viet-Long|zellamx|4|2018-10-10
Viet-Long|344jurajs|5|2018-04-02
Viet-Long|zi199699|4|2018-01-19
Viet-Long|Natalielovestotravel|4|2018-01-19
Viet-Long|FormerCaliBoy|4|2015-06-04
Viet-Long|VincentL576|5|2015-05-06
Viet-Long|SilviaH2003|5|2024-02-04
Paddy O'Brien's Old Irish Pub|thisdrinkinglife|4|2022-06-03
Paddy O'Brien's Old Irish Pub|DelPantalone|4|2020-02-20
Paddy O'Brien's Old Irish Pub|siholly|3|2019-05-06
Paddy O'Brien's Old Irish Pub|dominich631|1|2019-12-08
Paddy O'Brien's Old Irish Pub|gripen73|5|2018-05-13
Paddy O'Brien's Old Irish Pub|437svenjag|2|2018-02-07
Paddy O'Brien's Old Irish Pub|973yvesc|2|2018-01-21
Paddy O'Brien's Old Irish Pub|phil283|4|2017-08-24
Paddy O'Brien's Old Irish Pub|MazMacLeod1511|5|2017-03-12
Paddy O'Brien's Old Irish Pub|SteveC262|5|2016-07-05
Paddy O'Brien's Old Irish Pub|nab88|4|2016-03-03
Paddy O'Brien's Old Irish Pub|Sammy_A_78|5|2016-03-02
Paddy O'Brien's Old Irish Pub|keesfluitman|5|2016-02-11
Paddy O'Brien's Old Irish Pub|B3570ELnataliew|5|2015-09-23
Paddy O'Brien's Old Irish Pub|TheFabRitz|5|2015-09-01
Paddy O'Brien's Old Irish Pub|ChristinaKorsgaard|4|2015-08-21
Paddy O'Brien's Old Irish Pub|969lukass|5|2015-05-16
Paddy O'Brien's Old Irish Pub|Stevetheshrews|4|2015-05-03
Paddy O'Brien's Old Irish Pub|22secilk|4|2014-12-15
Paddy O'Brien's Old Irish Pub|StaceyLouPrior|4|2014-06-14
Paddy O'Brien's Old Irish Pub|XK150-wanderers|4|2014-04-27
Paddy O'Brien's Old Irish Pub|Chiurce|4|2013-06-25
Paddy O'Brien's Old Irish Pub|IanJ433|5|2013-01-15
Paddy O'Brien's Old Irish Pub|Smoke_Trees|3|2012-12-28
Paddy O'Brien's Old Irish Pub|jeya_mc|3|2012-12-03
Paddy O'Brien's Old Irish Pub|LakeHouse53081|4|2011-11-11
Paddy O'Brien's Old Irish Pub|nboc|5|2011-09-24
Paddy O'Brien's Old Irish Pub|texswiss|4|2009-03-20
Paddy O'Brien's Old Irish Pub|KimS2504|5|2008-04-29
Coop Restaurant Winterthur Lokwerk|trkrumm|3|2017-04-10
Coop Restaurant Winterthur Lokwerk|asokm|3|2016-08-20
Coop Restaurant Winterthur Lokwerk|591anital|2|2018-09-20
Coop Restaurant Winterthur Lokwerk|Class-invictus|2|2017-06-30
Coop Restaurant Winterthur Lokwerk|viajara821|5|2014-07-17
Coop Restaurant Winterthur Lokwerk|poboxearth|2|2012-07-26
Molly Malone Irish Pub|thisdrinkinglife|4|2022-06-08
Molly Malone Irish Pub|172martino|5|2024-01-02
Molly Malone Irish Pub|RachelinAdliswil|3|2019-01-06
Molly Malone Irish Pub|aulShadwell|3|2017-06-24
Restaurant Palmera|sabelleets_bast2024|5|2024-02-11
Restaurant Palmera|Voyager24468297639|5|2024-06-12
Restaurant Palmera|Happiness23395316953|5|2024-02-11
Restaurant Palmera|veedal33|5|2024-01-08
Restaurant Palmera|MarE276|5|2023-08-29
Restaurant Ibis Winterthur City|bertgC3191EM|4|2014-02-24
Restaurant Ibis Winterthur City|assport36343290490|5|2023-11-14
Locanda Trivisano|LucySkrovan|4|2019-04-24
Locanda Trivisano|Yevgeniy_Kholchev|5|2018-09-21
Locanda Trivisano|DiCey25|5|2018-04-14
Locanda Trivisano|Mattia103|2|2018-07-14
Locanda Trivisano|DerMargash|2|2017-04-08
Locanda Trivisano|365Rainbow|4|2016-10-26
Locanda Trivisano|johnfA9660ZX|5|2015-12-24
Locanda Trivisano|279chantalh|5|2015-09-28
Locanda Trivisano|Kapa98|5|2015-06-20
Locanda Trivisano|Connector331581|2|2024-01-26
Locanda Trivisano|kurtw596|5|2024-01-01
Locanda Trivisano|65berndk|4|2023-10-17
By Elvis|994nishand|5|2023-11-06
By Elvis|K7117MAjulianr|5|2023-10-06
By Elvis|956kirazb|1|2023-09-30
Maharaja Curry|Alchemista121|4|2021-05-04
Maharaja Curry|Unimpressed749|4|2019-12-01
Maharaja Curry|595sheikhs|5|2019-08-25
Maharaja Curry|Foodie044|2|2021-06-08
Maharaja Curry|victoriat938|5|2019-04-03
Maharaja Curry|482claudiav|4|2019-01-30
Maharaja Curry|kwj0|5|2018-12-10
Maharaja Curry|nkink889|3|2018-08-20
Maharaja Curry|mishrarohit9|5|2018-06-08
Maharaja Curry|shansingh|5|2017-12-04
Maharaja Curry|mohammedy317|1|2017-11-12
Maharaja Curry|Niramoon|5|2017-05-16
Maharaja Curry|KatharinaNi|5|2017-05-06
Maharaja Curry|Natalielovestotravel|3|2017-04-12
Maharaja Curry|Ratish_11|5|2017-02-12
Maharaja Curry|VaibhavR150|4|2017-01-22
Maharaja Curry|denitzah2016|5|2016-12-27
Maharaja Curry|Cap_S-501|3|2016-11-17
Maharaja Curry|Mike_S_Switzerland|4|2016-11-12
Maharaja Curry|321claudiak|5|2016-09-21
Maharaja Curry|MarkyMark58|4|2016-09-20
Maharaja Curry|thomo08|4|2016-08-30
Maharaja Curry|KrishnaD345|4|2016-08-26
Maharaja Curry|321claudiak|5|2016-05-29
Maharaja Curry|Elyse24|5|2015-11-08
Maharaja Curry|301fahdr|5|2015-10-17
Maharaja Curry|MichaelV763|3|2015-10-01
Maharaja Curry|Suri-from-Winterthur|4|2015-07-26
Maharaja Curry|thenitai|4|2015-07-10
Maharaja Curry|MananUppal|4|2015-06-30
Maharaja Curry|461praveenr|5|2015-06-29
Maharaja Curry|Dpkvghl|5|2015-06-27
Maharaja Curry|JUstNothiNG|5|2015-06-27
Maharaja Curry|parallelthought|3|2015-05-27
Maharaja Curry|Sammy_A_78|4|2015-03-08
Maharaja Curry|HaT73|3|2014-12-03
Maharaja Curry|Nitinkus|5|2014-11-24
Maharaja Curry|Abyzkjp|4|2014-10-08
Maharaja Curry|IanJ433|5|2014-07-11
Maharaja Curry|19Impala59|4|2014-07-02
Maharaja Curry|TimMarshall29|5|2014-06-07
Maharaja Curry|Bhavnu|4|2014-03-01
Maharaja Curry|Ivayl0G|5|2013-11-23
Maharaja Curry|VaniaM332|5|2013-05-29
Maharaja Curry|Kambesa|5|2013-05-09
Maharaja Curry|Smoke_Trees|3|2011-12-22
Maharaja Curry|SaraR515|5|2011-10-09
Maharaja Curry|vonmeyenburg|5|2023-11-11
Trattoria da Mario|ggu1|1|2024-01-05
Trattoria da Mario|ucagJ7066JT|1|2024-01-03
Trattoria da Mario|annaWinterthur|5|2023-09-22
Tom Yam|423dylanw|4|2022-01-22
Tom Yam|weltentdeckerli|5|2017-02-27
Tom Yam|sakR9958LE|4|2016-02-12
Tom Yam|Joe_Shlabotnik|4|2016-01-29
Tom Yam|uyresdu|5|2015-12-11
Tom Yam|mikey23man|3|2014-08-08
Tom Yam|achel69inman|5|2013-10-18
Tom Yam|Ziocass|4|2013-09-12
Tom Yam|Vacationer803555|5|2013-07-20
Tom Yam|TastyHomer|4|2013-06-22
Tom Yam|stelladellasenna|3|2013-04-18
Tom Yam|walteroakes|5|2012-08-21
Tom Yam|Go28512442551|5|2024-01-27
Rageboge Bistro|_belgium|4|2018-09-20
Rageboge Bistro|SwissGuyWinti|3|2017-07-05
Club zur Geduld|KrisiLasi|5|2024-06-17
Stricker's|Foodie044|5|2020-07-10
Stricker's|peebosity|5|2022-02-06
Stricker's|claudiobA7613CF|4|2020-06-28
Stricker's|Foodie044|2|2020-05-29
Stricker's|petrabI212HQ|4|2020-02-06
Stricker's|surfer96|5|2019-06-15
Stricker's|344jurajs|4|2018-11-28
Stricker's|Murietta87|5|2018-08-27
Stricker's|279chantalh|5|2018-02-09
Stricker's|TheFabRitz|4|2018-02-07
Stricker's|SwissGuyWinti|5|2017-07-05
Stricker's|SPGiuliana|4|2017-03-25
Stricker's|di-TABS|4|2016-11-17
Stricker's|991felixr|5|2024-07-20
Stricker's|J-ZRH|5|2024-02-05
Stricker's|Getaway15063447933|5|2023-08-11
Restaurant Trübli|sg318|5|2020-01-12
Restaurant Trübli|petrabI212HQ|5|2020-08-30
Restaurant Trübli|259hamiltonp|5|2022-01-26
Restaurant Trübli|wisenetizen|3|2020-01-28
Restaurant Trübli|sauffreundlich|5|2020-06-12
Restaurant Trübli|DonDridger21|5|2022-03-02
Restaurant Trübli|barbaragL9154IM|5|2022-05-18
Restaurant Trübli|chriisiiimvrie|5|2022-03-02
Restaurant Trübli|Z3913KRjanices|5|2022-06-16
Restaurant Trübli|K9525UEmartins|5|2023-11-27
Restaurant Trübli|petrabI212HQ|5|2023-05-20
Restaurant Trübli|C9452IBcarlac|5|2022-03-02
Restaurant Trübli|746selinas|5|2022-03-02
Restaurant Trübli|988jeanninej|5|2021-07-27
Restaurant Trübli|ChristophB1540|5|2019-10-10
Restaurant Trübli|MortenToft|5|2019-09-19
Restaurant Trübli|Staunender|5|2019-06-15
Restaurant Trübli|petrabI212HQ|5|2019-05-19
Restaurant Trübli|diesanduhr|5|2019-05-09
Restaurant Trübli|andyr850|5|2019-05-09
Restaurant Trübli|narilos|5|2019-04-27
Restaurant Trübli|sgec1105|4|2018-01-20
Restaurant Trübli|travellingbuzz|5|2016-08-02
Restaurant Trübli|Zacky0711|5|2016-03-15
Restaurant Trübli|sgec1105|3|2015-08-30
Restaurant Trübli|JenniAdams|5|2014-10-09
Restaurant Trübli|KJA3|4|2013-07-16
Restaurant Trübli|klausb950|5|2013-04-07
Restaurant Trübli|Lkm995|5|2012-02-18
Restaurant Trübli|alexandermL9966XQ|5|2024-08-17
Restaurant Trübli|siewillwas|5|2024-08-14
Restaurant Trübli|Trek40708704414|5|2024-07-17
Restaurant Trübli|RolandoGiuseppe|5|2024-07-17
Restaurant Trübli|SteffiM277|5|2024-02-16
Restaurant Trübli|Andre_xyz|5|2024-02-04
Restaurant Trübli|thomasdumm|5|2024-01-19
Restaurant Trübli|GehrigRene|5|2024-01-04
Restaurant Trübli|Traveler383666|5|2023-12-31
Restaurant Trübli|ghisi2|5|2023-12-12
Restaurant Trübli|yvonnes31|5|2023-11-07
Restaurant Trübli|Maps47787497580|5|2023-10-15
Restaurant Trübli|Trip46000017388|5|2023-10-09
Restaurant Trübli|B8713ACgabrielab|5|2023-10-07
Restaurant Trübli|Oertli|5|2023-10-06
Restaurant Trübli|Footprints671635|5|2023-09-14
Restaurant Trübli|Maps31593392432|2|2023-09-09
Restaurant Trübli|gulakeller|5|2023-08-11
Am Romerholz|605ailbhef|3|2020-02-13
Am Romerholz|meinelauri|5|2019-02-17
Am Romerholz|Apenzeller|5|2018-06-01
Am Romerholz|Global23027856375|1|2023-02-12
Am Romerholz|TheFabRitz|5|2017-08-13
Am Romerholz|nab88|4|2016-03-03
Am Romerholz|138haimv|5|2016-02-05
Am Romerholz|Zurich71|5|2015-06-07
Am Romerholz|adap2014|5|2014-11-22
Am Romerholz|BrigitteHuber-Jordi|3|2023-09-06
Restaurant Weinberg Wülflingen|andybC6147RO|5|2017-09-16
Restaurant Weinberg Wülflingen|menth0l|3|2019-10-20
Les Wagons|FormerCaliBoy|4|2017-02-13
Les Wagons|ZO-O300|5|2016-05-25
Les Wagons|Chrigel2014|4|2016-04-25
Les Wagons|952tizians|4|2015-12-15
Thai Bistro|KiudeeDavie|5|2021-07-22
Thai Bistro|Martaaaaa|4|2021-02-10
Thai Bistro|ydm972|4|2019-07-26
Thai Bistro|surfer96|4|2019-06-15
Thai Bistro|Discmac|4|2019-04-18
Thai Bistro|482claudiav|4|2017-02-02
Thai Bistro|BarbaraF8000|5|2024-03-17
AL Giardino|118nedak|5|2022-10-21
AL Giardino|Rafaelpereira|5|2023-02-26
AL Giardino|344jurajs|5|2018-04-10
AL Giardino|global-swiss|4|2018-02-24
AL Giardino|YvesGG|5|2017-11-28
AL Giardino|YvesGG|5|2017-08-12
AL Giardino|Vancouverregular|5|2016-07-26
AL Giardino|tzschenkel51|4|2015-10-07
AL Giardino|805gwen|5|2015-07-15
AL Giardino|YvesGG|5|2015-07-13
AL Giardino|g0ncalvesd|5|2015-07-11
AL Giardino|692luanad|5|2015-03-19
AL Giardino|Trip2616|3|2015-02-21
AL Giardino|prodepupazzo|5|2015-02-04
AL Giardino|RM3851|3|2014-12-09
AL Giardino|LosAngeles2009|5|2013-05-09
AL Giardino|LosAngeles2009|5|2013-05-08
AL Giardino|swisspigs|5|2012-09-10
AL Giardino|swisspigs|3|2011-09-11
AL Giardino|swisspigs|5|2010-12-30
AL Giardino|alphmueggler|1|2024-04-17
AL Giardino|RoManHop|1|2024-02-03
AL Giardino|Eveline1191|5|2024-01-04
AL Giardino|Freedom27729269522|3|2024-01-01
AL Giardino|Trail40603209517|1|2023-12-18
AL Giardino|Stay40472105318|3|2023-12-05
Café Kunterbunt|JNCohen|5|2021-07-18
Café Kunterbunt|CateZurigo|5|2023-09-11
Freieck-Seen|swisspigs|5|2017-03-26
Freieck-Seen|HerbertDi|5|2013-09-29
Freieck-Seen|57AlexG222|5|2023-10-27
Migros Restaurant Neuwiesen|katarzynachojna|5|2021-07-20
Die Loge Bar|georgiou-julian|4|2017-10-07
Die Loge Bar|Jpearce88|4|2015-01-11
Die Loge Bar|bxx2|4|2015-01-08
Die Loge Bar|EMandDAN|4|2014-11-29
Die Loge Bar|zepkar|4|2013-09-12
BackWerk|FormerCaliBoy|2|2017-02-13
Bistro Dimensione|Nana_Yk|4|2016-11-07
Bistro Dimensione|hinterland|5|2023-11-14
Tibet Bistro|MaraC708|4|2021-08-04
Tibet Bistro|Martaaaaa|4|2021-02-10
Tibet Bistro|JaCoWi|5|2020-07-21
Tibet Bistro|aretta2014|2|2019-05-09
Tibet Bistro|mrsfruitloops|5|2019-04-02
Tibet Bistro|258CharlesD|4|2018-11-24
Tibet Bistro|peterD586BD|5|2018-05-24
Tibet Bistro|100mathieuh|4|2017-07-26
Tibet Bistro|christianb465|5|2016-06-29
Tibet Bistro|Sammy_A_78|5|2016-03-14
Tibet Bistro|539rahulj|5|2016-03-13
Tibet Bistro|EatAnR|4|2014-01-26
Tibet Bistro|Liz_D27|4|2012-07-09
Tibet Bistro|pification|5|2023-11-07
Sporrer|tssluca|5|2020-09-19
Sporrer|DanaD_1976|5|2020-09-25
Sporrer|davidkscruggs|4|2019-10-01
Sporrer|7September|5|2018-09-19
Sporrer|menth0l|4|2017-09-06
Sporrer|RedWhite15|5|2017-01-22
Sporrer|152dustins|4|2016-10-14
Sporrer|Flowwolf|4|2016-07-08
Sporrer|TheFabRitz|4|2015-11-11
Sporrer|sullotennis|5|2015-04-30
Sporrer|Sil543|3|2015-03-17
Sporrer|326ritad|4|2014-12-09
Sporrer|966susannep|4|2014-10-01
Sporrer|SwissGuyWinti|4|2014-08-23
Sporrer|ThomasFL2014|4|2014-07-31
Sporrer|Gironzolone1|5|2014-05-17
Sporrer|Staunender|4|2011-11-01
Sporrer|Trip67962|5|2008-11-20
Sporrer|christinelE6122EN|5|2024-05-25
Sporrer|501silvank|1|2024-05-25
Sporrer|stereu|5|2024-05-10
Sporrer|Roxymaus|2|2024-05-06
Sporrer|Fidelio_Z|5|2023-08-27
Sporrer|Compass65861034249|3|2023-08-20
Sporrer|RenatoW_13|4|2023-08-14
Residenz Restaurant|HenriG33|4|2008-01-02
Residenz Restaurant|Navigator17989329330|5|2024-07-07
Insieme|BrianA960|5|2018-02-22
Insieme|Staunender|4|2015-04-10
Bistro Alte Kaserne|Staunender|4|2018-03-29
Bistro Alte Kaserne|Chrigel2014|4|2017-01-14
Bistro Alte Kaserne|sazy2015|3|2016-09-13
Bistro Alte Kaserne|Morrovalle|1|2023-02-12
DA MÈ Ristorante|vanos677|5|2020-06-08
DA MÈ Ristorante|jofata|5|2019-12-14
DA MÈ Ristorante|Antarris|5|2019-11-13
DA MÈ Ristorante|EBH666|5|2019-10-01
DA MÈ Ristorante|Schnee1969|5|2019-09-27
DA MÈ Ristorante|RObrist92|5|2019-08-12
DA MÈ Ristorante|jankS9780TN|5|2019-06-20
Rosa Pulver|W8022PHastridb|5|2022-01-29
Rosa Pulver|DerGast111|4|2024-06-27
Rosa Pulver|880basilm|5|2024-06-14
Rosa Pulver|Dreamer51735179895|5|2024-05-04
Rosa Pulver|Happiness56169023483|5|2024-04-06
Rosa Pulver|NordicBrewer|2|2023-12-05
Rosen Restaurant Pizzeria|B1799PPandreasr|5|2024-08-16
Restaurant Argana|BearFox2020|4|2014-09-07
Eschenberg|saronic|5|2021-07-23
Eschenberg|not4alltheteainchina|4|2020-08-16
Eschenberg|344jurajs|3|2019-07-12
Eschenberg|D1939DHmassimob|5|2018-03-18
Eschenberg|miniop2018|4|2017-06-06
Eschenberg|188048Michael|3|2017-01-28
Eschenberg|871haraldf|4|2017-01-01
Eschenberg|SiuMui|4|2015-11-02
Eschenberg|Odyssey06517583631|1|2023-09-10
Eschenberg|anastasiagP128AR|5|2023-09-10
Eschenberg|aede59|5|2023-08-28
Eschenberg|wyss|1|2023-08-14
Eschenberg|andreah462|5|2023-08-03
Trattoria La Torre|tzschenkel51|5|2020-06-16
Trattoria La Torre|82_Elli|5|2014-02-06
Trattoria La Torre|gurktaler|5|2024-02-02
Trattoria La Torre|Tajci84|5|2023-11-08
Trattoria La Torre|Zoran-K|4|2023-09-04
Restaurant Fredi|Ralphael94|3|2023-03-10
Restaurant Fredi|wilsonh698|5|2022-11-26
Restaurant Fredi|279chantalh|4|2022-08-04
Restaurant Fredi|nesk76|3|2022-01-22
Restaurant Fredi|Heidi220775|5|2021-11-08
Restaurant Fredi|nthemovewithjens|4|2020-09-22
Restaurant Fredi|clang2016|5|2024-08-06
Restaurant Fredi|neer55907182847|5|2024-07-29
Restaurant Fredi|tinabW1625TD|5|2024-07-10
Restaurant Fredi|DerGast111|4|2024-06-26
Restaurant Fredi|Oertli|5|2024-06-22
Restaurant Fredi|ClaRaMiYaNo|2|2024-06-22
Restaurant Fredi|simackhei|5|2024-05-20
Restaurant Fredi|C1334IDfelixd|5|2024-05-12
Restaurant Fredi|K3493CStinab|5|2024-05-11
Restaurant Fredi|Explore68546|5|2024-05-05
Restaurant Fredi|nicolekK1516ER|5|2024-05-03
Restaurant Fredi|Voyager46190316621|5|2024-05-03
Restaurant Fredi|Fred_Krueger|3|2024-04-25
Restaurant Fredi|Fruehlingsgruen|4|2024-04-24
Restaurant Fredi|NiLi0912|5|2024-04-24
Restaurant Fredi|annettehO842XW|5|2024-04-23
Restaurant Fredi|Footbaltraveler|5|2024-04-23
Restaurant Fredi|haefelin|5|2024-04-21
Restaurant Fredi|brigittebB1117AK|5|2024-04-21
Restaurant Fredi|Adventure64305991507|5|2024-04-20
Restaurant Fredi|Trail33405034592|5|2024-04-06
Restaurant Fredi|Navigate27282305299|5|2024-03-25
Restaurant Fredi|assenger63546876123|5|2024-03-22
Restaurant Fredi|EvaB4518|5|2024-03-20
Restaurant Fredi|claudiaw805|5|2024-03-10
Restaurant Fredi|Culture15303979927|5|2024-02-08
Restaurant Fredi|Navigator66727353734|5|2024-02-05
Restaurant Fredi|922estherh|5|2024-02-05
Restaurant Fredi|JohannesB277|5|2024-02-03
Restaurant Fredi|Venture44786153306|5|2024-02-01
Restaurant Fredi|anitawenk|5|2024-01-30
Restaurant Fredi|manueladS9232AJ|3|2024-01-18
Restaurant Fredi|78beati|5|2024-01-12
Restaurant Fredi|Swissteel|2|2023-12-25
Restaurant Fredi|Q1671ASroberts|1|2023-12-17
Restaurant Fredi|barbarabK445GQ|5|2023-12-14
Restaurant Fredi|doemikohler|4|2023-12-13
Restaurant Fredi|hilippeL2987|4|2023-12-08
Restaurant Fredi|Nomad39057104174|5|2023-11-24
Restaurant Fredi|Coastal41919669091|5|2023-11-22
Restaurant Fredi|kiaora1973|3|2023-11-21
Restaurant Fredi|Safari50192367872|5|2023-11-18
Restaurant Fredi|Freedom08309198365|5|2023-11-01
Restaurant Fredi|907katjap|4|2023-10-30
Restaurant Fredi|sagean|5|2023-10-20
Restaurant Fredi|j_rgw379|5|2023-10-19
Restaurant Fredi|AGlomb|5|2023-10-16
Restaurant Fredi|OnAir24401837847|5|2023-10-07
Restaurant Fredi|claudia602017|5|2023-10-06
Restaurant Fredi|MArnold63|5|2023-10-02
Restaurant Fredi|KarinImobersteg|5|2023-09-22
Restaurant Fredi|Mobile59697549138|4|2023-09-20
Restaurant Fredi|Dreamer65572703652|5|2023-09-20
Restaurant Fredi|terL7760|5|2023-09-16
Restaurant Fredi|beer4|5|2023-09-08
Restaurant Fredi|sheilab446|5|2023-09-08
Restaurant Fredi|aede59|4|2023-08-28
Restaurant Fredi|Andy0511|5|2023-08-25
Restaurant Fredi|Vreny64|5|2023-08-23
Restaurant Fredi|annsofiei326|5|2023-08-09
Central|Relax30818459381|5|2024-03-03
Central|Explorer40710125281|5|2024-01-21
Hi&da|321claudiak|4|2017-10-11
Hi&da|GaHe1722|5|2017-09-09
Hi&da|Reinerpflanz|3|2023-08-16
Banane Restaurant|yl0ne|5|2020-10-22
Banane Restaurant|840herbertg|5|2019-04-20
Banane Restaurant|gerlroca|5|2016-12-19
Banane Restaurant|affisr|2|2018-10-19
Banane Restaurant|Footbaltraveler|5|2023-11-10
Banane Restaurant|annarosab653|5|2023-09-08
Pasta E Piu|bernietaxes|4|2022-06-07
Pasta E Piu|andreasgregro|4|2020-02-24
Pasta E Piu|NickBaba17|5|2018-07-11
Pasta E Piu|gripen73|5|2018-05-13
Pasta E Piu|HerbertvonKa|4|2017-05-07
Pasta E Piu|HerbertvonKa|5|2016-12-08
Fahrenheit|travellingbuzz|4|2016-08-02
Fahrenheit|ynnp505|4|2015-11-11
Fahrenheit|mrsorso|4|2014-12-01
Fahrenheit|missyperu|5|2014-08-08
Fahrenheit|njac_13|4|2013-12-06
Fahrenheit|Curious33161231951|1|2023-09-23
Portier|zwitscher|5|2013-07-25
Fu Ji Restaurant |900johnn|3|2022-10-20
Fu Ji Restaurant |TheRealBaGEL|4|2018-12-01
Fu Ji Restaurant |zirkus_ki|3|2018-04-14
Fu Ji Restaurant |900johnn|1|2022-07-08
Fu Ji Restaurant |B8643AYannag|5|2021-04-15
Fu Ji Restaurant |TheFabRitz|4|2018-02-07
Fu Ji Restaurant |norgtak46|4|2017-10-04
Fu Ji Restaurant |thomo08|4|2016-08-30
Fu Ji Restaurant |226garetho|5|2016-07-22
Fu Ji Restaurant |benguc625|4|2016-07-13
Fu Ji Restaurant |184Mosey|5|2015-08-19
Fu Ji Restaurant |Michel_1982|3|2015-07-22
Fu Ji Restaurant |Koalacb|1|2015-04-05
Fu Ji Restaurant |_laparoto|1|2014-09-10
Fu Ji Restaurant |gimo2010|5|2013-10-13
Fu Ji Restaurant |nterati|4|2013-10-05
Fu Ji Restaurant |NixB|5|2012-10-18
Fu Ji Restaurant |mickey99199|5|2023-12-21
Fu Ji Restaurant |aradise27446233974|1|2023-08-18
Tandoor Restaurant|SubramanianK47|5|2022-02-26
Tandoor Restaurant|shadylau|4|2019-10-07
Tandoor Restaurant|Nomad70884|4|2019-08-07
Tandoor Restaurant|voan2018|5|2019-01-14
Tandoor Restaurant|heidis641|5|2018-12-22
Tandoor Restaurant|mishrarohit9|5|2018-06-08
Tandoor Restaurant|Timberlands_peter|3|2018-03-05
Tandoor Restaurant|Aatreyi|5|2017-11-02
Tandoor Restaurant|nevinaya|5|2017-09-29
Tandoor Restaurant|RaymondRoesti|3|2016-11-18
Tandoor Restaurant|HarmonyV92|5|2016-08-17
Tandoor Restaurant|S7094JCchrisl|4|2015-12-05
Tandoor Restaurant|skomar|5|2015-09-08
Tandoor Restaurant|6foot8Chrispy|4|2015-08-21
Tandoor Restaurant|922andrew|5|2015-07-09
Tandoor Restaurant|v_roniquek933|5|2015-05-28
Tandoor Restaurant|344jurajs|5|2015-02-27
Tandoor Restaurant|sanjaylakhera|5|2014-09-08
Tandoor Restaurant|sullotennis|5|2014-03-12
Tandoor Restaurant|Verma_Yk|5|2013-10-15
Tandoor Restaurant|TyagiJiK|5|2013-10-14
Tandoor Restaurant|amO893|3|2013-08-12
Tandoor Restaurant|Morrovalle|1|2013-07-17
Tandoor Restaurant|angloswisscouple|2|2013-06-03
Tandoor Restaurant|Atanu_13|4|2013-05-02
Tandoor Restaurant|LakeHouse53081|4|2013-02-24
Tandoor Restaurant|nitinsachdeva|3|2012-09-16
Tandoor Restaurant|Liz_D27|4|2012-09-01
Tandoor Restaurant|MehakG|5|2012-08-24
Tandoor Restaurant|645ursl|5|2023-11-19
Tandoor Restaurant|Navigate64631428994|5|2023-10-01
STRAUSS Restaurant Vineria & Bar|HP_Onit52|4|2015-02-18
STRAUSS Restaurant Vineria & Bar|Rud0lfG|3|2014-12-03
STRAUSS Restaurant Vineria & Bar|_laparoto|4|2014-09-23
STRAUSS Restaurant Vineria & Bar|achel69inman|3|2013-11-23
STRAUSS Restaurant Vineria & Bar|NicoleI454|5|2013-10-03
STRAUSS Restaurant Vineria & Bar|Morrovalle|2|2013-07-01
STRAUSS Restaurant Vineria & Bar|TreeandDonkey|4|2013-04-25
STRAUSS Restaurant Vineria & Bar|drn01|5|2013-04-18
STRAUSS Restaurant Vineria & Bar|Goldi09|5|2012-05-28
STRAUSS Restaurant Vineria & Bar|swisspigs|4|2012-03-19
STRAUSS Restaurant Vineria & Bar|MarkusReinhard|2|2010-07-13
STRAUSS Restaurant Vineria & Bar|texswiss|5|2009-03-20
STRAUSS Restaurant Vineria & Bar|na05092014f|4|2008-03-13
STRAUSS Restaurant Vineria & Bar|MichaelB18688|5|2024-07-11
STRAUSS Restaurant Vineria & Bar|njaw880|5|2024-07-10
STRAUSS Restaurant Vineria & Bar|FarAway30566229781|5|2024-07-08
STRAUSS Restaurant Vineria & Bar|KrisiLasi|5|2024-06-07
STRAUSS Restaurant Vineria & Bar|chbusytraveller|4|2024-05-22
STRAUSS Restaurant Vineria & Bar|1968Daniel|5|2024-04-27
STRAUSS Restaurant Vineria & Bar|Trail64590099017|5|2024-04-27
STRAUSS Restaurant Vineria & Bar|judithbS6603QU|5|2024-04-27
STRAUSS Restaurant Vineria & Bar|Christianbreiter|5|2024-04-15
STRAUSS Restaurant Vineria & Bar|massimo_troilo|4|2024-03-31
STRAUSS Restaurant Vineria & Bar|sacM1108IR|5|2024-03-11
STRAUSS Restaurant Vineria & Bar|IvanB4119|1|2024-02-24
STRAUSS Restaurant Vineria & Bar|Jet52980806561|1|2023-12-09
STRAUSS Restaurant Vineria & Bar|Vanguard49|2|2023-11-17
STRAUSS Restaurant Vineria & Bar|ManuSwiss1|5|2023-09-02
Restaurant Das Taggenberg|726janniew|4|2016-09-02
Restaurant Das Taggenberg|np588|5|2014-06-20
Restaurant Das Taggenberg|kglauser|5|2014-03-08
Restaurant Das Taggenberg|swisspigs|5|2011-09-11
Restaurant Das Taggenberg|850harrerm|1|2024-06-28
Restaurant Das Taggenberg|ANSGAR_SCHAEFER|5|2024-02-15
Restaurant Das Taggenberg|GiselaG502|5|2024-01-25
Restaurant Das Taggenberg|Jet52980806561|5|2023-12-09
Das Schmale Handtuch|FatimaBrenner|5|2018-08-06
Grotto Maienried|terF4837|5|2024-05-25
Zum Grünen Hund|482claudiav|5|2019-01-23
Zum Grünen Hund|zwitscher|5|2013-07-25
Jesus Rice!|IlIlIlIlIlIlIlIlIIlI|5|2020-09-07
Kafisatz|guerrero54|4|2017-03-26
Kafisatz|sharronlynam|1|2023-04-20
Kafisatz|Epices6|5|2018-07-31
Kafisatz|Kingsleyjamesflint|5|2018-07-25
Kafisatz|_borro_wic|5|2018-02-11
Kafisatz|952tizians|2|2016-10-14
Kafisatz|321claudiak|5|2016-09-18
Restaurant Sonneck|99Display_Name99|4|2014-09-20
Restaurant Sonneck|aradise27446233974|1|2023-08-18
Ristorante Caruso|Sightsee45665820374|5|2020-10-03
Ristorante Caruso|janneh6666|4|2022-03-31
Ristorante Caruso|HOPE_F4Me|5|2019-10-02
Ristorante Caruso|DianaMcGregor|4|2019-04-28
Ristorante Caruso|Bunji111|5|2019-02-19
Ristorante Caruso|TheRealBaGEL|5|2018-12-01
Ristorante Caruso|vcad2016|5|2018-06-23
Ristorante Caruso|449andrey|5|2017-09-30
Ristorante Caruso|210patriciad|5|2017-07-28
Ristorante Caruso|cliveb548|5|2017-04-16
Ristorante Caruso|KJ1980KJ|5|2017-02-02
Ristorante Caruso|uvvlife|5|2016-05-10
Ristorante Caruso|Explorer34292384620|5|2024-04-24
Ristorante Caruso|Fearless21253108629|5|2024-04-24
Ristorante Caruso|uciag515|5|2024-02-09
Ristorante Caruso|gagna73|5|2023-08-26
Restaurant Pizzeria Rosenberg|prds66|5|2021-02-20
Restaurant Pizzeria Rosenberg|451christophf|5|2024-07-11
Thai Lotos Garden|asiafantasy|5|2016-08-13
Thai Lotos Garden|achel69inman|3|2014-01-19
Gocha Bar & Restaurant|E6334ZQmichelleb|5|2024-02-17
Gocha Bar & Restaurant|ALA7111|5|2023-11-09
Gocha Bar & Restaurant|Claudy1571|5|2023-10-31
Gocha Bar & Restaurant|Camper29086361076|1|2023-12-29
Jederziit Im Gate27|xinocactus|5|2016-09-09
Jederziit Im Gate27|TheFabRitz|3|2015-09-01
Jederziit Im Gate27|Jackie8400|3|2015-03-17
William's Asia Restaurant|X382TEmonicam|5|2024-02-13
plan b|sarahmarques24|5|2020-01-23
plan b|QrnK|5|2019-03-29
plan b|dominicb168|5|2017-05-17
Grand Cafe du Musee|DerMargash|5|2017-04-08
Grand Cafe du Musee|TXMISS54|4|2015-03-25
Bar Ristorante Pizzeria Buon Gusto|TuliusCicerone|5|2020-06-30
Bar Ristorante Pizzeria Buon Gusto|LeonM1268|5|2020-03-05
Bar Ristorante Pizzeria Buon Gusto|crazy_49er|5|2019-11-02
Bar Ristorante Pizzeria Buon Gusto|FerrRialain|5|2019-09-24
Bar Ristorante Pizzeria Buon Gusto|menth0l|4|2017-08-07
Bar Ristorante Pizzeria Buon Gusto|RaymondRoesti|4|2016-11-18
Bar Ristorante Pizzeria Buon Gusto|MichaelV763|5|2015-10-01
Taste Of Asia Nattana Thai Restaurant|TrailBlazer264370|5|2023-06-30
Taste Of Asia Nattana Thai Restaurant|TheRealBaGEL|5|2023-04-22
Taste Of Asia Nattana Thai Restaurant|TheEndy|5|2024-01-08
Taste Of Asia Nattana Thai Restaurant|Trek10775007459|3|2023-12-08
Taste Of Asia Nattana Thai Restaurant|Venture21315050314|1|2023-12-05
Nooba Kesselhaus|900johnn|3|2022-10-21
Nooba Kesselhaus|250nuriai|3|2023-11-01
Nooba Kesselhaus|Foodie044|2|2024-06-16
Nooba Kesselhaus|B9793BMtomb|5|2022-10-17
Nooba Kesselhaus|dominiquem469|5|2023-07-16
Nooba Kesselhaus|vanessamO188ES|3|2023-10-11
Cantinetta Bindella Winterthur|344jurajs|5|2019-04-17
Cantinetta Bindella Winterthur|maranbja|4|2018-10-14
Cantinetta Bindella Winterthur|AubreyMT|5|2018-08-31
Cantinetta Bindella Winterthur|900johnn|1|2022-06-10
Cantinetta Bindella Winterthur|sgec1105|4|2017-12-06
Cantinetta Bindella Winterthur|SteveZug|4|2016-11-05
Cantinetta Bindella Winterthur|Liany|4|2016-06-03
Cantinetta Bindella Winterthur|ZO-O300|4|2016-05-25
Cantinetta Bindella Winterthur|claudiomB6111OM|4|2015-12-13
Cantinetta Bindella Winterthur|969lukass|5|2015-05-16
Cantinetta Bindella Winterthur|SwissRD|5|2015-05-02
Cantinetta Bindella Winterthur|Chiurce|4|2014-03-24
Cantinetta Bindella Winterthur|DavidePiras|4|2013-12-12
Cantinetta Bindella Winterthur|Ginger1Winterthur|4|2012-02-26
Cantinetta Bindella Winterthur|ANSGAR_SCHAEFER|5|2024-07-02
Cantinetta Bindella Winterthur|HanspeterF938|3|2024-06-24
Cantinetta Bindella Winterthur|sikhim|5|2024-03-29
Cantinetta Bindella Winterthur|ginagT2270OX|5|2024-02-25
Cantinetta Bindella Winterthur|AdrianK4168|5|2024-01-05
Cantinetta Bindella Winterthur|Explorer49652956396|5|2023-12-08
Da Cristina|JoachimShe|4|2018-11-22
Da Cristina|Marsupilamio|5|2018-09-13
Da Cristina|afamorgan|5|2018-09-08
Restaurant Pizzeria Friedtal|MannCo860|5|2016-10-21
Santa Lucia|DelPantalone|5|2020-02-12
Santa Lucia|Sightseer41494844567|5|2023-10-21
Santa Lucia|B6984BZnadinel|5|2023-10-21
Santa Lucia|traveljet|5|2023-06-24
Santa Lucia|G333CXchristineb|5|2022-07-21
Santa Lucia|BrianJimenezCR|5|2021-05-16
Santa Lucia|atriciaBremner|5|2020-08-18
Santa Lucia|Zubkow|4|2019-03-21
Santa Lucia|DadTravels|4|2019-02-23
Santa Lucia|501armenda|5|2018-06-14
Santa Lucia|semagora|4|2017-09-28
Santa Lucia|mariosO8894SX|4|2017-07-26
Santa Lucia|JudyP520|4|2017-06-03
Santa Lucia|H1224XMjohnl|4|2017-03-27
Santa Lucia|85rob|2|2016-07-08
Santa Lucia|sharon33191|4|2016-05-16
Santa Lucia|peterpM3050OC|5|2016-02-22
Santa Lucia|ChristinaKorsgaard|5|2015-08-21
Santa Lucia|Gastkritikerin|3|2015-08-05
Santa Lucia|bartlomiejp2014|4|2015-03-26
Santa Lucia|nnagata75|4|2014-12-31
Santa Lucia|Mattia103|3|2014-12-09
Santa Lucia|HaT73|4|2014-12-05
Santa Lucia|Wendy_Tony_11|4|2014-08-04
Santa Lucia|446mariat|4|2014-05-20
Santa Lucia|quarup|4|2013-09-16
Santa Lucia|synchroswimchick|5|2012-07-25
Santa Lucia|Flowwolf|4|2012-04-18
Santa Lucia|CF745|2|2011-10-04
Santa Lucia|Departure47274827769|5|2024-03-17
Santa Lucia|Alcarole73|5|2024-02-23
Santa Lucia|I9901ETsophiat|5|2024-02-17
Santa Lucia|gulas2024|5|2024-02-03
Santa Lucia|ursberli|5|2023-12-11
Santa Lucia|michellehT6165WZ|5|2023-10-31
Santa Lucia|Odyssey68657993098|5|2023-10-26
Santa Lucia|Leo_vanr|5|2023-10-26
Santa Lucia|CassyFrank|5|2023-10-14
Santa Lucia|andb996|3|2023-10-10
Santa Lucia|B8584AObarbarah|5|2023-09-03
Santa Lucia|gagna73|4|2023-08-26
Ristorante - Pizzeria Cardinal|357erikw|5|2019-08-28
Ristorante - Pizzeria Cardinal|sgec1105|4|2017-02-11
Boilerroom|B9793BMtomb|4|2022-10-17
Boilerroom|Graido|5|2019-06-20
Boilerroom|LucySkrovan|3|2019-04-24
Boilerroom|georgiou-julian|1|2019-11-08
Boilerroom|naomix78|3|2018-04-10
Boilerroom|_laparoto|4|2018-01-31
Boilerroom|Isabel_K90|4|2017-05-24
Boilerroom|RaymondRoesti|2|2017-05-10
Boilerroom|TheSamm0|4|2017-05-01
Boilerroom|haktus|4|2016-12-19
Boilerroom|SaleBrutale|5|2016-08-04
Boilerroom|YonathanY|3|2016-07-31
Boilerroom|FormerCaliBoy|3|2015-10-23
Boilerroom|Ev-K-Wa|3|2015-07-08
Boilerroom|parallelthought|4|2015-05-27
Boilerroom|Morrovalle|4|2013-07-01
Boilerroom|Trip14459776828|4|2024-08-11
Boilerroom|Sveti40|2|2024-03-22
Boilerroom|Ehgdubgkk|3|2023-12-09
Manta Bar|RogerW934|4|2015-07-27
Manta Bar|not4alltheteainchina|1|2020-07-29
Manta Bar|wodniak_t|5|2017-12-22
Manta Bar|EEK-ZH|5|2015-09-15
Quincy Rooftop Bar|F8513ZOsergios|5|2024-04-26
Quincy Rooftop Bar|287almirr|5|2024-04-26
BABY|NiciT74|5|2024-07-10
BABY|neer60304195101|5|2023-08-25
Gelateria Pura Vida|Sightsee66098322416|5|2024-07-26
Restaurant Pizzeria La Pergola|FRANCISOL85|5|2023-03-24
Restaurant Pizzeria La Pergola|doobie2015|4|2019-11-08
Restaurant Pizzeria La Pergola|andreasgregro|3|2019-11-04
Restaurant Pizzeria La Pergola|MartinW_Dublin|2|2019-05-31
Restaurant Pizzeria La Pergola|utineastasia|4|2019-05-04
Restaurant Pizzeria La Pergola|AJC32|1|2018-06-18
Restaurant Pizzeria La Pergola|zvih2017|3|2017-07-11
Restaurant Pizzeria La Pergola|808melb|4|2017-01-17
Restaurant Pizzeria La Pergola|matthipam|4|2016-07-25
Restaurant Pizzeria La Pergola|Vilsgra|5|2015-09-09
Restaurant Pizzeria La Pergola|Ev-K-Wa|4|2015-06-30
Restaurant Pizzeria La Pergola|twicked|3|2015-05-12
Restaurant Pizzeria La Pergola|JNCohen|5|2015-03-17
Restaurant Pizzeria La Pergola|sgec1105|4|2015-02-18
Restaurant Pizzeria La Pergola|supattram26|5|2015-02-13
Restaurant Pizzeria La Pergola|dadego|4|2014-04-12
Restaurant Pizzeria La Pergola|Chiurce|4|2014-03-24
Restaurant Pizzeria La Pergola|MarkusL149|4|2014-02-04
Restaurant Pizzeria La Pergola|tra77|5|2013-12-11
Restaurant Pizzeria La Pergola|avis10|4|2013-09-11
Restaurant Pizzeria La Pergola|achel69inman|4|2013-07-13
Restaurant Pizzeria La Pergola|Dado_63xx|4|2013-05-21
Restaurant Pizzeria La Pergola|Cosmictrotter|4|2013-02-25
Restaurant Pizzeria La Pergola|NixB|4|2012-10-18
Restaurant Pizzeria La Pergola|smile2016|5|2024-08-18
Restaurant Pizzeria La Pergola|Camper51847522889|5|2024-08-02
Restaurant Pizzeria La Pergola|Dreamer826405|2|2024-02-18
Restaurant Pizzeria La Pergola|WinterthurMuseums|5|2024-01-11
Restaurant Pizzeria La Pergola|Mattia103|3|2023-11-25
Brauhaus Winterthur|37richardls|4|2019-03-07
Brauhaus Winterthur|823maggiee|3|2018-04-02
Brauhaus Winterthur|99Display_Name99|4|2017-05-20
Brauhaus Winterthur|RaymondRoesti|2|2021-09-05
Brauhaus Winterthur|yennyy2015|5|2017-11-04
Brauhaus Winterthur|zabethz649|1|2017-05-30
Brauhaus Winterthur|DarrellH860|4|2017-01-18
Brauhaus Winterthur|Dublogach|5|2016-11-04
Brauhaus Winterthur|Mattia103|2|2016-09-25
Brauhaus Winterthur|adrianjones5|4|2016-09-19
Brauhaus Winterthur|br63|4|2016-09-17
Brauhaus Winterthur|Classicmusicfan|3|2016-09-05
Brauhaus Winterthur|472marcinm|4|2016-07-13
Brauhaus Winterthur|Swiss1981|4|2016-06-17
Brauhaus Winterthur|FormerCaliBoy|3|2015-10-23
Brauhaus Winterthur|AlfredoHonegger|4|2015-10-21
Brauhaus Winterthur|maitai2203|5|2015-07-18
Brauhaus Winterthur|Guide62192233952|5|2024-07-14
Brauhaus Winterthur|SusanneK2346|2|2024-06-13
Brauhaus Winterthur|EWander9|2|2024-04-21
Brauhaus Winterthur|vxlvxc|4|2024-03-13
Kafi Ziegelstei|Koalacb|5|2021-10-11
Kafi Ziegelstei|tobiasvE6884NC|5|2024-05-14
Orsini Restaurant|Ashwagsm|3|2021-08-05
Gianni's Pizzeria|757kenr|5|2019-08-07
Gianni's Pizzeria|808melb|4|2017-01-17
Gianni's Pizzeria|55alir|5|2014-07-05
Gianni's Pizzeria|Inspire39176993841|4|2024-07-13
The Scotsman|Tadls|5|2023-07-10
The Scotsman|thisdrinkinglife|5|2022-06-09
Cafe Schneider|sgec1105|4|2016-05-29
Don Camillo|ytawk|5|2019-04-18
Don Camillo|DerMargash|5|2017-04-08
Don Camillo|KrishnaD345|5|2016-08-26
Don Camillo|Minic13|4|2016-05-18
Don Camillo|gimo2010|5|2016-01-16
Don Camillo|Staunender|4|2014-04-16
Don Camillo|Zonkeydonkey|4|2014-02-02
Don Camillo|NicoleI454|5|2013-10-03
Don Camillo|samsalabim|5|2013-08-15
Don Camillo|aco_Switzerland|1|2024-04-21
Don Camillo|Hanno2000|4|2023-12-16
Villa Strauli Bistro|Vacation31522188470|5|2023-08-26
Cafe Bar Alltag|777_Carla|4|2018-01-03
Cafe Bar Alltag|321claudiak|4|2017-10-11
Cafe Bar Alltag|nab88|4|2016-03-03
Cafe Bar Alltag|KajaK601|4|2013-11-29
Cafe Bar Alltag|Sune0709|2|2023-11-19
Pizzeria Pulcinella|not4alltheteainchina|3|2020-08-07
Pizzeria Pulcinella|anziskasB4968HQ|5|2023-08-08
Fondue Keller Winterthur|344jurajs|4|2018-11-28
Fondue Keller Winterthur|Anita_Carlo2|3|2024-02-15
asiaway Archhöfe|andreasgregro|4|2019-12-21
asiaway Archhöfe|aglan007|4|2019-02-07
asiaway Archhöfe|msmrs|4|2018-12-30
asiaway Archhöfe|Culture63373097509|5|2023-11-24
asiaway Archhöfe|ariffind2017|2|2021-11-06
asiaway Archhöfe|Z1822KNamandak|5|2021-10-10
asiaway Archhöfe|Apereei2|5|2019-12-27
asiaway Archhöfe|Einalef|5|2019-03-19
asiaway Archhöfe|Mattness7|2|2024-08-16
asiaway Archhöfe|Nomad63725791313|1|2024-07-23
asiaway Archhöfe|Nomad64902654053|5|2024-03-30
asiaway Archhöfe|Cruiser17912240719|5|2023-09-29
Zum Hinteren Hecht|binsU6043PL|5|2019-10-03
Zum Hinteren Hecht|chrisstubi|5|2019-10-02
Restaurant Technorama|massinator|4|2022-05-03
Restaurant Technorama|johndutl|3|2019-04-10
Restaurant Technorama|574pradeepk|3|2018-11-16
Restaurant Barnabas|joachimm725|5|2023-02-15
Restaurant Barnabas|777sameht|5|2022-07-12
Restaurant Barnabas|482claudiav|3|2019-10-09
Restaurant Barnabas|annagT7445DV|5|2019-09-12
Restaurant Barnabas|344jurajs|4|2019-07-12
Restaurant Barnabas|_laparoto|4|2018-02-11
Restaurant Barnabas|184Mosey|5|2017-07-19
Restaurant Barnabas|UlsanHappyMan|3|2017-07-09
Restaurant Barnabas|klausiv|5|2017-02-13
Restaurant Barnabas|sgec1105|4|2016-06-15
Restaurant Barnabas|meduc11|3|2014-07-07
Restaurant Barnabas|Jpt68|5|2014-07-05
Restaurant Barnabas|njac_13|5|2013-12-06
Restaurant Barnabas|454simonh|4|2013-09-04
Restaurant Barnabas|Morrovalle|3|2013-07-01
Restaurant Barnabas|Liz_D27|4|2013-04-12
Restaurant Barnabas|IngredientsTraveller|4|2012-12-11
Restaurant Barnabas|Mobile13601165774|5|2024-05-08
Restaurant Barnabas|swisseva|5|2024-05-07
Restaurant Barnabas|W7597Fink|3|2024-02-18
Restaurant Barnabas|Emi7411|5|2023-11-24
Saffron Restaurant|berrys555|5|2019-02-19
SuanLong|8911602|1|2023-12-21
Terracina|andreasgregro|4|2019-11-27
Terracina|184Mosey|5|2019-10-07
Terracina|507rupakc|5|2019-07-02
Terracina|Navigate711153|5|2024-03-09
Restaurant Neuburg|Guide19541707653|5|2024-06-05
Restaurant Neuburg|BeatriXyla|3|2015-04-26
