id,has_website,is_scraped,is_filtered
254290261,True,True,False
254737346,,False,False
301745879,,False,False
312660671,True,True,False
312660711,,False,False
325675536,,False,False
345534895,,False,False
377012181,,False,False
382377528,True,True,False
382377539,,False,False
382382202,,False,False
382382207,True,True,False
382382208,True,True,False
388141336,,False,False
388172757,True,True,False
403960871,True,True,False
406873220,True,True,False
410111695,,False,False
416643853,,False,False
416670199,,False,False
416670202,,False,False
416670218,,False,False
421759886,,False,False
441595075,True,True,False
461720951,,False,False
469945798,True,True,False
470207099,,False,False
472093687,,False,False
492222513,,False,False
528830793,True,True,False
528883055,True,True,False
552386168,True,True,False
552386169,True,False,False
577086064,True,True,False
577969804,,False,False
596124727,True,True,False
624514269,True,True,False
641114024,False,False,False
646931349,True,True,False
652667094,,False,False
653806867,True,False,False
683482691,True,True,False
717696169,,False,False
775767896,True,True,False
812539644,True,False,False
861015811,True,False,False
861826177,True,True,False
868396053,True,True,False
903718497,,False,False
904511072,,False,False
942676131,True,True,False
943119476,True,False,False
943501962,True,True,False
943502692,,False,False
993633345,,False,False
1033440912,,False,False
1036016532,,False,False
1050033307,True,False,False
1050033308,True,True,False
1072930547,True,True,False
1102278254,True,False,False
1106110089,True,True,False
1107350918,,False,False
1107499834,True,True,False
1107499837,True,True,False
1193074987,True,False,False
1281202472,,False,False
1284653821,True,False,False
1326821589,,False,False
1398307812,True,True,False
1398383598,True,True,False
1406302261,True,True,False
1413580452,,False,False
1428169489,True,True,False
1428171861,,False,False
1477601116,,False,False
1500284209,,False,False
1502682362,True,True,False
1535568442,,False,False
1573858071,True,False,False
1578327530,,False,False
1579286834,,False,False
1592779918,True,True,False
1597697704,True,True,False
1602217810,True,True,False
1670403483,True,True,False
1675729715,False,False,False
1675765999,,False,False
1675844156,True,True,False
1675844200,True,True,False
1676139672,,False,False
1676339785,True,True,False
1725529246,True,True,False
1755963364,True,True,False
1759992890,True,True,False
1835614770,,False,False
1836943252,True,False,False
1874530230,True,True,False
1927808841,True,True,False
1956505898,True,False,False
1975430135,True,True,False
2008338768,,False,False
2011330188,True,False,False
2018864180,True,True,False
2018864184,True,False,False
2134297254,True,True,False
2143055444,True,True,False
2177026031,,False,False
2235176291,True,True,False
2242832341,,False,False
2258190403,True,True,False
2294619850,,False,False
2320552218,True,True,False
2320552223,,False,False
2320552226,True,True,False
2320601315,,False,False
2407403775,False,False,False
2408003889,True,False,False
2417976765,True,True,False
2425876111,True,True,False
2582129173,True,True,False
2582129182,True,True,False
2592152235,,False,False
2609237141,True,True,False
2620400878,True,False,False
2631297451,,False,False
2638524962,True,True,False
2638525330,True,True,False
2689604220,True,False,False
2701190954,True,True,False
2712973076,,False,False
2736666825,True,True,False
2770621002,,False,False
2861888454,,False,False
2944784232,,False,False
2944785511,,False,False
2972070406,True,False,False
2983934911,,False,False
2993809855,,False,False
3054043134,,False,False
3177349361,True,False,False
3213263978,True,False,False
3235847356,True,True,False
3360148295,,False,False
3405168320,True,True,False
3405954357,True,True,False
3599071837,True,True,False
3662674261,True,True,False
3686734595,True,True,False
3686769933,,False,False
3689986518,True,True,False
3709397395,True,True,False
3740576873,True,True,False
3743824411,,False,False
3744337364,True,True,False
3778816425,True,True,False
3794315360,,False,False
3804685606,False,False,False
3809278284,,False,False
3856741161,,False,False
3856751758,True,True,False
3874335080,True,True,False
4095429529,,False,False
4095449072,,False,False
4192380884,,False,False
4194248060,,False,False
4206649989,,False,False
4225605533,True,False,False
4241162328,,False,False
4246751222,True,False,False
4315855604,,False,False
4316390054,,False,False
4316767627,True,True,False
4384165170,,False,False
4454878286,,False,False
4519067992,True,True,False
4532847300,True,False,False
4561938176,True,True,False
4563470413,True,True,False
4563507298,True,True,False
4567050970,,False,False
4640516853,True,True,False
4733682914,True,True,False
4750657825,,False,False
4810097078,True,False,False
4842216855,True,False,False
4881724933,,False,False
5001609203,,False,False
5034027921,,False,False
5302936724,,False,False
5311886434,,False,False
5341750822,True,False,False
5387441607,,False,False
5537804927,True,True,False
5589922009,,False,False
5674609421,True,True,False
5697414021,,False,False
5746432329,True,False,False
5770040253,True,True,False
6038877308,True,True,False
6038877311,,False,False
6289807851,True,False,False
6517632553,True,True,False
6517632554,,False,False
6535254404,True,True,False
6578324685,True,True,False
6760598702,True,False,False
6997531618,True,True,False
7010714469,True,True,False
7065844997,True,True,False
7328887125,True,True,False
7329135852,,False,False
7390911024,,False,False
7419088385,True,True,False
7468748394,,False,False
7498166355,,False,False
7515126764,True,True,False
7529117609,,False,False
7529117610,,False,False
7529117611,True,False,False
7644461082,True,True,False
7726910000,True,False,False
7858272553,,False,False
8009756895,,False,False
8077560458,,False,False
8094645480,True,False,False
8114246254,True,True,False
8294413647,True,False,False
8295997440,,False,False
8301144517,True,True,False
8625248905,True,True,False
8732119428,True,True,False
8900715694,True,False,False
8987968044,True,True,False
9101657572,,False,False
9346396670,,False,False
9404720288,True,True,False
9654418074,True,True,False
9751990815,,False,False
9790739372,True,True,False
9864637181,True,True,False
9871059421,True,True,False
9907217332,True,True,False
9920476207,,False,False
9942025625,True,True,False
9964787517,True,True,False
10068147627,True,False,False
10415983293,,False,False
10561890223,True,True,False
10571359625,True,False,False
10596444130,,False,False
10868980826,True,True,False
10934904851,True,True,False
10943875208,,False,False
11020405162,,False,False
11048165243,,False,False
11188882110,True,False,False
11346169274,,False,False
11357929220,,False,False
11402888786,True,True,False
11602249695,True,True,False
11726901052,,False,False
12025350172,True,True,False
12035568145,True,True,False
12090100400,True,True,False
12092972375,True,True,False
12093014711,,False,False
12107909377,,False,False
12120003941,True,True,False
12133462455,True,True,False
12141319185,,False,False
12197851909,True,True,False
12456923056,True,False,False
12509659401,,False,False
12546369847,,False,False
12622969913,True,True,False
12628550409,,False,False
12669601502,,False,False
12670790115,True,True,False
12916982515,,False,False
12922212543,True,False,False
323870215,,False,False
479243245,True,False,False
511166637,,False,False
617860715,True,True,False
681286429,,False,False
1320117990,True,False,False
2094890140,True,True,False
2413696601,,False,False
3174416686,True,True,False
3203961581,,False,False
4233155736,True,True,False
4241275552,,False,False
4288409100,True,True,False
4288421768,True,False,False
5730976721,True,True,False
5873817017,True,False,False
6744275183,True,True,False
9199311206,True,True,False
9364646672,True,True,False
9686722182,,False,False
9794325615,True,True,False
10056487365,,False,False
10223102431,True,False,False
10743463642,True,True,False
11771901769,,False,False
12150431698,True,True,False
12189244052,True,True,False
12878345437,,False,False
12878464871,True,False,False
290371557,True,True,False
440806559,True,True,False
681286403,,False,False
2465449197,True,True,False
4382964743,True,True,False
4756281123,,False,False
5020326916,True,False,False
6515397235,,False,False
275746990,True,True,False
325047338,True,False,False
364723248,True,True,False
373114872,,False,False
373116618,,False,False
373116620,,False,False
373119361,,False,False
475939026,,False,False
565516938,,False,False
574957473,,False,False
595572248,,False,False
614262871,True,True,False
614262875,True,False,False
639124026,,False,False
639124036,,False,False
648527635,True,True,False
769222556,,False,False
994965853,,False,False
1170699754,True,True,False
1170699831,True,True,False
1312970439,True,False,False
1312973255,True,True,False
1526278480,True,True,False
1618048044,True,True,False
1619733870,,False,False
1639959908,,False,False
1654390685,True,True,False
1667919914,True,True,False
2087692024,,False,False
2088366786,,False,False
2088366787,True,True,False
2088873600,,False,False
2089542751,,False,False
2131474651,,False,False
2419361919,True,True,False
2429003453,True,True,False
2456759420,True,True,False
2456759438,,False,False
2563387802,True,False,False
2577144468,,False,False
2609169270,,False,False
2624916252,True,True,False
2629487828,True,True,False
2735220824,False,False,False
2741556250,True,True,False
2857563684,,False,False
3421153609,,False,False
3631833001,True,False,False
3679166129,True,True,False
4058709881,,False,False
4625773355,True,False,False
4866703908,True,True,False
5218885277,True,True,False
5259976641,,False,False
5370187476,True,True,False
5370187486,True,True,False
5370187494,,False,False
5744122056,,False,False
6057706465,,False,False
6074557485,,False,False
6303792807,True,True,False
6404707319,True,True,False
6432961072,True,True,False
6476809870,,False,False
6765199916,,False,False
8238707929,True,False,False
8420852736,,False,False
8446939617,,False,False
8942631217,,False,False
9007091597,,False,False
9013910773,True,True,False
9013910774,True,False,False
9013910776,True,False,False
9504291474,True,True,False
9505264971,,False,False
9562305189,True,True,False
9575887530,True,True,False
11263972632,True,True,False
11517031635,,False,False
11572438896,True,True,False
11697669760,,False,False
11702093223,,False,False
11982901191,True,True,False
12203546281,True,True,False
12455651150,True,True,False
12475452387,,False,False
12533703461,True,True,False
12573777346,True,True,False
12613659274,True,True,False
12701609485,True,False,False
71525604,True,True,False
71525611,True,False,False
107678669,,False,False
122336670,False,True,False
254097107,True,True,False
262502093,True,True,False
290725197,True,True,False
292057785,True,True,False
457333463,True,True,False
457333518,True,True,False
585056537,,False,False
698555438,,False,False
702231310,True,True,False
774446310,,False,False
1255857521,True,True,False
1422964359,,False,False
1592876743,True,True,False
1598855455,,False,False
1611634279,True,True,False
1769276555,,False,False
1796023933,True,True,False
1810731427,True,True,False
2001289817,,False,False
2343796329,,False,False
2368364435,,False,False
2369538706,True,True,False
2376800603,True,True,False
2434405583,True,True,False
2434405622,,False,False
2573355484,,False,False
2578294254,True,True,False
2579603914,True,True,False
2616015642,,False,False
2663868078,False,False,False
2684267823,True,True,False
2840757806,True,True,False
2901279855,True,True,False
2901296695,,False,False
2901296696,,False,False
3077292533,True,True,False
3208777028,True,False,False
3208777648,,False,False
3224586205,,False,False
3226238689,,False,False
3237678599,,False,False
3392587471,True,True,False
3418151701,,False,False
3530571040,,False,False
3641307583,,False,False
3751874033,True,False,False
3758773688,True,True,False
3890667653,True,True,False
4031071830,,False,False
4031079476,,False,False
4031337376,True,False,False
4058010750,False,True,False
4121508291,,False,False
4166185589,,False,False
4273041689,True,True,False
4377355191,,False,False
4408538970,,False,False
4417769694,True,True,False
4540155697,,False,False
4554501146,True,True,False
4574006993,True,True,False
4595404674,True,True,False
4601259258,,False,False
4601267408,True,True,False
4701573904,True,True,False
4840045320,True,True,False
4917036030,True,False,False
4945175252,True,False,False
4975887622,True,True,False
5009932363,,False,False
5016417015,True,True,False
5085889851,,False,False
5092178833,True,True,False
5130231631,,False,False
5130247921,True,True,False
5137057421,True,True,False
5157189624,True,False,False
5157189625,True,True,False
5278457922,True,True,False
5294134634,,False,False
5341699522,True,True,False
5364617921,True,False,False
5364628821,True,False,False
5364651421,True,True,False
5677223491,True,True,False
5689913622,True,True,False
5689913623,True,True,False
5690808949,,False,False
5718149115,True,True,False
5744194043,,False,False
5744197143,,False,False
5840997988,,False,False
5948052298,True,True,False
6015038275,True,True,False
6338447791,,False,False
6372129001,True,False,False
6372461431,,False,False
6372498649,True,True,False
6372499900,True,True,False
6388624275,True,True,False
6654642118,True,True,False
6780034746,,False,False
6780084788,True,False,False
6804080051,,False,False
7003029881,True,True,False
7178593691,True,True,False
7683239068,True,True,False
7747207685,True,False,False
7762245664,True,True,False
7809972322,True,True,False
8010710188,True,False,False
8036732978,True,True,False
8067914457,True,True,False
8151207329,,False,False
8311101717,,False,False
8500247484,True,True,False
8537314356,,False,False
9065952339,,False,False
9274893539,True,False,False
9350766921,True,True,False
9381403405,True,True,False
9514136696,True,True,False
9514136698,True,True,False
9529779003,True,True,False
9555618861,,False,False
9800319929,True,True,False
9832402717,True,True,False
9914824152,True,True,False
9997556528,,False,False
10031814189,,False,False
10140233773,True,True,False
10156961255,,False,False
10262933051,,False,False
10290989011,True,True,False
10581517303,,False,False
10581639707,True,True,False
10727873562,True,False,False
10791215705,True,True,False
11293701959,,False,False
11413486822,True,True,False
11503702070,,False,False
11920082769,,False,False
12000710869,True,True,False
12533458853,True,True,False
12718300663,,False,False
30859233,,False,False
33063987,True,True,False
33064271,True,True,False
101292376,True,True,False
101292381,True,True,False
253201074,True,True,False
264139177,,False,False
265618079,True,True,False
265627185,True,True,False
277020070,,False,False
278824654,True,False,False
279388840,True,True,False
279803128,,False,False
280130123,True,True,False
280528098,True,True,False
280528108,True,True,False
282117807,True,False,False
282772930,True,True,False
282774221,True,True,False
283213579,True,True,False
286879019,True,True,False
286879681,True,True,False
286879693,True,True,False
286879695,True,True,False
286879702,True,True,False
286879707,True,True,False
286879724,False,True,False
286879726,True,True,False
286879727,True,True,False
286879728,True,True,False
286879731,True,True,False
286879738,True,True,False
286879746,,False,False
286879756,False,True,False
286879773,,False,False
286879776,True,False,False
288961425,True,False,False
290099613,True,True,False
290798607,True,True,False
290798624,,False,False
291586179,True,True,False
302386906,True,True,False
305473588,,False,False
308922474,,False,False
314426268,True,True,False
315923037,True,True,False
318356591,,False,False
321461479,,False,False
321488213,,False,False
321805133,,False,False
364806042,True,True,False
364806868,,False,False
366579911,,False,False
366919554,True,True,False
369749509,,False,False
371692064,True,True,False
379712215,True,True,False
418403106,True,True,False
428548525,True,True,False
433462371,,False,False
438280379,True,True,False
438280382,True,True,False
440675806,True,False,False
440676009,True,True,False
440676260,,False,False
444434142,True,True,False
445018177,,False,False
447293342,True,True,False
448188883,True,True,False
448802163,True,True,False
450544536,True,True,False
450670955,True,False,False
469899871,,False,False
469899876,,False,False
470530780,,False,False
471592885,True,True,False
471592887,,False,False
479748176,True,True,False
481168412,True,True,False
481169013,,False,False
481175225,,False,False
489741752,True,True,False
507607982,True,False,False
514536836,True,True,False
521161221,True,True,False
537512696,,False,False
537955663,,False,False
540599716,True,True,False
547946831,True,True,False
549292896,True,True,False
550199534,,False,False
550305631,True,True,False
559767084,True,True,False
566388511,,False,False
583398360,,False,False
587665946,True,True,False
598242991,True,True,False
603026055,True,False,False
603760295,True,False,False
606970718,True,True,False
608475577,True,True,False
610380079,True,False,False
614862176,,False,False
616117476,,False,False
662751818,True,True,False
662759350,True,False,False
663576428,True,False,False
663576545,True,True,False
666998446,True,True,False
671654413,True,True,False
676805873,,False,False
677019401,True,True,False
679787446,False,False,False
687752023,,False,False
693408057,,False,False
693408074,,False,False
693658412,True,True,False
698977265,,False,False
713608390,True,True,False
717866254,True,True,False
718484447,,False,False
736217616,,False,False
738207062,True,True,False
745461263,True,True,False
746737843,True,True,False
761255425,True,False,False
761255427,True,True,False
761421648,,False,False
770057331,True,False,False
793571864,,False,False
810140884,,False,False
824801772,True,True,False
836516188,True,True,False
845978224,,False,False
859277463,,False,False
877245152,False,False,False
879369756,,False,False
885979320,True,True,False
886017811,,False,False
890980932,True,True,False
895438643,True,True,False
903411715,True,True,False
920130680,True,False,False
921188291,,False,False
921188295,True,True,False
965867260,True,True,False
985983295,,False,False
1027856341,,False,False
1066324526,True,True,False
1070822842,,False,False
1094749801,True,True,False
1094749821,,False,False
1105970317,True,True,False
1111714999,True,True,False
1120491295,,False,False
1141853564,,False,False
1161001372,True,True,False
1187465093,True,True,False
1197466712,,False,False
1228501903,,False,False
1229594472,,False,False
1255389949,,False,False
1257134829,,False,False
1265637098,True,True,False
1274323364,True,True,False
1278222632,True,True,False
1289493673,True,True,False
1336438220,False,False,False
1336722053,True,False,False
1337634616,True,False,False
1337680384,True,False,False
1351123642,True,True,False
1353091538,,False,False
1390081850,True,True,False
1426315505,True,True,False
1444811551,True,True,False
1452875551,,False,False
1465281035,True,False,False
1505749774,,False,False
1505749775,True,False,False
1521343643,,False,False
1529453780,,False,False
1556325173,,False,False
1589707931,True,True,False
1601611293,True,True,False
1608381933,True,True,False
1615754886,True,True,False
1617754527,,False,False
1620303300,True,True,False
1621590595,True,True,False
1621591133,,False,False
1634592903,,False,False
1635095740,True,True,False
1640973217,,False,False
1676893043,True,True,False
1690079407,True,True,False
1698400308,True,False,False
1725382447,True,True,False
1738559451,True,True,False
1739073746,,False,False
1743983162,True,True,False
1748809848,,False,False
1753828097,True,True,False
1767959522,,False,False
1767960410,,False,False
1770773316,,False,False
1794102442,True,True,False
1819875926,True,True,False
1826074066,,False,False
1826078325,True,True,False
1837951100,True,False,False
1853060089,True,True,False
1873470971,True,True,False
1882174870,,False,False
1894804942,,False,False
1910459879,,False,False
1912987005,True,True,False
1913238835,True,True,False
1942690768,True,False,False
1945975132,,False,False
1946749560,,False,False
1976327217,True,True,False
1978563229,True,True,False
2015238904,,False,False
2104234181,True,True,False
2129735407,,False,False
2143320639,True,True,False
2147999011,True,True,False
2153470055,True,False,False
2172194001,,False,False
2174053498,True,True,False
2174062851,True,True,False
2174067640,True,True,False
2208907675,True,True,False
2210018797,,False,False
2212126271,True,True,False
2212837861,,False,False
2226446859,,False,False
2285924101,,False,False
2289122190,True,True,False
2296117755,,False,False
2298231513,,False,False
2299421656,True,False,False
2301841101,,False,False
2304237774,True,True,False
2309821674,True,False,False
2317012955,,False,False
2336992357,True,False,False
2339306349,True,False,False
2349289306,True,False,False
2371979274,True,True,False
2398392026,,False,False
2400928897,,False,False
2400958501,,False,False
2402733914,True,False,False
2403628637,,False,False
2407106486,True,True,False
2413371252,,False,False
2433655016,True,True,False
2452257865,True,True,False
2452272082,,False,False
2502417798,True,True,False
2506811786,,False,False
2520331700,,False,False
2577907280,True,True,False
2582824137,True,True,False
2587771225,,False,False
2602230625,,False,False
2625179534,True,True,False
2629294825,True,False,False
2634533920,True,True,False
2641964838,,False,False
2659423785,,False,False
2663783263,True,False,False
2701305498,True,True,False
2703100187,True,True,False
2726886499,True,False,False
2748479278,,False,False
2752211663,,False,False
2789081393,,False,False
2874294501,True,True,False
2879972993,True,False,False
2890797998,True,True,False
2912013394,,False,False
2915897849,True,True,False
2927938429,True,False,False
2929645532,True,True,False
2952673743,,False,False
2965233895,True,False,False
2967531449,,False,False
2976324699,True,True,False
2978241674,,False,False
2983753082,,False,False
2987238077,True,True,False
2988406100,True,True,False
2989906851,,False,False
3025797721,True,True,False
3057750584,True,True,False
3065324623,True,True,False
3114399005,False,False,False
3114512907,,False,False
3116771047,,False,False
3210803838,True,True,False
3212152811,True,True,False
3217885285,True,True,False
3234537920,,False,False
3237957650,,False,False
3252766355,,False,False
3252791198,True,True,False
3254551905,True,True,False
3267356267,True,True,False
3267356269,True,True,False
3281111010,True,False,False
3282017406,True,True,False
3283703322,,False,False
3340011693,True,False,False
3355311163,,False,False
3374638716,True,True,False
3376705705,True,True,False
3465527201,True,False,False
3465954602,,False,False
3466020360,True,False,False
3497025589,,False,False
3547329759,True,True,False
3572859140,True,True,False
3580386938,,False,False
3625214583,True,True,False
3669869644,True,True,False
3688112118,True,False,False
3688863104,True,False,False
3688863106,True,True,False
3723515714,,False,False
3781985916,True,True,False
3786832957,True,True,False
3825133471,,False,False
3849596261,True,True,False
3904919515,True,False,False
3964778090,,False,False
4041652824,,False,False
4068042701,,False,False
4080137944,True,False,False
4114819293,,False,False
4150100090,True,False,False
4223832491,,False,False
4260328811,True,False,False
4275461315,True,False,False
4303626792,True,True,False
4315687292,True,True,False
4374453595,True,True,False
4389043192,True,True,False
4394507262,,False,False
4406483293,True,True,False
4420328787,,False,False
4420328796,,False,False
4421614890,,False,False
4448611036,True,True,False
4449652781,,False,False
4455388196,True,True,False
4461109489,True,True,False
4486659583,,False,False
4486707871,True,True,False
4498334121,False,False,False
4499050594,,False,False
4500580132,True,False,False
4507243877,True,True,False
4554264704,True,True,False
4584426462,,False,False
4585752820,,False,False
4688138991,True,True,False
4690478411,True,False,False
4691161348,,False,False
4749665860,,False,False
4809498355,,False,False
4825792165,True,True,False
4828657503,,False,False
4828657504,,False,False
4844179974,,False,False
4844179975,,False,False
4844210350,,False,False
4867276821,True,True,False
4879596721,,False,False
4975318390,,False,False
4985561623,True,True,False
5001114623,True,True,False
5073880176,,False,False
5080766221,True,True,False
5120680621,True,True,False
5135530278,,False,False
5137495924,True,True,False
5186077450,True,True,False
5215886713,,False,False
5244519216,,False,False
5290313121,,False,False
5302325321,True,True,False
5314753765,True,False,False
5314753773,,False,False
5314753778,,False,False
5344723125,,False,False
5349186290,,False,False
5353281904,,False,False
5418885005,,False,False
5439583438,,False,False
5439800380,,False,False
5439834513,,False,False
5440101529,,False,False
5501933657,,False,False
5582634922,True,True,False
5745397483,True,False,False
5757292364,,False,False
5764617974,True,True,False
5806877355,True,True,False
5921647691,True,True,False
5924055486,,False,False
5926757954,,False,False
5943030617,,False,False
5963911942,True,True,False
5986435759,,False,False
6109596985,True,False,False
6128875282,,False,False
6142423517,True,False,False
6151855257,,False,False
6195333578,True,True,False
6255804840,,False,False
6263379296,,False,False
6274100102,True,True,False
6277078905,,False,False
6300969286,True,True,False
6306547028,,False,False
6349130278,,False,False
6372735862,True,True,False
6387559831,,False,False
6387564854,True,True,False
6410448358,,False,False
6436640482,True,True,False
6448420112,True,True,False
6451331759,,False,False
6511805486,,False,False
6538097033,True,True,False
6546106475,True,True,False
6546106482,,False,False
6569408052,True,True,False
6577161685,True,True,False
6577373340,True,True,False
6577409173,,False,False
6645659122,True,True,False
6654362816,True,False,False
6699988258,,False,False
6705180228,,False,False
6723101959,True,True,False
6724004493,,False,False
6738066518,True,True,False
6742887340,True,True,False
6763360393,,False,False
6766535819,True,True,False
6772804935,True,False,False
6778990129,,False,False
6899653924,True,True,False
6911426536,True,False,False
6953288214,,False,False
6953288215,,False,False
6966328187,,False,False
7004299743,True,False,False
7056606108,True,True,False
7103171119,True,True,False
7112475113,True,True,False
7181833241,True,True,False
7183622958,True,True,False
7183706111,True,True,False
7188808790,True,True,False
7203033166,,False,False
7216847529,True,True,False
7278483007,True,True,False
7297194388,True,True,False
7366279118,True,False,False
7430883791,True,True,False
7516205148,,False,False
7545709020,True,True,False
7572333091,True,True,False
7595437443,True,True,False
7622607474,,False,False
7652443553,True,True,False
7700176185,,False,False
7741406485,,False,False
7744632005,True,True,False
7750226460,True,True,False
7765356215,True,True,False
7775621622,True,True,False
7794087041,True,False,False
7881035785,True,True,False
8009756270,,False,False
8145452717,True,False,False
8198477704,,False,False
8303363989,True,True,False
8303946461,True,True,False
8311810750,True,True,False
8415050156,,False,False
8617328963,,False,False
8630142505,True,True,False
8644920381,,False,False
8651603412,True,True,False
8662416317,True,True,False
8705314768,True,False,False
8705314772,,False,False
8825952950,,False,False
8848307463,True,True,False
8856473381,,False,False
8868814519,True,True,False
8941418004,True,True,False
8999253780,,False,False
9199466982,True,True,False
9356549832,True,True,False
9366102264,True,False,False
9378217416,True,True,False
9385952413,,False,False
9420281554,,False,False
9464255217,True,True,False
9482332062,True,True,False
9500506921,,False,False
9510671656,True,True,False
9516329598,,False,False
9516329599,,False,False
9543780251,True,True,False
9544250468,True,True,False
9544875047,True,True,False
9546667828,True,True,False
9546667829,True,True,False
9550812464,,False,False
9556545023,True,True,False
9611136917,,False,False
9624154418,True,True,False
9637507126,,False,False
9690398203,True,True,False
9695523362,True,True,False
9770632819,True,True,False
9873777996,True,True,False
9884774124,,False,False
9914269909,True,True,False
9993441722,True,True,False
10036136099,,False,False
10045681235,,False,False
10183012025,True,True,False
10282100471,True,False,False
10654567507,True,True,False
10656175457,True,False,False
10815664064,True,True,False
10859947531,True,True,False
10875486077,True,True,False
10911393688,,False,False
10914321091,,False,False
10946289898,True,True,False
11075668572,True,True,False
11075668575,True,True,False
11091077079,True,True,False
11091079631,,False,False
11137733515,True,False,False
11149838461,True,True,False
11186563045,,False,False
11249008637,,False,False
11255816886,,False,False
11482169658,True,False,False
11703444045,True,True,False
11769131136,,False,False
11780033201,True,False,False
11782849549,True,True,False
11825305175,,False,False
11829888333,True,True,False
11844620016,,False,False
11897158625,True,True,False
12015494018,,False,False
12039743944,True,True,False
12094739651,True,True,False
12132087930,,False,False
12151173280,True,False,False
12168076191,True,True,False
12241267601,True,True,False
12241534901,,False,False
12291682001,,False,False
12317801293,True,True,False
12378596289,,False,False
12529958677,,False,False
12559160130,True,False,False
12563569914,True,True,False
12600440831,True,False,False
12600784148,True,True,False
12600784149,True,True,False
12613351605,True,True,False
12613517381,True,True,False
12613556742,True,True,False
12613600101,True,True,False
12723063157,,False,False
12755512667,,False,False
12811865800,True,True,False
12839773432,,False,False
12851402301,True,True,False
12875153800,True,True,False
293379081,,False,False
296582365,,False,False
381712516,,False,False
493599694,True,True,False
516655328,,False,False
529675707,,False,False
550492788,,False,False
563262792,True,True,False
563286954,True,True,False
563286955,False,False,False
571613473,,False,False
613403047,True,True,False
616584510,,False,False
643877473,,False,False
645641934,True,True,False
767162813,True,True,False
773143509,True,True,False
789376841,True,False,False
861720578,,False,False
977406572,,False,False
988716374,True,True,False
1033230748,True,True,False
1311795604,True,True,False
1351136419,,False,False
1365685924,,False,False
1413518398,,False,False
1419909105,,False,False
1445580305,,False,False
1526547917,,False,False
1744162452,,False,False
1889979617,,False,False
1941501667,,False,False
2069912786,,False,False
2291603685,True,True,False
2291657886,True,True,False
2292064950,True,True,False
2338138994,,False,False
2342468041,True,False,False
2370918285,True,False,False
2371476484,,False,False
2371476986,,False,False
2459508684,,False,False
2499314062,,False,False
2518861132,True,True,False
2530618826,,False,False
2571052170,True,False,False
2653437571,True,False,False
3284697053,,False,False
3607798639,,False,False
3695813966,,False,False
3708163009,,False,False
3716603075,,False,False
3743259027,,False,False
3743259033,,False,False
3782309121,True,True,False
3927098664,True,True,False
4032360489,,False,False
4160817573,,False,False
4170102037,True,True,False
4205784646,True,True,False
4232261389,True,True,False
4325365491,True,True,False
4366987753,True,False,False
4416201794,,False,False
4449242558,,False,False
4705448069,,False,False
4782996293,,False,False
4783000163,True,True,False
5706095223,True,True,False
5764247455,True,False,False
5851132975,True,True,False
5852260453,,False,False
5911558673,,False,False
6070742044,,False,False
6169409886,,False,False
6324181691,,False,False
6443357186,,False,False
6461054587,,False,False
6486480344,True,True,False
7443294874,True,True,False
7501387098,True,False,False
7768939391,,False,False
7886916886,,False,False
8866572017,,False,False
9065279451,True,True,False
9216061663,,False,False
9272857981,,False,False
9809207418,,False,False
9816522861,True,True,False
9936066117,True,True,False
9997897959,True,True,False
10097247159,True,True,False
10221414303,,False,False
10296799348,True,True,False
10929111899,,False,False
10934897116,True,False,False
11044664406,True,True,False
11085084446,True,True,False
11242066593,True,True,False
11386412508,,False,False
12165018644,True,True,False
12241937974,True,True,False
12842240843,,False,False
460448894,True,True,False
528517477,,False,False
617612329,True,False,False
617612331,,False,False
629039199,True,False,False
656492497,True,True,False
707091080,,False,False
725251865,,False,False
840604891,True,True,False
855322927,,False,False
870487407,True,False,False
870490712,,False,False
897047042,,False,False
897047059,True,True,False
897590854,,False,False
929127624,True,True,False
966027829,True,True,False
1078650659,,False,False
1168522655,,False,False
1170039629,,False,False
1286683101,,False,False
1286683110,,False,False
1431923453,,False,False
1457759826,,False,False
1457836088,True,False,False
1494691565,,False,False
1520133503,True,True,False
1520142588,True,False,False
1528796172,True,True,False
1634633918,,False,False
1635105464,,False,False
1641072910,,False,False
1642189130,True,True,False
1707498873,,False,False
1712594805,,False,False
1723638568,,False,False
1747520640,,False,False
1770808534,,False,False
1770873447,True,False,False
1770928526,,False,False
1794159970,,False,False
1802010731,,False,False
1804876720,True,True,False
1807261252,,False,False
1816288702,True,True,False
1819025247,,False,False
1852217619,,False,False
1865400122,,False,False
1866369361,True,True,False
1871628926,,False,False
1871628927,,False,False
1871628929,,False,False
1874485627,True,False,False
1924313288,,False,False
1927574909,True,True,False
1927574938,,False,False
1929157265,True,True,False
1936597001,,False,False
1982012173,,False,False
2009749211,True,False,False
2019971434,,False,False
2050875955,True,True,False
2068621849,,False,False
2080614846,,False,False
2080614955,,False,False
2082550220,,False,False
2099432663,,False,False
2101429180,True,True,False
2110709924,,False,False
2111992894,True,True,False
2117800738,,False,False
2120962502,,False,False
2129447300,,False,False
2129892554,,False,False
2157985921,True,True,False
2164356574,,False,False
2166870345,True,True,False
2169156789,,False,False
2169156852,True,True,False
2175850014,,False,False
2177666214,,False,False
2188913090,,False,False
2188913108,True,False,False
2188913109,True,True,False
2217025871,,False,False
2222337640,,False,False
2240237219,,False,False
2240237220,,False,False
2252735378,,False,False
2254302337,,False,False
2254302475,True,True,False
2266023814,,False,False
2266023820,,False,False
2267667811,,False,False
2281428751,,False,False
2283383110,,False,False
2284327867,True,True,False
2289018442,,False,False
2301041611,True,True,False
2301041876,True,True,False
2315757261,,False,False
2315757265,True,False,False
2316484676,,False,False
2333046146,,False,False
2333792117,True,True,False
2339882915,,False,False
2395622180,True,True,False
2395622181,True,True,False
2399301849,,False,False
2451555419,True,True,False
2451555420,True,True,False
2560689464,True,True,False
2723376922,True,True,False
2821041286,True,False,False
2906256593,,False,False
2906256594,True,False,False
2920360131,,False,False
2946124133,,False,False
2990144241,True,True,False
2990171263,True,True,False
2990174854,True,True,False
2995687571,True,False,False
2995687573,True,False,False
3169035968,,False,False
3189884954,True,False,False
3332101322,True,True,False
3484646899,True,True,False
3607802258,,False,False
3607848198,,False,False
3668847873,True,False,False
3669276964,,False,False
3671301859,True,True,False
3686566235,,False,False
3689174770,,False,False
3745401925,True,False,False
3790084778,True,True,False
3861535537,,False,False
3878104064,True,True,False
3879774705,,False,False
3895657957,,False,False
3898098632,True,True,False
4034865681,True,False,False
4037851198,,False,False
4060382400,True,True,False
4068947619,,False,False
4069953373,,False,False
4069953512,,False,False
4069953542,,False,False
4158402493,True,True,False
4158456675,True,True,False
4158463277,,False,False
4159224189,,False,False
4159503210,,False,False
4193565798,,False,False
4202452844,True,True,False
4224270321,,False,False
4230162615,True,True,False
4239450977,,False,False
4244817369,,False,False
4263413589,,False,False
4292392388,True,True,False
4313748865,True,True,False
4346039505,True,True,False
4347397255,,False,False
4347401915,,False,False
4358633889,,False,False
4376797980,,False,False
4395019378,True,True,False
4395030621,,False,False
4405330892,True,True,False
4489306991,,False,False
4557751791,,False,False
4564678336,True,True,False
4575798591,True,True,False
4604999227,,False,False
4614611589,True,True,False
4648201791,,False,False
4648271289,,False,False
4693388189,True,True,False
4757672060,True,True,False
4792118723,,False,False
4825677959,,False,False
4836229125,True,True,False
4853752387,,False,False
4867619628,,False,False
4909422924,,False,False
4958511521,,False,False
5180942221,True,True,False
5208357874,,False,False
5322474322,,False,False
5556230122,True,True,False
5629425523,,False,False
5677301621,True,True,False
5686676021,True,False,False
5692933842,True,True,False
5855729485,,False,False
5867880886,,False,False
5975837966,,False,False
6002040485,True,True,False
6015705837,,False,False
6015710229,,False,False
6110978085,,False,False
6198319673,True,True,False
6198461085,True,False,False
6199656088,True,False,False
6199656200,,False,False
6253608564,True,False,False
6381857787,,False,False
6402506385,True,True,False
6454568385,,False,False
6455674386,,False,False
6466560487,,False,False
6475660589,True,True,False
6496991316,,False,False
6505403386,,False,False
6576684085,,False,False
6666112096,,False,False
6700683057,True,False,False
6763578985,,False,False
6765622873,,False,False
6776925741,,False,False
6807566628,,False,False
7036751585,,False,False
7106691585,,False,False
7127711286,,False,False
7272030317,,False,False
7566287725,True,True,False
7594768030,True,True,False
7623227789,True,True,False
7701641276,True,True,False
7728005090,True,True,False
7856552887,True,True,False
7902666718,,False,False
8004184885,True,False,False
8004975785,,False,False
8018105094,True,True,False
8411322878,,False,False
8818544417,True,True,False
8832811814,True,True,False
8879788317,True,True,False
8933749261,True,False,False
8987593637,True,True,False
9022803703,True,True,False
9026461109,,False,False
9035793917,,False,False
9056608308,True,True,False
9081744917,True,True,False
9178343419,True,True,False
9323143119,,False,False
9407085678,,False,False
9456587509,True,True,False
9497385132,True,True,False
9503639018,,False,False
9519266228,True,True,False
9522586377,True,True,False
9522633538,True,True,False
9536477862,True,True,False
9545978088,True,True,False
9553937570,True,True,False
9570418234,True,True,False
9630663747,,False,False
9641483417,,False,False
9642082657,,False,False
9646400817,True,True,False
9659821202,,False,False
9671451981,True,True,False
9726387880,True,True,False
9737699117,True,True,False
9740782317,,False,False
9794997267,,False,False
9795125793,,False,False
9795125795,,False,False
9862219966,,False,False
9862863747,,False,False
9873325252,True,True,False
9896160722,,False,False
9971737741,,False,False
10079250380,True,True,False
10137413607,True,True,False
10293578378,,False,False
10564958422,True,True,False
10731546410,True,False,False
10771918705,True,True,False
10782517705,,False,False
10880597537,,False,False
10899475436,True,True,False
10919465365,True,True,False
10920275106,,False,False
11033132166,,False,False
11065676605,True,True,False
11090331271,,False,False
11092055005,,False,False
11103304405,True,True,False
11112423776,,False,False
11219789407,True,True,False
11307898065,,False,False
11359222932,True,True,False
11359230958,True,False,False
11359250492,True,True,False
11375865769,,False,False
11380016670,True,True,False
11428554781,True,True,False
11470986569,True,True,False
11478997469,,False,False
11581675269,,False,False
11605683002,True,True,False
11753284669,,False,False
11755331872,True,True,False
11770661837,,False,False
11770685262,,False,False
11832613269,True,True,False
11844261158,True,True,False
11870983887,True,True,False
11906773372,True,True,False
11968293930,True,True,False
12021850286,,False,False
12033295736,,False,False
12033297218,,False,False
12033320917,True,True,False
12033320922,,False,False
12033320923,,False,False
12064408070,,False,False
12113091502,,False,False
12122943866,False,False,False
12217008231,True,True,False
12231812803,,False,False
12233160712,True,True,False
12235995164,,False,False
12236022440,,False,False
12237207500,,False,False
12270643341,,False,False
12288343939,,False,False
12366035890,,False,False
12386579501,True,True,False
12452501330,True,True,False
12471445601,True,True,False
12486558887,True,True,False
12506704868,True,True,False
12520529163,,False,False
12520546982,,False,False
12534144201,,False,False
12535671764,True,True,False
12546426016,,False,False
12549557901,True,True,False
12564962287,True,True,False
12612384001,True,False,False
12613306208,True,False,False
12613307725,True,True,False
12613490462,True,True,False
12613503589,True,False,False
12613639398,True,True,False
12613946188,,False,False
12682198208,True,True,False
12710085903,True,True,False
12785373159,,False,False
12886558301,True,True,False
12888775282,True,True,False
12922818601,True,True,False
12939781403,,False,False
54754465,True,True,False
303756701,True,True,False
421907998,True,True,False
441647047,,False,False
665543072,,False,False
665543084,,False,False
775540523,True,True,False
1218757821,True,False,False
1361427585,,False,False
1634543175,,False,False
1634543384,,False,False
1709242622,,False,False
1783966916,True,False,False
1783966920,,False,False
1783966921,True,False,False
1783966922,,False,False
1783966940,True,True,False
1796010104,,False,False
1796010112,True,True,False
1796010151,True,False,False
1796737798,True,False,False
2440890606,,False,False
3276316340,,False,False
3277490444,,False,False
3277518653,,False,False
3294358231,True,False,False
3294393570,,False,False
4333988891,True,True,False
4335988790,,False,False
4513408589,True,True,False
4514046489,True,True,False
4614782090,,False,False
5710564928,True,True,False
5722293839,True,False,False
6732375585,True,True,False
6732396685,True,True,False
6866394985,True,True,False
8143486541,True,False,False
8319324722,,False,False
8439332317,True,True,False
11165604406,,False,False
12084984869,,False,False
12569079834,True,True,False
12888776066,,False,False
246803578,True,True,False
248643751,True,True,False
253006309,,False,False
253006369,True,True,False
281398495,True,False,False
331333712,,False,False
339579669,True,True,False
344235139,,False,False
357443791,,False,False
440678557,,False,False
478473404,,False,False
502881204,True,True,False
502881206,,False,False
503501191,True,True,False
506052302,True,True,False
506064294,True,True,False
506466367,True,True,False
506478164,,False,False
528206654,True,True,False
669995183,True,True,False
829532830,,False,False
830513816,,False,False
861162265,,False,False
899489395,True,True,False
915922433,,False,False
919729719,True,True,False
928506721,True,False,False
1069270172,,False,False
1116081177,,False,False
1126920698,,False,False
1152444635,True,False,False
1152498337,,False,False
1195519377,True,False,False
1195519392,,False,False
1263586166,,False,False
1351448458,True,True,False
1374107462,,False,False
1392958398,,False,False
1426057721,,False,False
1432778223,True,True,False
1435799932,,False,False
1456255691,,False,False
1543103592,,False,False
1588289897,,False,False
1588444544,,False,False
1599162518,True,True,False
1615663062,True,False,False
1615663963,True,True,False
1634394677,,False,False
1651566159,,False,False
1651587667,True,False,False
1652089219,,False,False
1653314487,,False,False
1674790211,,False,False
1965104305,,False,False
1976934685,,False,False
2068523395,,False,False
2082396918,True,True,False
2089941505,True,True,False
2093604554,True,True,False
2121327761,,False,False
2206477926,,False,False
2214742445,,False,False
2215717580,,False,False
2215717583,,False,False
2218546309,True,False,False
2218609917,True,True,False
2243361399,True,False,False
2323278576,True,True,False
2349238565,True,False,False
2393669909,True,True,False
2407763132,,False,False
2460425569,True,True,False
2495273242,True,True,False
2500902097,True,True,False
2502017265,,False,False
2507487717,True,True,False
2606271249,True,True,False
2609817972,,False,False
2609817979,True,True,False
2609817990,,False,False
2621697610,True,True,False
2632495397,,False,False
2727461666,True,True,False
2909483520,,False,False
2971357826,,False,False
3008145262,,False,False
3008156865,True,True,False
3062858704,True,True,False
3198310468,True,True,False
3271402208,True,True,False
3287588701,,False,False
3366586962,True,True,False
3366587161,True,True,False
3513960655,True,False,False
3670059135,,False,False
3675969219,True,False,False
3676006241,,False,False
3676136555,,False,False
3676232677,,False,False
3705064296,True,True,False
3710800598,,False,False
3807404537,,False,False
3837262169,True,True,False
3990945432,True,True,False
3991004796,True,True,False
3993635260,True,True,False
3993635261,True,True,False
4000645219,True,False,False
4063266682,True,False,False
4081329202,True,True,False
4192449699,True,True,False
4255926865,True,True,False
4340898952,True,True,False
4341140658,True,True,False
4364969459,True,False,False
4366013860,,False,False
4394422030,True,True,False
4431053205,,False,False
4538085420,True,True,False
4558905995,,False,False
4573645756,,False,False
4582705189,,False,False
4597700705,True,True,False
4599603768,True,True,False
4665270453,True,True,False
4724407434,True,True,False
4728449467,True,False,False
4770877617,,False,False
4792207392,True,False,False
4794096355,,False,False
4864137821,True,True,False
4901119966,,False,False
4924976891,,False,False
5005745825,True,True,False
5032995955,True,True,False
5041206724,,False,False
5086584559,,False,False
5126066005,,False,False
5186168017,,False,False
5186368048,,False,False
5200990864,,False,False
5284912625,True,True,False
5302091972,,False,False
5324573075,True,False,False
5400928138,True,True,False
5420548393,True,True,False
5420548535,True,False,False
5423957421,,False,False
5623090240,,False,False
5691048921,True,True,False
5885320684,True,True,False
5981811503,True,True,False
5986733620,,False,False
6106925294,,False,False
6167203184,,False,False
6168829127,True,True,False
6168841600,True,True,False
6255655474,True,False,False
6288593353,,False,False
6291712586,True,True,False
6339180071,,False,False
6416517759,True,True,False
6431040387,,False,False
6433061286,True,True,False
6433096185,True,True,False
6587504476,,False,False
6649569549,,False,False
6791564156,True,True,False
6792802672,True,True,False
6807510917,True,True,False
6867847249,True,False,False
7156339718,True,True,False
7188098901,,False,False
7477995380,,False,False
7652455390,,False,False
7674370031,True,True,False
7810749636,True,True,False
7834578287,,False,False
7987943163,True,True,False
7994211696,True,True,False
8467216971,,False,False
8491638510,True,True,False
8518949694,True,True,False
8860032107,,False,False
8917016249,,False,False
9028115033,True,True,False
9084835926,,False,False
9175537635,True,False,False
9221868348,True,False,False
9356719950,True,True,False
9360645008,True,True,False
9455282214,True,True,False
9455282215,True,True,False
9459866036,True,True,False
9491592156,True,True,False
9508287462,,False,False
9600677417,True,True,False
9822736921,True,False,False
9876024894,,False,False
9922753922,,False,False
9938786332,,False,False
9972006338,,False,False
10103313517,True,True,False
10139477654,,False,False
10275946027,,False,False
10559629727,,False,False
10676851365,True,True,False
10676970809,,False,False
10736946968,True,True,False
10789134275,,False,False
10816715248,True,False,False
10977381806,True,True,False
11022901241,True,True,False
11055490484,True,True,False
11209824893,True,True,False
11463324074,True,False,False
11554396675,True,False,False
11602957969,True,True,False
11649887273,True,True,False
11716629919,True,True,False
11830174961,True,True,False
11888879386,True,True,False
12079198794,True,True,False
12109954672,True,False,False
12109968015,True,True,False
12126228739,True,True,False
12187781686,True,True,False
12198843955,True,True,False
12198854545,True,True,False
12218762170,True,True,False
12228288102,True,True,False
12329544628,True,True,False
12397386694,,False,False
12556313102,True,True,False
12563553757,True,True,False
12574590181,,False,False
12612365883,True,True,False
12613475833,True,True,False
12613582338,True,True,False
12613604591,True,True,False
12613605170,True,False,False
12651907377,True,False,False
12704417304,True,True,False
12886793462,True,True,False
12890492301,True,True,False
12901628291,True,True,False
12953745098,True,True,False
12957255214,,False,False
442439660,,False,False
897796186,,False,False
2260932309,,False,False
2260932316,,False,False
2291034819,,False,False
4195551902,,False,False
4195551904,,False,False
4195581798,,False,False
4211988196,,False,False
4368419814,,False,False
4368499997,,False,False
4368517195,True,True,False
4368517296,True,True,False
4973913996,True,True,False
5550667921,True,True,False
5912489624,True,True,False
6695579040,,False,False
7123021689,,False,False
7738082237,,False,False
7776631926,,False,False
8180604598,True,True,False
8454987570,,False,False
8777134622,True,True,False
8862898412,True,False,False
9421229440,True,False,False
12081650371,,False,False
12174799068,True,True,False
12803703913,True,True,False
12921633039,,False,False
251332428,True,False,False
310668273,True,True,False
420405200,,False,False
420405202,,False,False
506655895,True,True,False
506878642,True,False,False
506884229,,False,False
507040020,,False,False
507042120,True,True,False
540233238,,False,False
551693554,True,True,False
592228264,,False,False
620927313,,False,False
622289857,,False,False
644617980,,False,False
651966210,,False,False
673953861,True,True,False
702793562,,False,False
738805585,,False,False
951812551,,False,False
1069059482,,False,False
1094980846,,False,False
1094980862,,False,False
1094980872,,False,False
1094980896,,False,False
1094980915,True,True,False
1185286464,True,True,False
1211075427,True,True,False
1223459272,True,True,False
1256049130,,False,False
1291790574,,False,False
1292171079,True,False,False
1323307012,True,True,False
1327348697,True,True,False
1338286029,True,True,False
1350299844,True,True,False
1403827044,True,True,False
1403827283,,False,False
1423739997,,False,False
1423740034,True,True,False
1476489738,,False,False
1485039729,,False,False
1485039733,True,True,False
1504787042,True,True,False
1504787063,,False,False
1511949902,True,True,False
1511969327,True,True,False
1511969331,True,True,False
1553431863,,False,False
1553431866,,False,False
1553431874,,False,False
1573053738,,False,False
1573053816,True,True,False
1573053882,True,True,False
1573053912,,False,False
1573053917,,False,False
1573054312,True,True,False
1604641348,,False,False
1735767708,True,False,False
1735767750,,False,False
1811149663,True,True,False
1812114919,True,True,False
1814750677,True,True,False
1814750684,,False,False
1814750686,True,True,False
1821541393,True,True,False
1826353719,True,True,False
1867529530,,False,False
1918767372,,False,False
1931871411,True,True,False
1939576219,True,False,False
1939744082,,False,False
1939744089,True,True,False
1939744091,True,True,False
1939780067,True,True,False
1940591275,True,True,False
1948870044,True,True,False
1948870057,,False,False
1972369817,True,False,False
1984053338,,False,False
1984053438,,False,False
1984053494,True,False,False
1984058381,,False,False
1994227109,,False,False
2024586244,,False,False
2032646471,,False,False
2032851525,,False,False
2035289207,True,True,False
2035947478,True,True,False
2046177814,,False,False
2046220525,,False,False
2112611121,,False,False
2152485998,True,True,False
2295579979,,False,False
2296387980,True,True,False
2329326400,True,True,False
2329326409,,False,False
2353769575,True,False,False
2363140154,True,True,False
2454248125,,False,False
2511874384,,False,False
2522474468,,False,False
2522474585,True,True,False
2549927835,True,True,False
2558529782,True,True,False
2628752204,,False,False
2634189181,True,True,False
2641815753,,False,False
2688753957,,False,False
2694200039,True,False,False
2704107747,True,True,False
2704107793,,False,False
2710885478,,False,False
2774905464,,False,False
2781201637,True,True,False
2929624453,True,False,False
2946664402,True,True,False
2984634375,True,True,False
3039154099,True,True,False
3186125891,,False,False
3194481365,,False,False
3203082292,True,True,False
3228797167,True,True,False
3273346951,,False,False
3284340632,,False,False
3373309498,,False,False
3510740171,True,True,False
3545194707,,False,False
3673086990,True,False,False
3677901564,,False,False
3689049656,True,True,False
3699596682,,False,False
3745881362,True,True,False
3804157266,True,True,False
3871526196,True,True,False
3883437902,,False,False
3976421659,True,True,False
3981886474,True,True,False
4002168007,,False,False
4003553190,,False,False
4004257915,,False,False
4086647037,True,True,False
4120523387,True,True,False
4126260789,,False,False
4197079674,True,True,False
4200197285,True,True,False
4209113529,,False,False
4209149906,True,True,False
4209158695,True,True,False
4228812790,True,False,False
4278123391,True,True,False
4311615437,True,True,False
4337608590,,False,False
4394904442,,False,False
4564769489,,False,False
4741566574,True,True,False
4842509623,True,True,False
5173410618,,False,False
5468091528,,False,False
5637054222,,False,False
5651076321,True,True,False
5734472024,,False,False
5835820650,,False,False
5878025187,True,True,False
5912251485,True,True,False
5919284887,True,True,False
5981208785,,False,False
6010337887,True,True,False
6176510287,True,False,False
6205585186,True,False,False
6886585085,True,True,False
7023743259,,False,False
7157143197,,False,False
7252323402,,False,False
7395144123,,False,False
7490624548,True,True,False
7606484986,,False,False
7711394063,,False,False
7767820430,True,True,False
7787156800,,False,False
7856693585,,False,False
7935119891,,False,False
8041196919,True,True,False
8366377732,True,True,False
8366377733,True,True,False
8834352218,True,True,False
8985150318,True,True,False
9818586399,True,True,False
9998231839,True,True,False
10015624723,True,False,False
10028756221,,False,False
10108703235,True,True,False
10311200359,True,True,False
10578472604,True,True,False
10578490044,,False,False
10937078405,,False,False
10977331806,True,True,False
11062066037,True,True,False
11216036410,True,True,False
11305453463,True,True,False
11919608161,True,True,False
12001369178,True,False,False
12193139160,,False,False
12338043716,True,True,False
12451107514,True,True,False
12451107557,True,True,False
12612366638,True,True,False
12612987072,True,True,False
12613323188,True,True,False
12613394032,True,True,False
12613399119,True,True,False
12613448032,True,True,False
12613580891,True,True,False
12613667082,True,True,False
12673368901,,False,False
12719337269,,False,False
12726662872,True,True,False
12730404349,True,True,False
265444996,True,True,False
271082991,True,False,False
271134254,,False,False
271182472,True,True,False
271182494,True,True,False
275006783,True,True,False
296251735,True,False,False
306689491,,False,False
312574455,True,True,False
353154426,,False,False
360335526,,False,False
364140837,,False,False
366548465,,False,False
371199008,True,True,False
385419851,,False,False
415430769,,False,False
423244331,,False,False
492086964,,False,False
568242693,,False,False
571470033,True,True,False
571470039,,False,False
607974093,,False,False
613410753,,False,False
703389721,,False,False
751818390,,False,False
751818458,,False,False
760713578,True,True,False
920226374,,False,False
1030004214,True,True,False
1237728749,,False,False
1237728786,True,False,False
1323879070,,False,False
1350475308,,False,False
1760866991,True,False,False
1810075355,True,True,False
2121492885,,False,False
2122292657,,False,False
2312979715,,False,False
2452540187,True,True,False
3382899626,,False,False
3603507726,True,False,False
3603507728,True,True,False
3646324611,True,False,False
3648432650,True,False,False
3668151784,True,True,False
3777751805,,False,False
4377801426,,False,False
4922659443,,False,False
4922659444,,False,False
4926230020,,False,False
4972197708,True,True,False
6680552143,True,True,False
6996507905,True,True,False
7638645055,True,True,False
7639649685,,False,False
7640781985,True,False,False
7650619718,,False,False
7678491834,True,True,False
7679819098,,False,False
8016664550,True,True,False
8354636934,True,False,False
8793069763,True,True,False
8857947025,,False,False
8985498669,True,True,False
9954021531,True,True,False
10050817543,True,True,False
10073034231,True,True,False
10130934584,,False,False
10161143715,True,True,False
10292066218,,False,False
10314636962,,False,False
10735942066,,False,False
11369606996,True,True,False
11369606997,,False,False
11468954178,True,True,False
11582289569,True,True,False
11816919578,,False,False
11948235370,True,True,False
12197722861,,False,False
12236052401,True,True,False
12461101901,True,True,False
12804555001,,False,False
307728698,True,True,False
459828142,,False,False
496265996,True,True,False
973682856,True,False,False
1153530653,,False,False
1740069613,,False,False
1748455890,True,True,False
1815657470,True,True,False
1981721882,,False,False
2620877508,True,True,False
2718796866,,False,False
2992015518,True,True,False
4599060680,,False,False
4845245992,,False,False
5142689181,True,True,False
9586346976,,False,False
10185988520,True,True,False
11148902144,True,True,False
12439061347,True,True,False
281761658,True,True,False
669018221,,False,False
671166419,,False,False
713981281,,False,False
726582386,True,True,False
1108330532,True,True,False
1573395755,,False,False
1841860117,True,True,False
1982778359,,False,False
2467305993,True,True,False
3757906008,True,True,False
4254690818,,False,False
5008490129,,False,False
5008490132,,False,False
5008490133,,False,False
5008490149,,False,False
5227719148,True,True,False
5227727099,True,True,False
6175313242,True,True,False
6436889491,True,True,False
6920156252,True,True,False
8980217584,,False,False
9774629391,,False,False
11183717636,,False,False
12648006526,True,True,False
56877256,True,True,False
202180250,True,True,False
247696932,True,True,False
247696933,True,True,False
274768323,True,True,False
292418975,,False,False
299417626,True,True,False
800716748,,False,False
803015308,True,True,False
1452908116,,False,False
1452911271,,False,False
1452921616,,False,False
1714276612,False,False,False
1714276615,True,True,False
1714276621,,False,False
1714276638,True,False,False
1717939873,True,True,False
1717939875,True,True,False
1717939880,True,True,False
1717939885,True,True,False
1717939887,True,True,False
1919092765,True,True,False
2961456488,True,True,False
2975311598,True,False,False
3101310497,,False,False
3102498704,,False,False
3180398791,True,True,False
3200080286,True,True,False
3300805727,True,False,False
3395993049,True,True,False
3770409857,True,True,False
3802817951,True,True,False
7171510851,True,False,False
7949534258,False,False,False
7949539307,True,True,False
8403214481,,False,False
8621647085,True,False,False
8627051789,,False,False
8780636382,True,True,False
8780636385,True,True,False
9139651464,True,False,False
9277913515,True,True,False
10580082126,,False,False
11513939644,,False,False
12895591863,True,True,False
258875621,True,True,False
277300709,,False,False
286981468,,False,False
290777112,True,False,False
292606747,True,True,False
325160212,True,True,False
325160216,True,False,False
325160218,True,True,False
345567165,True,True,False
366968947,,False,False
367076926,True,True,False
373872382,True,True,False
373883275,,False,False
429286287,True,False,False
439985604,True,True,False
441574125,True,True,False
471508246,True,True,False
502290385,,False,False
529597333,True,True,False
534815598,True,True,False
559179870,,False,False
575672451,,False,False
618733505,True,True,False
679351064,,False,False
769381174,,False,False
800656722,,False,False
800657299,,False,False
800657766,,False,False
800658691,True,True,False
823581584,,False,False
823581716,True,True,False
841794768,True,False,False
847851110,True,False,False
847852455,,False,False
874400809,,False,False
915619551,,False,False
922996286,True,True,False
936343692,True,True,False
1027099886,True,True,False
1080951298,True,False,False
1277567020,True,True,False
1277577622,True,False,False
1277577625,True,False,False
1332545105,True,True,False
1363686703,,False,False
1411027511,,False,False
1411027523,,False,False
1411264321,,False,False
1411264393,,False,False
1425503299,True,False,False
1433944988,True,True,False
1461835283,,False,False
1485787563,True,True,False
1575815256,True,True,False
1749519293,True,True,False
1749519295,True,True,False
1749519297,True,True,False
1751724561,,False,False
1766175397,True,True,False
1766175415,,False,False
1814993715,True,True,False
2098533216,True,True,False
2110568220,,False,False
2110579276,,False,False
2118018218,True,False,False
2118018220,,False,False
2123559508,True,False,False
2138148766,True,True,False
2198052889,True,True,False
2287821097,True,False,False
2292191844,True,True,False
2341140247,,False,False
2533361690,,False,False
2686982697,,False,False
2960900816,True,True,False
3052449087,True,True,False
3150670329,,False,False
3452107697,,False,False
3612871573,,False,False
3794325550,,False,False
3940427659,True,True,False
4094095408,True,True,False
4229752334,True,True,False
4319193519,True,True,False
4360264263,True,True,False
4594020095,True,True,False
4598673382,True,True,False
4737778036,,False,False
5167459125,True,True,False
5194527403,True,True,False
5210551150,,False,False
5210551151,,False,False
5351376655,True,True,False
5351376656,,False,False
5914647100,True,True,False
6227149506,,False,False
6253517972,True,True,False
6491054730,,False,False
7031777061,True,True,False
7040748949,,False,False
7096245523,,False,False
7154203417,,False,False
7184323436,True,True,False
7463112246,,False,False
7465426740,True,False,False
7476393438,,False,False
7544453971,,False,False
8486095104,,False,False
8948259509,True,True,False
8948353823,,False,False
8975568312,True,False,False
8975568313,True,True,False
9050846771,True,False,False
9303710054,True,True,False
9303710083,True,True,False
9468926927,,False,False
9468926928,,False,False
9468926929,,False,False
9657145022,True,True,False
10099036725,True,True,False
10269750355,,False,False
10669161052,True,True,False
10706620662,,False,False
10859947568,True,True,False
10859998239,,False,False
11173641566,True,True,False
11297549856,,False,False
11927562889,True,True,False
11942648144,True,False,False
12103096719,,False,False
12512915964,True,True,False
301667716,,False,False
301668363,,False,False
360724273,,False,False
413427087,,False,False
413983784,,False,False
427275697,,False,False
430369512,True,True,False
458419620,,False,False
498131566,True,True,False
498141311,,False,False
672166069,,False,False
682276326,,False,False
696400194,,False,False
830585900,True,True,False
830588129,True,True,False
857742869,,False,False
878597498,True,True,False
878597546,,False,False
878597621,,False,False
878597693,True,True,False
878597733,True,True,False
878597740,True,True,False
879548685,True,True,False
939041596,,False,False
939041621,,False,False
939048288,,False,False
939048293,,False,False
939048298,True,True,False
939048299,,False,False
961764434,,False,False
1305574961,,False,False
1325230614,,False,False
1348523758,,False,False
1477744296,True,True,False
1581068399,True,False,False
1613228413,True,True,False
1613228686,,False,False
1684743260,True,True,False
1711923340,,False,False
1715927529,False,False,False
1769294232,,False,False
1831316797,,False,False
1984130412,True,True,False
2173326755,True,True,False
2175105225,,False,False
2204737308,,False,False
2267127122,,False,False
2371367675,,False,False
2411862641,,False,False
2538174981,,False,False
2851916088,,False,False
2870563301,,False,False
2875167762,,False,False
2875320103,,False,False
2992832602,,False,False
3157598252,,False,False
3157600118,True,True,False
3244692660,True,True,False
3294299952,,False,False
3401916229,,False,False
3805543775,,False,False
3864858718,,False,False
3900979253,,False,False
3999541458,,False,False
4081527208,True,True,False
4143642289,,False,False
4147259824,,False,False
4161285894,,False,False
4161741461,,False,False
4175457356,,False,False
4266842690,,False,False
4322755552,,False,False
4585590642,,False,False
4729367527,,False,False
4729368995,True,True,False
4729391560,,False,False
4792500425,True,False,False
4809922536,,False,False
4849814368,,False,False
4864008714,,False,False
4867033223,,False,False
4917722422,,False,False
4987092811,,False,False
5029537521,True,True,False
5197719003,,False,False
5247379017,,False,False
5300856521,True,False,False
5489182058,,False,False
5497027043,,False,False
5536087902,,False,False
5565301454,,False,False
5807563883,,False,False
5825449442,True,False,False
5827562627,,False,False
5827666868,True,True,False
5835266087,,False,False
5835266135,,False,False
5943228181,True,True,False
5991384143,True,True,False
6116346729,True,True,False
6116358674,True,True,False
6116364049,True,True,False
6357732232,,False,False
6718594553,,False,False
7483327241,,False,False
7501803785,True,False,False
7546196793,True,True,False
7932043946,,False,False
8044940040,,False,False
8531453055,,False,False
8710511160,,False,False
8710511164,,False,False
8710511183,,False,False
8710511186,,False,False
8930954151,,False,False
9229733423,True,True,False
9732563266,True,False,False
9820660959,True,True,False
10260757577,,False,False
10567704604,,False,False
10676648235,,False,False
10795036094,True,True,False
10946870459,True,True,False
10946909905,True,True,False
10947360045,True,True,False
11074240241,,False,False
11090397809,,False,False
11179626186,,False,False
11320383089,True,True,False
11408037327,,False,False
11663979101,True,True,False
11819599203,True,True,False
12100274282,True,True,False
12100354855,,False,False
12103066649,True,True,False
268321129,True,True,False
268321485,,False,False
296237935,True,True,False
319348396,True,True,False
346266766,,False,False
415447429,,False,False
416967489,,False,False
419163148,,False,False
419793501,,False,False
419793506,,False,False
440453745,True,True,False
445068515,True,True,False
445356205,True,True,False
445356456,,False,False
445375021,True,True,False
445376761,True,True,False
445480757,True,True,False
445780784,True,True,False
451782981,,False,False
461823907,True,True,False
461832152,,False,False
463177170,,False,False
477955409,True,True,False
497172526,True,True,False
513061067,,False,False
513061069,True,True,False
605080940,True,False,False
616127619,True,True,False
616127635,,False,False
625115954,True,True,False
630501127,,False,False
633355964,True,True,False
704467817,,False,False
704467877,,False,False
704467917,,False,False
732807260,True,True,False
743376746,True,True,False
752371760,True,True,False
769218871,,False,False
884300476,,False,False
884300486,True,True,False
892492382,,False,False
893066994,True,True,False
895596434,,False,False
904185699,,False,False
953792327,True,True,False
959680098,,False,False
970479767,,False,False
1091971331,True,False,False
1141848024,,False,False
1235210371,,False,False
1245464079,True,True,False
1275622085,,False,False
1310092023,,False,False
1328630899,,False,False
1328630916,,False,False
1328630959,,False,False
1328630994,,False,False
1328631023,,False,False
1328631069,,False,False
1328631139,,False,False
1354607258,,False,False
1354607260,True,True,False
1355269691,True,True,False
1355269696,True,True,False
1355269705,True,True,False
1355269787,True,True,False
1356639371,True,True,False
1369664259,,False,False
1369982004,,False,False
1384432646,,False,False
1386135175,,False,False
1565412028,,False,False
1613109379,,False,False
1639950890,True,False,False
1647465053,True,True,False
1660963218,,False,False
1735267592,True,True,False
1768117374,,False,False
1779716795,,False,False
1807877684,,False,False
1845257549,,False,False
1852891010,,False,False
1908921940,True,False,False
2027050415,True,True,False
2031074784,True,True,False
2054393397,True,True,False
2054453109,,False,False
2054453110,,False,False
2078549885,True,True,False
2093920800,,False,False
2134077438,True,True,False
2260257906,True,True,False
2291450866,,False,False
2320679964,,False,False
2341941194,True,True,False
2352285553,True,True,False
2393629816,True,True,False
2414277528,True,True,False
2423179198,,False,False
2547274823,,False,False
2552296132,True,True,False
2608579359,True,True,False
2628882743,True,True,False
2659175265,True,True,False
2674896759,True,True,False
2814861501,,False,False
2829787374,,False,False
2837722149,,False,False
2837722592,,False,False
3124088099,True,True,False
3124182769,,False,False
3166509667,True,True,False
3166509868,,False,False
3210802231,True,True,False
3300516026,,False,False
3340098227,,False,False
3346119610,,False,False
3347586797,,False,False
3359524271,True,True,False
3389157571,True,False,False
3406860928,,False,False
3406884266,True,True,False
3424879266,,False,False
3459785276,,False,False
3476849833,,False,False
3509611017,,False,False
3546389697,,False,False
3617241551,True,True,False
3656819523,,False,False
3718669625,True,True,False
3807281282,True,True,False
3855460826,True,True,False
3988243478,,False,False
4005781777,True,True,False
4011182457,True,True,False
4011182462,,False,False
4040329846,,False,False
4065683889,True,True,False
4092527005,,False,False
4092587390,,False,False
4092587406,,False,False
4092637290,True,True,False
4092637796,,False,False
4140842858,,False,False
4149531639,True,True,False
4149594097,,False,False
4241108508,True,True,False
4280204907,True,True,False
4329272597,,False,False
4347527399,,False,False
4348358606,True,False,False
4373027505,True,False,False
4394196412,,False,False
4438177514,,False,False
4438182311,,False,False
4438216407,,False,False
4484483310,True,True,False
4513408789,True,True,False
4577277790,,False,False
4596555009,True,True,False
4599546813,True,True,False
4616727334,,False,False
4682252138,True,True,False
4688930489,,False,False
4703399050,True,True,False
4720143598,,False,False
4729302092,,False,False
4773480629,True,True,False
4811892726,True,True,False
4817443030,True,True,False
4817497997,True,True,False
4863684828,,False,False
4863684830,True,False,False
4863689827,True,True,False
4945476936,True,True,False
4989942541,,False,False
4990553060,True,False,False
4993381221,True,True,False
5004442324,True,True,False
5033110623,True,True,False
5034139345,,False,False
5047581601,True,True,False
5047599769,,False,False
5089604805,,False,False
5305274056,,False,False
5332960397,True,True,False
5349739039,,False,False
5365678270,True,True,False
5451426114,True,True,False
5493974978,True,True,False
5659441850,True,True,False
5695930993,True,True,False
5751688448,,False,False
5813439253,True,True,False
5890401150,,False,False
5890401151,True,True,False
6019760513,True,True,False
6020811356,True,True,False
6035186686,,False,False
6085989385,,False,False
6164472833,,False,False
6166083936,,False,False
6204156622,True,True,False
6310949162,True,False,False
6491349785,True,True,False
6497908343,True,True,False
6520718675,True,True,False
6549591105,,False,False
6549591110,True,False,False
6566688409,,False,False
6843745592,True,False,False
6846203481,True,True,False
6865723575,,False,False
6875262109,,False,False
6919620521,,False,False
7156035769,True,False,False
7157254526,,False,False
7193109290,True,True,False
7242485553,True,True,False
7267389956,True,True,False
7503475161,,False,False
7503482930,,False,False
7770673145,True,True,False
8512033260,True,False,False
8562757394,True,True,False
8689971922,True,True,False
8866407576,True,True,False
8914126024,True,True,False
8948554873,True,True,False
9036236710,True,True,False
9228519198,True,False,False
9272841509,True,True,False
9394318505,,False,False
9565677349,,False,False
9653790444,True,True,False
9673909178,,False,False
9945628802,,False,False
9951264247,True,True,False
10091936998,,False,False
10091956259,True,True,False
10100514434,True,True,False
10607844225,True,True,False
10776081435,True,True,False
10805255679,,False,False
10982598202,,False,False
11153427965,True,True,False
11160283450,True,True,False
11164794305,,False,False
11182928292,,False,False
11684743776,True,True,False
11777835927,,False,False
11953476034,True,True,False
12079754576,True,True,False
12131122489,True,True,False
12265700201,True,True,False
12416454760,,False,False
12441565163,,False,False
12449415328,True,True,False
12613569103,True,True,False
12749332286,True,True,False
12814805946,True,True,False
12914897231,,False,False
251369014,True,True,False
251369015,True,False,False
251369019,,False,False
252912768,,False,False
252912825,True,True,False
267349350,True,True,False
276660375,True,True,False
289451521,True,True,False
292322726,,False,False
292327261,True,True,False
298915781,True,False,False
353671761,,False,False
422466280,,False,False
426784033,,False,False
427620804,,False,False
461753291,True,True,False
494981743,True,True,False
498740089,True,True,False
506264171,True,True,False
616347926,,False,False
618354424,True,True,False
729993504,,False,False
803004536,,False,False
838559182,,False,False
1014231758,True,True,False
1108400758,True,True,False
1135000712,,False,False
1416362764,True,False,False
1435352582,,False,False
1435465480,,False,False
1435670345,,False,False
1469177190,,False,False
1492836155,,False,False
1563533957,,False,False
1641555077,True,False,False
1647881797,True,True,False
1668439907,,False,False
1754681455,True,True,False
1843121747,,False,False
1894550569,,False,False
1997230018,,False,False
2035693261,,False,False
2268308245,,False,False
2366684290,,False,False
2366734527,True,False,False
2366810664,,False,False
2366815545,,False,False
2366974486,,False,False
2366982931,,False,False
2417371708,True,False,False
2639987735,True,True,False
2641375205,,False,False
2663295307,True,True,False
2681232695,True,True,False
2808612055,,False,False
2907715701,True,False,False
2928174283,True,True,False
2953196591,True,True,False
3012899115,True,True,False
3058060185,,False,False
3100698053,,False,False
3166577290,True,True,False
3181591811,True,False,False
3181627185,True,True,False
3181627186,,False,False
3316182538,True,False,False
3359035951,,False,False
3547897092,,False,False
3662213913,True,True,False
3663404426,True,True,False
3669867676,,False,False
3729000125,True,True,False
3729062828,True,False,False
3751609507,,False,False
3800706387,,False,False
3800722861,,False,False
3892994496,,False,False
4002694690,,False,False
4002694691,,False,False
4002694697,,False,False
4002694699,,False,False
4002694700,,False,False
4096738539,,False,False
4212076940,True,True,False
4212122766,True,True,False
4337100889,True,True,False
4338210189,True,True,False
4344245093,True,True,False
4347468689,,False,False
4353048189,True,True,False
4397901518,,False,False
4417866591,True,True,False
4792257414,,False,False
4798342613,True,False,False
4798342614,True,True,False
4798833589,True,True,False
4926449560,True,True,False
5069266050,,False,False
5092045223,True,True,False
5302149619,,False,False
5337161414,,False,False
5358511495,True,True,False
5579901522,,False,False
5859604916,True,True,False
5972847718,True,True,False
6152337996,,False,False
6336101285,,False,False
6462494675,True,True,False
7104575432,,False,False
7126251691,,False,False
7126251698,True,True,False
7198288363,,False,False
7379186911,True,True,False
7379186912,,False,False
7806266424,True,True,False
8012877728,True,True,False
8033484643,True,False,False
8171482013,,False,False
8448947493,True,True,False
8595790185,,False,False
8595791791,,False,False
8653191152,,False,False
9013467092,True,True,False
9070931950,True,True,False
9679510706,,False,False
9679538218,,False,False
9833793188,,False,False
10839482997,,False,False
11065047756,True,True,False
11266716597,True,True,False
11655919486,,False,False
11687486832,,False,False
12043674697,True,True,False
12085903624,True,True,False
12229714344,True,True,False
12531549017,True,True,False
12641553901,True,True,False
12944810001,True,False,False
310192109,False,False,False
326282572,False,False,False
326284203,,False,False
347848568,,False,False
366962445,True,True,False
367026771,,False,False
367036024,True,True,False
367036060,True,True,False
368197644,,False,False
372580178,,False,False
372760920,,False,False
373417055,True,True,False
415252042,,False,False
415253577,,False,False
415254524,True,True,False
415254864,,False,False
417005868,True,True,False
417128700,,False,False
417128702,,False,False
417175647,,False,False
434348273,,False,False
434348275,,False,False
434348279,,False,False
454099791,True,True,False
465687067,,False,False
482167032,True,True,False
483413988,,False,False
506185094,True,True,False
506185165,,False,False
520245515,,False,False
595033045,,False,False
661105436,True,True,False
664833749,True,False,False
664862345,True,True,False
664931813,,False,False
687866302,True,False,False
687866527,,False,False
687897531,True,True,False
687898318,,False,False
688953178,,False,False
691037506,,False,False
691565364,,False,False
715886453,True,True,False
721965372,,False,False
721965856,,False,False
738014940,,False,False
806388080,True,False,False
806437049,True,False,False
806437087,True,True,False
806437092,True,True,False
806437096,,False,False
821385144,,False,False
832079499,True,True,False
832079665,True,True,False
837273757,,False,False
860954276,,False,False
869973018,,False,False
879605901,,False,False
880836252,,False,False
885850187,True,True,False
939632967,True,True,False
984002812,,False,False
1008534560,,False,False
1181205792,True,True,False
1244413724,,False,False
1259192724,True,True,False
1262094487,,False,False
1267844474,,False,False
1284622227,,False,False
1323230754,,False,False
1327372525,,False,False
1371473058,True,True,False
1371473059,True,True,False
1422950816,,False,False
1422950817,,False,False
1422950832,,False,False
1422957051,,False,False
1422960297,,False,False
1433021177,,False,False
1433676870,True,True,False
1437419652,True,True,False
1437764751,,False,False
1516280690,True,True,False
1516283669,True,True,False
1516284750,True,True,False
1516287313,True,True,False
1540727103,True,True,False
1540727128,,False,False
1562945793,True,True,False
1653259272,,False,False
1696440584,,False,False
1727830709,,False,False
1739279723,True,True,False
1799471310,True,True,False
1875698663,,False,False
1896569234,,False,False
1930440158,True,True,False
1979290046,,False,False
2064656190,,False,False
2242212238,,False,False
2252844230,True,True,False
2254435266,True,True,False
2254698207,,False,False
2279256057,,False,False
2293990071,,False,False
2302149110,,False,False
2320981074,,False,False
2329864476,,False,False
2337638678,,False,False
2338271151,,False,False
2367645846,,False,False
2479326929,,False,False
2524038993,True,True,False
2537662394,,False,False
2618914666,True,False,False
2863106737,True,True,False
2873740901,True,True,False
2892194131,,False,False
2895132247,True,True,False
2925893293,,False,False
2978017045,False,False,False
2978017646,,False,False
2999633001,True,True,False
3008500869,,False,False
3008544881,,False,False
3017142600,,False,False
3020088835,,False,False
3020785753,True,True,False
3022897821,True,True,False
3022936458,True,False,False
3030232013,,False,False
3041823834,,False,False
3044024022,True,False,False
3046484859,True,True,False
3049274742,True,False,False
3049505692,True,True,False
3050568450,True,True,False
3050587429,,False,False
3053462681,True,True,False
3053462682,,False,False
3053943941,,False,False
3057786852,,False,False
3057786857,,False,False
3106072685,True,True,False
3137589863,,False,False
3197541806,,False,False
3239028214,,False,False
3239149699,True,True,False
3239149702,,False,False
3243137286,,False,False
3249411762,True,True,False
3249412175,,False,False
3249412176,True,True,False
3249499626,True,True,False
3253407693,True,True,False
3255525082,True,True,False
3256406528,True,True,False
3256443039,True,True,False
3264174783,,False,False
3279865546,,False,False
3279865555,,False,False
3279872663,,False,False
3279872665,True,True,False
3281627571,True,True,False
3293054568,True,True,False
3293420284,True,True,False
3294194954,,False,False
3296639652,,False,False
3302995837,,False,False
3303130294,True,True,False
3308007340,True,True,False
3309646664,,False,False
3321109679,,False,False
3337977464,True,False,False
3337977478,True,True,False
3337977479,,False,False
3351503551,True,True,False
3410471355,,False,False
3423171714,True,True,False
3450087982,True,False,False
3478122771,True,False,False
3508258228,,False,False
3524352038,True,True,False
3575546296,,False,False
3587466507,,False,False
3587469834,,False,False
3602967409,,False,False
3626234465,True,True,False
3652930250,,False,False
3656266440,,False,False
3656868596,,False,False
3656906490,,False,False
3657865626,,False,False
3657887546,True,False,False
3660304162,True,True,False
3660638934,,False,False
3668715248,,False,False
3676392793,,False,False
3688448893,True,True,False
3688452544,,False,False
3688454560,,False,False
3758966221,,False,False
3760356759,,False,False
3770251467,,False,False
3770251479,,False,False
3839933371,,False,False
3866800667,,False,False
3866800668,True,True,False
3869349163,,False,False
4068804792,True,True,False
4069534609,True,False,False
4070452067,True,True,False
4070515701,True,True,False
4095929635,,False,False
4095973581,True,True,False
4128570497,True,True,False
4128610390,True,True,False
4134065584,,False,False
4171214570,,False,False
4185856383,,False,False
4225655824,True,False,False
4239221342,,False,False
4242867095,,False,False
4244920094,True,True,False
4257873256,True,False,False
4269527202,True,True,False
4318284733,,False,False
4321692108,,False,False
4341029534,True,True,False
4376006795,,False,False
4401116389,True,True,False
4473002659,,False,False
4539975063,,False,False
4577939990,,False,False
4581779494,,False,False
4591086091,,False,False
4613221589,True,False,False
4650159890,,False,False
4694114384,,False,False
4728304830,,False,False
4741707329,True,True,False
4751711980,,False,False
4882826737,,False,False
5032078960,,False,False
5050540871,True,True,False
5277788701,True,True,False
5331957184,,False,False
5554105021,,False,False
5567074955,,False,False
5576763222,True,True,False
5593800680,,False,False
5675882721,True,False,False
5747651522,True,True,False
5834921401,,False,False
5835336601,,False,False
6173322868,True,True,False
6201080924,,False,False
6227647535,,False,False
6227647536,,False,False
6360969097,,False,False
6373165385,True,True,False
6432560831,True,True,False
6475009990,,False,False
6475027135,True,False,False
6683158214,,False,False
6796947687,,False,False
6903780585,,False,False
6903786959,True,True,False
6903790307,,False,False
6951685228,,False,False
7200783384,True,True,False
7788152368,True,False,False
7820970103,True,True,False
7904650084,,False,False
8305759385,,False,False
8416571428,True,True,False
8874310283,,False,False
8880027179,,False,False
8882012690,True,True,False
8883937050,,False,False
8892208217,True,True,False
8910404312,,False,False
8910404313,,False,False
9379081937,True,True,False
9812440060,,False,False
9889728349,True,False,False
9894634490,False,False,False
9894664589,True,True,False
9906441444,,False,False
10031286375,,False,False
10261258727,,False,False
10297112857,,False,False
10729688147,,False,False
10743229369,,False,False
10856630191,True,True,False
10887427388,True,False,False
10913860513,,False,False
10982819141,,False,False
12235896501,,False,False
12367136639,,False,False
12403491211,,False,False
12463977447,True,True,False
12595499445,True,True,False
12806438112,True,True,False
12809030139,,False,False
12809030140,True,True,False
12946276470,True,True,False
12946815413,,False,False
24977794,,False,False
283280945,True,True,False
294260609,True,True,False
294260803,True,False,False
414572686,,False,False
452940825,True,False,False
538128049,,False,False
610419113,,False,False
631879633,True,True,False
841956162,,False,False
1927890173,,False,False
2512557631,,False,False
3089298983,True,True,False
3791465100,True,True,False
4555851890,,False,False
5980972888,True,True,False
6186959209,,False,False
6449551090,True,False,False
6732104217,,False,False
7878846579,,False,False
7885845836,True,True,False
8296723194,True,True,False
8702497739,,False,False
9871642174,True,True,False
9947207808,True,True,False
10746280901,,False,False
12612368413,True,True,False
12613231025,True,True,False
12625594128,,False,False
291544603,,False,False
310532735,,False,False
316964157,,False,False
317472729,True,True,False
321877489,,False,False
325804849,,False,False
325988482,True,True,False
361168771,,False,False
370119463,,False,False
375675393,True,True,False
376659600,,False,False
376659617,,False,False
386899172,,False,False
428844930,True,True,False
429340379,,False,False
429340381,True,True,False
429340453,,False,False
469352657,,False,False
473691831,True,True,False
475944547,,False,False
475944552,,False,False
479246221,,False,False
480315172,True,False,False
485230338,,False,False
539726475,True,False,False
583205152,True,True,False
599349021,True,True,False
653135153,True,True,False
679216679,,False,False
680090196,,False,False
680090199,,False,False
708810400,,False,False
708810403,,False,False
708810406,,False,False
708810409,,False,False
708813434,True,True,False
708817151,,False,False
746707024,True,True,False
746707098,,False,False
746707104,,False,False
765574877,True,True,False
823094868,,False,False
829509679,,False,False
829514908,,False,False
831148017,,False,False
836697505,,False,False
838711303,,False,False
851495416,True,True,False
854529377,,False,False
859253316,,False,False
860219853,,False,False
860340078,,False,False
860695354,,False,False
861343535,,False,False
886099064,,False,False
891313116,,False,False
895661578,,False,False
895661625,,False,False
895661629,,False,False
904412939,,False,False
912318279,,False,False
977580973,,False,False
1075617147,,False,False
1103310035,True,False,False
1108147492,True,True,False
1111527529,,False,False
1113303606,,False,False
1122053057,True,True,False
1122053066,,False,False
1127979867,,False,False
1163215893,True,False,False
1163296925,True,True,False
1197343476,True,True,False
1205953057,,False,False
1259294050,,False,False
1306404465,True,True,False
1307046038,True,True,False
1389926299,,False,False
1401453800,,False,False
1415729875,,False,False
1426065669,,False,False
1480598098,,False,False
1483096185,True,True,False
1487881486,True,True,False
1544434061,,False,False
1658851263,,False,False
1658851322,,False,False
1658851325,,False,False
1658851395,,False,False
1671032814,True,True,False
1671032851,,False,False
1671032911,,False,False
1697747620,True,True,False
1742793288,True,True,False
1866061023,,False,False
1929501442,True,True,False
1975299684,,False,False
1976199291,True,True,False
1976199297,True,True,False
2089208173,,False,False
2089208189,,False,False
2138309867,True,True,False
2275477069,,False,False
2306191246,,False,False
2323060775,,False,False
2332290657,True,False,False
2367987874,,False,False
2375399226,True,True,False
2375425218,True,True,False
2405530013,True,True,False
2409677523,,False,False
2428512044,True,False,False
2476582408,,False,False
2494681326,True,False,False
2523265127,True,False,False
2523374439,True,False,False
2546691456,,False,False
2574806071,True,True,False
2700304618,,False,False
2820208447,,False,False
2848268961,,False,False
2862331001,True,True,False
2965137973,,False,False
2972981639,,False,False
2977447618,True,True,False
3097339591,,False,False
3098514357,,False,False
3100252009,True,True,False
3202234114,,False,False
3358483584,,False,False
3369861693,True,False,False
3372610193,True,False,False
3456886663,True,False,False
3507232083,True,True,False
3585627900,,False,False
3650869825,True,True,False
3656548983,,False,False
3707034503,,False,False
3726453925,True,False,False
3752045762,,False,False
3882472660,True,False,False
3884113761,,False,False
3930314051,True,True,False
3967729490,,False,False
3969244153,,False,False
3971913997,True,True,False
4007471083,,False,False
4014289786,,False,False
4058043493,,False,False
4058068493,True,True,False
4058068494,False,False,False
4134279900,,False,False
4165815183,,False,False
4264275491,True,True,False
4287448825,,False,False
4287483120,True,False,False
4335567289,True,True,False
4357767492,,False,False
4359719542,,False,False
4448409924,,False,False
4485742995,,False,False
4500305887,True,False,False
4500310866,,False,False
4500313453,True,True,False
4500324793,True,True,False
4705254232,,False,False
4836326131,True,True,False
4907309622,True,False,False
5028520722,,False,False
5049950921,True,False,False
5116817383,True,True,False
5151173729,,False,False
5171463136,True,True,False
5372408321,,False,False
5399626476,True,True,False
5462560825,True,True,False
5466573160,True,False,False
5466573161,True,False,False
5475488799,True,False,False
5477520049,True,True,False
5478204696,True,True,False
5478386793,True,True,False
5506735526,,False,False
5525720390,,False,False
5612210496,,False,False
5628575828,True,True,False
5747661582,True,True,False
5762227675,,False,False
6212388585,,False,False
6306631280,,False,False
6328861589,True,True,False
6434184800,True,True,False
6501208640,True,False,False
6726347196,,False,False
6744637516,,False,False
6807656894,,False,False
6916065077,,False,False
6920281757,True,False,False
7052550518,,False,False
7120188942,True,True,False
7187308346,,False,False
7187845521,True,True,False
7200772457,True,False,False
7313088045,,False,False
7661587176,,False,False
7695112031,True,True,False
7988087898,,False,False
8040785468,True,True,False
8043680537,,False,False
8079238366,,False,False
8270256707,,False,False
8294145084,True,False,False
8378854288,,False,False
8458310838,,False,False
8623336525,True,True,False
8684377585,,False,False
8811862448,,False,False
8874567362,,False,False
8878817221,True,True,False
9035487580,True,True,False
9045438789,True,False,False
9047447317,True,False,False
9079807313,,False,False
9104176627,True,True,False
9107506742,True,True,False
9116515873,,False,False
9118461951,True,True,False
9118529931,True,True,False
9119567334,True,True,False
9119598466,,False,False
9132358048,True,False,False
9190501764,True,True,False
9190501766,True,False,False
9235315076,,False,False
9272941757,True,True,False
9310952133,,False,False
9342794177,True,True,False
9344245501,,False,False
9344521444,,False,False
9401083516,True,True,False
9403526012,True,True,False
9428489218,,False,False
9428525517,True,False,False
9462473437,True,True,False
9504239589,,False,False
9520174017,,False,False
9534798904,True,True,False
9591775443,,False,False
9602756995,True,True,False
9605882307,,False,False
9612814117,True,True,False
9690376086,,False,False
9690376102,,False,False
9690376103,,False,False
9835372944,True,False,False
9862625477,,False,False
9936659072,,False,False
10020162040,,False,False
10020757568,True,False,False
10161880669,True,True,False
10198529837,,False,False
10310609837,True,True,False
10326160138,True,True,False
10560068316,True,False,False
10560068317,True,True,False
10634770942,True,False,False
10691229820,True,True,False
10760595165,,False,False
10884744179,True,True,False
10966045460,,False,False
11065490695,True,True,False
11093588684,True,False,False
11148876030,True,True,False
11463200327,,False,False
11525023270,,False,False
11884643969,,False,False
11944742382,,False,False
12022774299,True,True,False
12041587437,,False,False
12613593600,True,True,False
12613620848,True,True,False
12613667733,True,True,False
12703984112,True,True,False
12755472483,,False,False
12771826431,,False,False
12951226105,True,True,False
265064185,,False,False
290287670,,False,False
292179540,True,True,False
292181665,,False,False
292181666,True,True,False
292182324,,False,False
292183626,,False,False
297070214,,False,False
310387732,,False,False
310601691,True,True,False
333129707,,False,False
352804903,,False,False
402922574,,False,False
410725015,,False,False
411045848,,False,False
412815453,True,True,False
412817131,True,False,False
417747420,,False,False
417877586,True,True,False
417877588,,False,False
418361739,,False,False
419327483,True,False,False
419327521,True,False,False
420370213,,False,False
420370237,True,True,False
423801204,True,True,False
428004541,True,True,False
428244212,True,True,False
428479663,,False,False
428804039,True,True,False
428933778,,False,False
428965980,True,True,False
431210787,,False,False
441288618,True,True,False
447957194,True,True,False
447958008,True,False,False
457551755,,False,False
469734890,,False,False
469734891,True,True,False
476639875,,False,False
477535398,True,False,False
482724075,,False,False
495277849,True,True,False
495556619,True,False,False
497304844,True,True,False
599242379,True,True,False
599320201,,False,False
609128005,,False,False
617832677,,False,False
618650775,,False,False
618886594,,False,False
629119177,True,True,False
652559287,True,True,False
661252135,True,True,False
718707720,True,True,False
728370371,True,False,False
747008871,True,True,False
747697701,True,True,False
811598973,,False,False
828022789,,False,False
828159641,True,True,False
847533632,True,False,False
849897780,True,True,False
849910711,,False,False
864657270,,False,False
886598383,True,True,False
895287771,True,True,False
907186181,True,True,False
912526808,,False,False
915323212,True,True,False
918007183,True,True,False
918022476,True,True,False
918612290,True,True,False
919676194,,False,False
919690728,,False,False
927277949,True,True,False
936792978,True,True,False
949448238,,False,False
956119755,True,True,False
972119898,True,True,False
975898621,True,False,False
1013891711,,False,False
1025445796,,False,False
1041063963,,False,False
1061009918,True,True,False
1076819801,True,True,False
1082754805,True,True,False
1103558774,,False,False
1104546246,True,True,False
1105820425,True,True,False
1106875513,,False,False
1125363209,,False,False
1133646787,True,True,False
1150881793,,False,False
1150882026,True,False,False
1207861988,True,True,False
1207862096,True,True,False
1230801025,True,True,False
1235788304,True,True,False
1244874486,True,False,False
1261487839,,False,False
1263305516,True,True,False
1263690648,True,False,False
1274800335,,False,False
1275937401,True,True,False
1319939976,,False,False
1319951496,True,True,False
1350113411,,False,False
1374163195,,False,False
1380911865,,False,False
1388844696,True,True,False
1392885140,True,True,False
1392885143,True,True,False
1394778050,,False,False
1420750117,,False,False
1420759585,True,True,False
1420762787,,False,False
1420920378,,False,False
1423114737,True,True,False
1425180893,True,True,False
1425180905,True,True,False
1432508164,,False,False
1433812389,True,True,False
1433812390,True,True,False
1433812391,True,True,False
1454926721,True,True,False
1519377153,True,True,False
1539636449,True,True,False
1539645226,,False,False
1541546045,True,True,False
1552814775,True,True,False
1555717295,True,False,False
1555726142,True,True,False
1555766425,True,True,False
1555803732,,False,False
1594450071,True,False,False
1598585509,,False,False
1607570004,True,False,False
1623784717,True,True,False
1623824161,,False,False
1625568232,True,True,False
1635770331,True,True,False
1640336585,True,True,False
1642174194,True,True,False
1685638740,,False,False
1785692645,True,True,False
1792784668,True,True,False
1866355300,,False,False
1866367343,,False,False
1933683458,,False,False
1973834231,,False,False
1973868411,,False,False
1978513795,True,True,False
2108024585,True,True,False
2123872819,True,True,False
2135041417,,False,False
2167291594,,False,False
2167296689,True,True,False
2202351701,,False,False
2241361453,,False,False
2279538358,True,True,False
2326082263,True,True,False
2327805030,,False,False
2346531368,True,True,False
2377810785,,False,False
2441718839,True,False,False
2446720650,True,True,False
2455728727,,False,False
2472724085,True,False,False
2489174195,,False,False
2517152910,,False,False
2523496974,,False,False
2533642845,,False,False
2669865508,True,True,False
2684850687,,False,False
2698005868,True,False,False
2776732754,True,True,False
2844173147,True,True,False
2850354167,True,True,False
2850365213,True,True,False
2886713631,,False,False
2936334401,,False,False
2941611501,True,True,False
2941838101,True,True,False
2949382480,True,False,False
2961348214,True,True,False
2968187833,True,True,False
2977336940,,False,False
3003087489,True,True,False
3030092556,True,True,False
3063636756,True,True,False
3137095928,True,True,False
3152678361,True,True,False
3154382455,True,False,False
3233153499,True,True,False
3346641812,True,True,False
3347621374,True,True,False
3348431384,,False,False
3348469312,,False,False
3389304149,True,True,False
3390849438,True,True,False
3395984780,,False,False
3426925912,True,True,False
3525927400,True,True,False
3525927403,True,True,False
3530975492,True,True,False
3543243525,True,True,False
3581245793,True,True,False
3661620662,True,True,False
3662601825,True,False,False
3664389925,True,True,False
3668569678,True,True,False
3685424526,,False,False
3685428086,,False,False
3699775452,True,True,False
3710884641,,False,False
3718586295,True,True,False
3721634748,True,False,False
3785915946,True,True,False
3812606273,True,True,False
3814097040,,False,False
3871115489,,False,False
3888253448,,False,False
3956685676,True,True,False
3981564797,True,False,False
4037354303,True,True,False
4068290216,,False,False
4089070602,,False,False
4111179174,,False,False
4141751989,True,True,False
4166431921,,False,False
4241126394,True,False,False
4261011250,,False,False
4293099689,,False,False
4303132226,,False,False
4363290691,,False,False
4396368305,,False,False
4401137001,,False,False
4411834489,True,True,False
4559495011,True,True,False
4573206211,True,True,False
4634642464,True,False,False
4732220325,True,True,False
4743570059,True,False,False
4744536422,,False,False
4839798224,True,True,False
4861639006,True,True,False
4871242795,True,True,False
4881646326,True,False,False
4881696524,,False,False
4887192403,True,True,False
4904779116,True,True,False
4935349839,True,True,False
4971968420,,False,False
4978363850,,False,False
4988486324,True,False,False
4988568622,True,True,False
5034887462,,False,False
5051689525,True,True,False
5055938495,,False,False
5077723510,True,True,False
5077724337,,False,False
5077724338,,False,False
5111942888,,False,False
5161579822,,False,False
5186344683,True,False,False
5189149885,,False,False
5256731342,,False,False
5256731560,True,False,False
5256731646,True,True,False
5329035228,True,False,False
5351039643,,False,False
5458914501,True,True,False
5459371770,True,True,False
5461735348,,False,False
5461883376,,False,False
5516228975,True,True,False
5525705821,True,True,False
5538625907,True,True,False
5553154460,True,True,False
5574606169,True,True,False
5574658500,,False,False
5634478368,,False,False
5661487909,,False,False
5664696402,True,True,False
5664696403,True,True,False
5678906240,True,False,False
5681891827,True,True,False
5804319742,True,True,False
5812384666,,False,False
5827146723,,False,False
5844725908,,False,False
5862001885,,False,False
5867291462,True,False,False
5927704337,True,True,False
5949368586,,False,False
5989813709,,False,False
6056990756,True,True,False
6066686622,True,True,False
6105211685,True,True,False
6195576914,,False,False
6201442318,True,True,False
6218430950,,False,False
6237209886,,False,False
6268084186,True,True,False
6292731720,True,True,False
6338740848,,False,False
6395749294,,False,False
6411113727,True,True,False
6464693671,,False,False
6510015486,True,True,False
6535934516,,False,False
6535934517,,False,False
6609251388,True,True,False
6640587809,True,True,False
6687455186,True,True,False
6753971713,True,True,False
6790520362,,False,False
6798071141,,False,False
6834339386,True,False,False
6959611207,,False,False
6959946487,True,True,False
7091380485,True,False,False
7093130262,True,False,False
7095318323,True,True,False
7095359510,True,True,False
7104313044,True,True,False
7104582824,True,False,False
7184234298,True,True,False
7237123840,,False,False
7243678418,True,True,False
7252805305,True,True,False
7461720824,True,True,False
7477859735,True,True,False
7484480123,True,True,False
7484489789,True,True,False
7501688641,True,True,False
7549001085,,False,False
7602658789,True,False,False
7604712485,,False,False
7662412292,True,True,False
7740463253,,False,False
7769032129,,False,False
7816286644,,False,False
7849401068,True,False,False
7914061130,True,True,False
7914061131,True,True,False
7977425185,True,True,False
8095138755,True,True,False
8118211375,True,False,False
8131580931,True,True,False
8241503515,,False,False
8241637905,True,True,False
8252847729,True,True,False
8395261244,True,True,False
8431877828,,False,False
8497551219,True,True,False
8497551221,,False,False
8497558291,True,True,False
8539689237,True,True,False
8553100322,True,True,False
8562094903,True,True,False
8728823719,,False,False
8818374156,True,True,False
8851375026,True,False,False
8880782377,True,True,False
8901659235,,False,False
9024633157,True,True,False
9027126624,,False,False
9045124049,True,True,False
9126374080,,False,False
9160394444,,False,False
9170493573,True,True,False
9223280701,,False,False
9429170029,,False,False
9556596729,True,True,False
9578599765,,False,False
9610795517,True,True,False
9610795621,True,True,False
9610795817,True,True,False
9611153817,True,True,False
9628876021,True,True,False
9687476717,True,True,False
9757032939,True,True,False
9838532083,True,False,False
9858420906,,False,False
9936084726,True,True,False
9954734837,True,False,False
9961037888,True,True,False
9961037889,True,True,False
9967428811,,False,False
9979671326,,False,False
9979671327,True,True,False
10032129190,,False,False
10063916052,True,True,False
10067361654,True,True,False
10068109426,True,True,False
10082403116,,False,False
10090396613,True,True,False
10138296917,True,True,False
10200155988,True,False,False
10252971958,,False,False
10253062338,,False,False
10266299743,True,True,False
10302095676,True,False,False
10617723148,True,True,False
10682996783,,False,False
10686375195,True,True,False
10777654647,,False,False
10793211927,,False,False
10793483805,True,True,False
10926192112,True,True,False
11069996817,True,True,False
11091443259,True,True,False
11136690855,True,True,False
11137145605,True,True,False
11204940177,True,True,False
11228594378,,False,False
11307812670,True,False,False
11359189621,,False,False
11405108869,True,False,False
11432111355,True,True,False
11432134769,True,True,False
11502787133,True,True,False
11597487413,True,True,False
11622975292,,False,False
11659854172,,False,False
11755099240,True,False,False
11828683599,True,True,False
11876885456,True,False,False
11879287759,True,True,False
11888840000,,False,False
12009809969,True,True,False
12043920842,True,True,False
12057715069,,False,False
12075905487,,False,False
12304830666,True,True,False
12339382789,True,True,False
12340403474,,False,False
12540069311,,False,False
12592958382,True,True,False
12613411210,True,True,False
12613440657,True,True,False
12613556735,True,True,False
12613592220,True,True,False
12729415401,True,True,False
12783088062,True,True,False
12904039310,True,True,False
12905143901,True,True,False
12944962425,True,True,False
12950485830,False,False,False
254745858,True,True,False
256504242,True,True,False
270920381,True,True,False
318533765,,False,False
323254503,,False,False
417137209,,False,False
417162568,,False,False
472408069,True,False,False
472408081,True,True,False
531435935,True,True,False
534580457,True,True,False
559493455,True,False,False
565429909,,False,False
568289609,,False,False
615952952,True,True,False
649063277,True,True,False
1055146594,True,True,False
1059536550,True,True,False
1128098554,True,False,False
1464796558,True,True,False
1552739266,,False,False
1836907052,True,True,False
2046794844,,False,False
2046816568,True,True,False
2078756727,,False,False
2088674529,,False,False
2088674533,,False,False
2088679381,True,True,False
2088683778,True,False,False
2090726865,True,True,False
2734981806,,False,False
3690985127,True,True,False
3690989650,True,True,False
3691000029,True,True,False
3771717241,True,False,False
3847629058,,False,False
3847641397,,False,False
3865881976,True,True,False
3981900571,True,True,False
4482268089,True,True,False
4482709394,,False,False
4685099309,True,True,False
4759370578,,False,False
4796544568,True,True,False
4844109943,True,False,False
5103296771,,False,False
6801247421,True,True,False
7013717086,True,True,False
7112647887,,False,False
7169868179,,False,False
7363307362,True,True,False
7434461084,,False,False
8789523605,True,True,False
9451116517,True,True,False
9693172821,True,True,False
11219757103,,False,False
12540023438,True,True,False
12830086640,,False,False
12918213418,True,True,False
12942947149,True,True,False
75025846,True,True,False
104274210,True,True,False
104275299,,False,False
104276014,True,False,False
105443906,True,True,False
246253651,,False,False
251191973,True,False,False
252407018,,False,False
252407019,True,True,False
253207101,True,True,False
256437327,True,True,False
260130515,True,True,False
261651356,True,True,False
261914358,True,True,False
262594347,True,True,False
266630292,True,True,False
266630369,True,False,False
267879347,True,True,False
267879348,True,True,False
267879351,True,True,False
268467807,True,True,False
268468215,True,True,False
268469567,True,False,False
268470209,True,False,False
268471384,False,False,False
268473118,True,True,False
268564876,,False,False
268602798,False,False,False
268656386,True,True,False
269423294,,False,False
270692604,True,True,False
270793731,True,True,False
270794503,True,True,False
270796284,,False,False
270798749,True,True,False
270799836,True,True,False
270908998,True,True,False
270938093,True,True,False
270938320,False,False,False
271148947,True,True,False
271151271,True,True,False
271217159,True,True,False
271223885,True,True,False
271225677,True,True,False
271411935,True,True,False
275341574,True,True,False
277735330,,False,False
279180960,True,True,False
280783431,False,False,False
282655581,True,True,False
283458326,True,True,False
283458368,True,True,False
288340413,True,True,False
289669633,True,True,False
289669639,True,False,False
289669803,True,True,False
289669851,True,False,False
289958398,,False,False
291130137,True,False,False
299610695,True,True,False
300419657,True,False,False
300428220,True,True,False
301196925,True,True,False
301657450,True,True,False
304597368,True,True,False
305585256,True,True,False
305586626,True,True,False
305586751,True,False,False
305707741,,False,False
305712903,,False,False
306286865,True,True,False
307364547,True,False,False
307663831,True,True,False
307667723,True,True,False
307667861,True,False,False
307742573,True,True,False
310134149,True,True,False
310134171,,False,False
310139071,True,True,False
310139088,True,True,False
310300430,,False,False
310788549,,False,False
311130859,True,True,False
311180610,True,True,False
312130321,False,False,False
312137617,True,True,False
312530452,True,True,False
312592661,True,True,False
313026928,True,False,False
313212365,True,True,False
313367191,True,False,False
313367755,,False,False
313944175,,False,False
315863759,True,True,False
316831596,True,True,False
316839692,True,True,False
317024417,True,True,False
317283181,True,True,False
317436707,,False,False
317769155,True,True,False
317816283,True,True,False
318314808,,False,False
319291882,True,True,False
320199169,True,True,False
320909203,,False,False
321512252,,False,False
323724619,True,True,False
325788830,True,True,False
327453260,True,True,False
329094569,True,True,False
329412523,True,True,False
331184721,False,False,False
334300587,True,True,False
336522818,,False,False
336645283,True,True,False
341569815,True,True,False
343000691,True,True,False
343364120,True,True,False
345525376,True,True,False
345525759,,False,False
345525907,True,True,False
346301447,,False,False
352860114,,False,False
354073292,True,False,False
354494334,,False,False
354494335,True,True,False
354532238,True,False,False
354543026,True,True,False
355232208,,False,False
356318409,,False,False
357225677,,False,False
357225678,,False,False
357225679,True,True,False
357227348,True,True,False
357230774,,False,False
359683408,True,True,False
359683717,,False,False
359685942,True,True,False
359686638,True,True,False
359688178,True,True,False
359690395,True,True,False
359690871,True,True,False
359691092,True,True,False
359691412,False,False,False
359692293,True,True,False
359692440,True,True,False
359694751,True,True,False
359694784,True,True,False
359701183,,False,False
360330662,True,True,False
364541889,False,False,False
365838427,,False,False
366931645,True,True,False
366931814,,False,False
370043588,True,True,False
370531172,True,True,False
370839377,False,False,False
370840605,False,False,False
370841763,True,True,False
370844293,,False,False
370844602,True,False,False
375592606,True,True,False
378321240,,False,False
380488748,True,True,False
383890175,,False,False
383993916,True,True,False
385208811,True,True,False
388715265,,False,False
390465118,True,True,False
393431002,True,True,False
412728346,True,True,False
412729253,True,True,False
412760190,,False,False
413671446,True,True,False
419866110,True,False,False
420850746,True,True,False
427697689,True,False,False
428891163,,False,False
428903747,,False,False
428904008,True,True,False
428904017,True,True,False
428904032,True,True,False
429173306,,False,False
431034109,True,True,False
436656156,True,True,False
443063350,True,True,False
443097559,,False,False
443097804,,False,False
443097967,True,True,False
443405845,,False,False
445817755,True,True,False
446271745,,False,False
446784538,True,True,False
446784539,,False,False
446942691,True,True,False
465612622,True,True,False
469363100,True,False,False
469984925,,False,False
470220209,True,True,False
475991816,True,False,False
476506169,True,True,False
476981326,True,True,False
479896026,,False,False
479896030,True,True,False
480320546,True,True,False
480320548,True,True,False
481443889,,False,False
488483086,True,False,False
490045543,True,True,False
491106243,True,True,False
497273489,True,False,False
498891528,,False,False
500851716,True,True,False
504484427,True,True,False
519785446,,False,False
521916945,True,True,False
524694886,,False,False
546560827,True,True,False
548920489,,False,False
548920518,True,True,False
552929127,True,True,False
552932425,True,True,False
560156308,True,False,False
561524250,True,True,False
563992868,,False,False
564361383,True,True,False
564361441,,False,False
564888514,,False,False
564888543,,False,False
565278551,True,True,False
565524652,True,False,False
568706322,True,False,False
571614405,,False,False
571614406,,False,False
573390554,,False,False
582222469,True,True,False
582265531,True,True,False
593846241,True,True,False
594103804,,False,False
599959925,True,True,False
613673924,True,True,False
613703877,True,True,False
616450584,,False,False
625097037,True,False,False
625114177,,False,False
632149361,True,True,False
632545305,True,True,False
632553574,True,True,False
632562127,True,False,False
633584181,True,True,False
633584224,,False,False
637840703,True,True,False
638984360,True,True,False
638984434,True,False,False
639029708,True,True,False
648047492,,False,False
648918654,True,True,False
656327626,True,True,False
656628375,True,True,False
656646048,True,True,False
656654442,,False,False
659475608,,False,False
660560664,True,True,False
667008916,True,True,False
670971355,,False,False
677194766,,False,False
678823118,True,True,False
682404511,True,True,False
683388001,,False,False
687710751,True,False,False
697354947,True,True,False
698065979,,False,False
699587305,True,False,False
700172132,,False,False
700787608,True,True,False
703057906,,False,False
703215222,True,True,False
703215583,True,True,False
708332009,True,True,False
709022313,True,True,False
721046177,True,True,False
721046235,True,True,False
725764716,True,True,False
725764771,True,True,False
730654128,True,False,False
747113797,,False,False
767392968,True,False,False
803245834,True,True,False
803559532,True,True,False
807939596,True,True,False
808458835,,False,False
813914380,True,True,False
841975066,True,True,False
848938879,,False,False
849582952,,False,False
868038368,,False,False
890983520,True,True,False
895750299,True,True,False
895750430,,False,False
905404669,,False,False
907598510,False,False,False
914702966,True,True,False
914703029,,False,False
914703086,True,True,False
914703113,True,True,False
914703134,True,True,False
914703174,True,True,False
914812583,True,True,False
926667495,True,False,False
928025623,True,True,False
935144924,,False,False
944701045,True,True,False
954566332,,False,False
988651681,True,False,False
988652370,True,False,False
1016012577,True,True,False
1024029494,,False,False
1024090989,,False,False
1024107488,,False,False
1057633582,True,True,False
1073626966,True,True,False
1083769431,True,True,False
1091822960,True,True,False
1097023259,True,True,False
1100336140,,False,False
1115159233,,False,False
1137687375,True,True,False
1139366882,True,True,False
1143290252,,False,False
1177226628,True,False,False
1209078923,True,False,False
1232806323,True,False,False
1232806332,True,True,False
1235083774,True,True,False
1240180975,True,True,False
1240990708,True,True,False
1243596474,True,True,False
1247693516,,False,False
1253929883,,False,False
1262589164,,False,False
1305834207,True,True,False
1327595379,,False,False
1331310513,True,False,False
1346146716,True,True,False
1347451514,True,True,False
1348744083,True,True,False
1350937146,,False,False
1354802977,True,True,False
1358238518,True,True,False
1360231903,True,True,False
1360239838,,False,False
1360282538,,False,False
1360794125,True,True,False
1360959921,True,True,False
1363069723,True,True,False
1368304836,True,True,False
1370921174,True,True,False
1370921177,True,False,False
1372569844,True,True,False
1373309487,,False,False
1374903992,True,True,False
1374903993,True,True,False
1375339403,,False,False
1375347145,True,True,False
1377247221,True,True,False
1377247256,,False,False
1383580139,True,True,False
1388458426,True,True,False
1389689960,,False,False
1391767386,,False,False
1391767391,True,True,False
1393811819,True,True,False
1402835337,,False,False
1413703430,True,True,False
1426022949,True,True,False
1426169118,True,False,False
1434789864,True,True,False
1435780121,True,False,False
1442004393,True,True,False
1449013754,,False,False
1464394089,True,True,False
1464406486,True,True,False
1464406502,True,True,False
1472501632,True,True,False
1479407508,True,True,False
1488980360,True,True,False
1491966830,True,True,False
1491966834,True,True,False
1498899249,True,True,False
1507887475,True,True,False
1522767745,True,False,False
1525269373,,False,False
1525269376,True,True,False
1528043958,True,True,False
1535560721,True,True,False
1535560736,True,True,False
1536879747,True,True,False
1536879758,True,True,False
1569509638,True,True,False
1584593158,True,True,False
1588996926,True,True,False
1592426153,True,True,False
1597542228,True,True,False
1600176022,True,True,False
1609210834,True,True,False
1614877906,True,True,False
1625431887,True,False,False
1642131610,,False,False
1666425566,,False,False
1696054875,True,True,False
1701214527,True,True,False
1701559604,True,True,False
1707472224,True,False,False
1710154800,True,False,False
1710700206,True,True,False
1728311417,,False,False
1728953807,True,True,False
1729163231,,False,False
1733852561,True,False,False
1734681913,True,True,False
1742944787,True,True,False
1743220322,True,False,False
1768874528,True,True,False
1786098022,True,True,False
1786172520,True,True,False
1787134763,,False,False
1788438297,True,True,False
1788445434,True,True,False
1817263418,True,True,False
1817263466,True,True,False
1822590892,True,True,False
1828352894,,False,False
1828780522,True,True,False
1829912224,True,False,False
1837748756,True,True,False
1861539580,True,True,False
1864751576,True,True,False
1864890970,,False,False
1867263239,True,True,False
1888545640,True,True,False
1904401745,True,True,False
1906557572,True,True,False
1920641564,True,True,False
1924110438,True,True,False
1925327659,True,True,False
1958808378,True,False,False
1958820922,,False,False
1964156339,True,True,False
1968784702,,False,False
1975523704,True,False,False
1978573306,True,False,False
1978573308,True,True,False
1997625694,True,True,False
2008369716,,False,False
2018246102,True,True,False
2028882332,True,True,False
2030250511,,False,False
2037084628,True,True,False
2067243773,True,False,False
2067267511,True,False,False
2080866145,True,True,False
2096668071,,False,False
2139354073,True,True,False
2140368560,True,True,False
2148151654,,False,False
2148151655,,False,False
2172799512,True,True,False
2189328014,True,True,False
2214597372,True,True,False
2239042499,True,True,False
2281350139,True,True,False
2282422912,True,False,False
2289496800,,False,False
2289568166,True,True,False
2328554926,True,True,False
2334880544,True,True,False
2348674695,True,True,False
2353443986,True,False,False
2354635798,True,True,False
2366401882,True,False,False
2379814616,True,True,False
2392657620,True,True,False
2399627233,,False,False
2400191764,,False,False
2401617997,True,False,False
2402233532,True,True,False
2402241687,True,False,False
2408277225,True,False,False
2408277254,True,True,False
2408277255,True,True,False
2419302730,True,True,False
2424718821,,False,False
2424723261,True,True,False
2424724937,,False,False
2451608588,True,True,False
2456775289,True,True,False
2457539648,True,True,False
2463374628,True,True,False
2465121289,True,True,False
2466736061,True,False,False
2505707719,,False,False
2523233081,,False,False
2528352535,,False,False
2538129140,True,True,False
2540938577,,False,False
2563183148,True,True,False
2570468652,True,True,False
2599591050,True,True,False
2609631499,True,True,False
2632498556,True,False,False
2635576908,,False,False
2638258297,True,True,False
2638258298,,False,False
2641001204,True,True,False
2663342789,True,True,False
2674582306,,False,False
2697748607,True,False,False
2697748612,True,True,False
2710664809,True,True,False
2751719116,True,True,False
2755192865,,False,False
2755192867,,False,False
2755192870,,False,False
2795168761,True,False,False
2820385132,True,True,False
2828314614,True,True,False
2865824831,True,True,False
2888142445,True,True,False
2888142446,True,True,False
2888172595,False,False,False
2888173290,True,True,False
2889282784,True,True,False
2904476133,True,True,False
2904476136,,False,False
2904487294,True,True,False
2904973400,,False,False
2915847505,True,True,False
2924075536,True,True,False
2924593640,True,True,False
2928815602,,False,False
2930956203,True,True,False
2930956204,,False,False
2946665248,True,True,False
2953133723,,False,False
2957645174,True,True,False
2961284540,True,True,False
2967700598,,False,False
2975855240,True,True,False
2976466011,,False,False
2995552333,True,True,False
3013422856,True,True,False
3024205605,True,True,False
3067413013,True,True,False
3085757533,True,True,False
3103337030,True,False,False
3104818250,True,True,False
3110688142,True,True,False
3136184920,True,True,False
3163049362,True,True,False
3163049463,True,True,False
3168482027,True,True,False
3201253675,True,True,False
3203327408,True,True,False
3210925378,True,True,False
3268664483,True,True,False
3284823885,True,True,False
3284823890,True,True,False
3296339025,True,True,False
3303303323,True,True,False
3340139796,True,True,False
3344853709,True,True,False
3347837837,,False,False
3347841832,True,True,False
3381130329,True,True,False
3381293318,True,False,False
3389066203,,False,False
3393448593,True,True,False
3405121370,True,True,False
3461408030,,False,False
3479329968,True,True,False
3490934670,,False,False
3517157528,True,False,False
3525687791,True,True,False
3536033983,True,True,False
3556713581,,False,False
3556713584,,False,False
3558236013,True,True,False
3581352897,True,True,False
3595070782,True,True,False
3626070826,True,True,False
3629392855,True,True,False
3641579080,True,True,False
3641579081,,False,False
3645923201,True,True,False
3665775130,True,True,False
3666296073,True,False,False
3666370181,,False,False
3668690134,True,True,False
3689198434,True,True,False
3696058521,True,True,False
3714045461,True,True,False
3725379463,True,True,False
3725397475,True,True,False
3726058310,True,True,False
3727175264,,False,False
3729613512,True,True,False
3732510108,True,True,False
3732777839,True,True,False
3732794543,True,False,False
3751610983,True,True,False
3758846357,,False,False
3760354157,,False,False
3770491170,True,True,False
3775015869,True,True,False
3781981757,True,True,False
3784367094,,False,False
3786499606,,False,False
3806522222,True,True,False
3808539657,,False,False
3832738370,,False,False
3849125272,,False,False
3870061572,,False,False
3875945857,True,True,False
3890842190,True,False,False
3896278171,,False,False
3904527066,True,True,False
3905369957,True,True,False
3909362593,True,True,False
3925985449,True,False,False
3926121798,True,True,False
3932278823,True,True,False
3933932110,,False,False
3944913311,True,True,False
3946843415,True,True,False
3988308527,,False,False
4000751771,True,True,False
4011633093,True,True,False
4011633097,True,True,False
4031779422,True,True,False
4035680910,True,True,False
4041513842,True,False,False
4041513843,True,True,False
4053113589,,False,False
4053473354,,False,False
4053578223,True,True,False
4058088489,,False,False
4058461195,,False,False
4062900989,True,True,False
4081017595,True,True,False
4095987418,True,True,False
4095987419,True,True,False
4095987423,,False,False
4095987424,,False,False
4095987430,True,True,False
4095987434,True,True,False
4095987435,True,True,False
4095987437,True,True,False
4118881393,True,False,False
4127859153,,False,False
4133193463,,False,False
4142562218,True,True,False
4237489694,True,True,False
4237489695,,False,False
4244051791,True,True,False
4260117131,True,True,False
4272728394,True,True,False
4283611289,True,True,False
4299006562,,False,False
4299006565,True,False,False
4309713089,False,False,False
4319237892,True,True,False
4364350638,True,True,False
4370078092,True,True,False
4370078390,,False,False
4370078392,True,True,False
4370124990,True,False,False
4370339893,True,False,False
4370386489,True,True,False
4389521661,True,True,False
4424003112,,False,False
4424166786,True,True,False
4424600919,True,True,False
4424939159,True,True,False
4429458290,True,True,False
4429653851,True,True,False
4434577593,True,True,False
4443781227,True,True,False
4447297097,True,True,False
4456693170,,False,False
4468553191,True,True,False
4486137563,True,False,False
4492182084,,False,False
4512119699,True,True,False
4519542090,True,True,False
4523759544,True,True,False
4556230689,True,True,False
4599535995,True,False,False
4602150493,True,True,False
4602151694,True,False,False
4604638576,True,True,False
4605571617,True,True,False
4605576922,,False,False
4616270090,True,True,False
4655092589,,False,False
4695333652,,False,False
4732388222,True,True,False
4741027221,,False,False
4743004824,True,True,False
4755868122,True,True,False
4773455116,True,True,False
4783212821,,False,False
4815870121,True,True,False
4816412578,True,True,False
4817455055,True,True,False
4819437427,True,True,False
4820650062,,False,False
4827130172,True,True,False
4827130179,True,False,False
4827130180,True,False,False
4833061536,True,True,False
4833061567,True,True,False
4833061578,True,True,False
4833061581,False,False,False
4833061582,True,True,False
4836599821,True,False,False
4838594332,True,False,False
4841546234,,False,False
4845976785,,False,False
4860115709,True,False,False
4860224121,True,False,False
4864530744,True,True,False
4869996376,True,False,False
4872630925,True,True,False
4874369329,True,True,False
4879747524,,False,False
4879747594,,False,False
4885628316,,False,False
4885628318,,False,False
4891858483,True,True,False
4892030716,True,True,False
4892249174,True,True,False
4896763461,,False,False
4908968398,,False,False
4917184531,True,True,False
4920208514,True,True,False
4927011225,,False,False
4935627358,True,True,False
4935627376,True,False,False
4935627377,True,True,False
4935627381,True,True,False
4935627392,True,True,False
4940639847,True,True,False
4944286593,True,True,False
4947052968,True,True,False
4948524549,True,True,False
4956927757,,False,False
4958366044,True,True,False
4958366046,True,True,False
4958366047,True,False,False
4958366048,True,True,False
4958366053,,False,False
4958439555,True,False,False
4968281140,,False,False
4970272221,True,True,False
4970279222,True,False,False
5016528002,True,True,False
5041294434,,False,False
5044708589,,False,False
5044771882,,False,False
5051453804,,False,False
5055820080,,False,False
5060893679,,False,False
5078190898,,False,False
5086973225,True,True,False
5104944985,True,False,False
5107555229,True,True,False
5109555914,,False,False
5109555915,,False,False
5117218966,True,True,False
5134936743,True,True,False
5137182675,True,True,False
5143995624,True,True,False
5144542839,,False,False
5162609952,,False,False
5174239661,True,True,False
5188820684,True,True,False
5205863978,True,True,False
5219634725,,False,False
5263970061,,False,False
5267716256,True,True,False
5277869467,True,True,False
5280373588,True,True,False
5280388053,True,True,False
5282824978,True,False,False
5297796707,True,True,False
5301253159,True,True,False
5314501521,True,True,False
5320192449,True,True,False
5334026203,True,True,False
5341084407,True,True,False
5343112877,,False,False
5345378303,True,True,False
5370500827,,False,False
5377673114,,False,False
5378024770,True,True,False
5380764624,True,True,False
5392826084,True,True,False
5422953724,True,True,False
5435311170,True,True,False
5474050221,,False,False
5478178521,True,False,False
5479452522,True,True,False
5497101349,True,False,False
5497101350,True,True,False
5577702376,True,True,False
5578099801,,False,False
5584394319,True,True,False
5597060141,True,True,False
5631126821,True,True,False
5653321241,True,True,False
5670095833,True,True,False
5695470348,,False,False
5711550619,True,True,False
5715924417,True,False,False
5721083668,,False,False
5732101244,True,True,False
5732101245,True,True,False
5733725987,True,False,False
5733725988,True,False,False
5733725990,True,True,False
5741642320,True,False,False
5747716540,True,True,False
5758549607,True,True,False
5791885791,True,True,False
5791885839,True,False,False
5794461453,True,True,False
5803468781,,False,False
5803645581,True,True,False
5803645582,True,True,False
5827696023,True,True,False
5856744292,True,True,False
5859687885,True,False,False
5862022518,True,True,False
5888416187,True,True,False
5892893019,,False,False
5924367485,True,True,False
5938746755,,False,False
5940193689,True,False,False
5976303007,,False,False
5981244259,,False,False
6073712866,,False,False
6082078700,True,True,False
6104251261,,False,False
6134739569,True,True,False
6149630121,,False,False
6163714545,,False,False
6193192918,True,True,False
6214525777,True,True,False
6231046703,True,False,False
6313916525,,False,False
6337148508,True,True,False
6350641847,True,True,False
6350718195,True,True,False
6373040063,True,False,False
6391849511,,False,False
6443287222,,False,False
6483410885,True,True,False
6537567763,,False,False
6543303228,True,True,False
6543304881,True,False,False
6564908985,True,True,False
6585999455,True,True,False
6611831030,True,True,False
6662057268,True,True,False
6670364522,True,False,False
6670364524,True,True,False
6676069829,True,True,False
6680755287,True,False,False
6680755386,True,True,False
6700065229,True,True,False
6718332874,True,True,False
6718332876,,False,False
6749054500,False,False,False
6755163925,,False,False
6842658701,True,False,False
6898880067,True,False,False
6920012790,True,False,False
6928320701,True,True,False
6964857584,,False,False
6974632612,,False,False
6981561167,,False,False
7030925314,,False,False
7064621386,True,True,False
7091616935,True,True,False
7136096992,,False,False
7157977385,True,True,False
7161013407,True,True,False
7204648136,True,True,False
7204657040,True,True,False
7227601712,,False,False
7227601717,,False,False
7245143002,True,True,False
7312246385,True,True,False
7398627239,True,True,False
7405161665,True,True,False
7437151114,True,False,False
7454089586,True,False,False
7473206218,,False,False
7524628336,True,False,False
7530276499,True,False,False
7574831549,True,True,False
7614241198,True,True,False
7624048785,,False,False
7634206408,True,True,False
7679394379,True,True,False
7700425496,,False,False
7702613683,True,True,False
7762866457,True,True,False
7806434432,,False,False
7815132989,,False,False
7834780821,True,True,False
7845978713,True,False,False
7858249070,,False,False
7905699488,,False,False
7932162722,True,True,False
8010007851,True,True,False
8039079260,True,True,False
8043934154,True,True,False
8078513021,True,False,False
8124534023,True,True,False
8213190962,,False,False
8281766342,True,True,False
8296830778,True,True,False
8350056285,True,True,False
8445607350,,False,False
8508142028,,False,False
8569016570,True,True,False
8569175391,,False,False
8621173830,True,True,False
8643617160,True,True,False
8816562122,True,True,False
8829494592,,False,False
8887381496,,False,False
8889091021,True,True,False
8928205645,True,True,False
9014373982,True,True,False
9063937841,True,True,False
9150188717,,False,False
9201917991,True,True,False
9214554947,,False,False
9222230909,,False,False
9272768974,True,True,False
9272795173,,False,False
9274607018,,False,False
9277633394,True,True,False
9282711257,True,True,False
9285337510,,False,False
9444269689,,False,False
9444299448,,False,False
9444310847,,False,False
9452376224,,False,False
9530070363,True,True,False
9534307507,True,True,False
9569304584,True,True,False
9588472462,True,False,False
9624205240,True,False,False
9655661536,,False,False
9666097034,,False,False
9708663946,True,True,False
9724158654,True,True,False
9811058009,True,True,False
9866570362,,False,False
9870964145,,False,False
9871003608,True,True,False
9905448958,,False,False
9905764461,,False,False
9916802629,True,True,False
9937700319,True,True,False
9947929040,True,True,False
9966365389,,False,False
9995613567,True,True,False
10011247153,True,True,False
10050498068,True,False,False
10063683019,,False,False
10065072855,True,False,False
10082401517,,False,False
10082600663,True,True,False
10082609299,,False,False
10114281202,,False,False
10141144599,True,True,False
10141445815,,False,False
10152362370,True,True,False
10175586999,True,True,False
10225086905,True,True,False
10267138041,True,True,False
10310405298,True,True,False
10316359805,True,True,False
10539263125,True,True,False
10542536307,,False,False
10556448866,True,True,False
10563612524,,False,False
10567145949,,False,False
10614201722,,False,False
10647472305,True,False,False
10691973705,True,True,False
10721724386,True,True,False
10721724387,True,True,False
10777960125,True,True,False
10793793070,True,True,False
10795377100,True,True,False
10795377101,True,True,False
10797695922,,False,False
10818971061,True,True,False
10824562695,,False,False
10831702421,True,True,False
10860757271,True,True,False
10875722678,,False,False
10896827512,True,True,False
10908683869,True,True,False
10931576802,,False,False
10936311092,True,True,False
10967922622,True,True,False
10995816514,True,True,False
11012969530,,False,False
11017453428,True,True,False
11020946258,,False,False
11040062041,,False,False
11049225078,,False,False
11096719608,,False,False
11171545163,,False,False
11189979222,True,True,False
11211942437,True,True,False
11212318415,,False,False
11226561767,True,True,False
11227223686,,False,False
11228662428,True,True,False
11233267402,True,False,False
11233269884,True,True,False
11256884986,,False,False
11267278237,True,True,False
11278373439,,False,False
11281203298,,False,False
11352493775,True,True,False
11407933119,True,True,False
11408113758,,False,False
11443213244,,False,False
11459705241,True,True,False
11497255969,True,True,False
11498695212,,False,False
11500840027,True,True,False
11523655559,True,True,False
11656371290,True,True,False
11664936660,,False,False
11725796522,True,True,False
11727900312,True,True,False
11733263669,,False,False
11746067526,,False,False
11775729223,True,True,False
11780802149,,False,False
11814756313,True,True,False
11884209200,,False,False
11898887186,,False,False
11913979915,,False,False
11929283671,,False,False
11962921783,True,True,False
11962934368,True,True,False
11992812114,,False,False
12016504839,True,True,False
12037082848,True,True,False
12051469479,,False,False
12059128556,True,True,False
12068409452,True,True,False
12070021745,True,True,False
12070188866,True,True,False
12072254950,True,True,False
12072254951,True,True,False
12072254955,,False,False
12128125202,True,True,False
12161656718,,False,False
12163661493,True,True,False
12188275401,True,True,False
12238865580,True,True,False
12367240403,,False,False
12390093682,,False,False
12563439201,True,True,False
12583268649,True,True,False
12592994723,True,True,False
12610411181,,False,False
12612399099,True,True,False
12626440541,False,False,False
12745599701,True,True,False
12791001430,True,True,False
12818232615,True,True,False
12828206848,True,True,False
12848581600,True,True,False
12855214679,True,True,False
12862826891,,False,False
12874237766,,False,False
12892538311,True,True,False
